player,team,match_id,competition_id,minute,x,y,distance,angle_deg,shot_body_part,shot_type,shot_outcome,goal,statsbomb_xg,my_xg,my_psxg
Kevin De Bruyne,Belgium,8650,43,1,91.0,51.0,31.016124838541646,12.613908697039292,Right Foot,Open Play,Off T,0,0.020460658,0.013593456151081812,0.00014123466343803792
Thiago Emiliano da Silva,Brazil,8650,43,7,115.0,39.0,5.0990195135927845,70.99718790034676,Right Foot,Open Play,Post,0,0.27402094,0.5404170984131564,0.03033960166059569
Eden Hazard,Belgium,8650,43,7,106.0,31.0,16.64331697709324,21.244308351504404,Right Foot,Open Play,Blocked,0,0.06590014,0.08223952615625166,0.00017920556152956353
Nacer Chadli,Belgium,8650,43,7,92.0,29.0,30.083217912982647,12.946111027969465,Right Foot,Open Play,Off T,0,0.022908047,0.01523720274246082,0.00016078826570215747
José Paulo Bezzera Maciel Júnior,Brazil,8650,43,9,109.0,46.0,12.529964086141668,29.27965685780532,Right Foot,Open Play,Blocked,0,0.17421605,0.14964875262894523,0.0015009020288862475
José Paulo Bezzera Maciel Júnior,Brazil,8650,43,9,111.0,37.0,9.486832980505138,40.695623908897176,Right Foot,Open Play,Wayward,0,0.20371178,0.24950846001968854,0.22863468945555498
Marouane Fellaini-Bakkioui,Belgium,8650,43,12,98.0,38.0,22.090722034374522,18.742802726830092,Right Foot,Open Play,Blocked,0,0.078730114,0.04299878318268194,0.04458286967698382
Gabriel Fernando de Jesus,Brazil,8650,43,14,115.0,37.0,5.830951894845301,60.6221530947599,Left Foot,Open Play,Blocked,0,0.27625608,0.525524001473216,0.5730886310826382
Philippe Coutinho Correia,Brazil,8650,43,18,96.0,33.0,25.0,16.026420942143815,Right Foot,Open Play,Saved,0,0.06166237,0.019244673400404554,0.032936033760594056
Marcelo Vieira da Silva Júnior,Brazil,8650,43,25,99.0,18.0,30.4138126514911,9.571502377297813,Left Foot,Open Play,Saved,0,0.011753061,0.01785903476167415,0.04087136786376616
Fernando Luiz Roza,Brazil,8650,43,29,103.0,42.0,17.11724276862369,23.991807869918603,Right Foot,Open Play,Blocked,0,0.06566521,0.08330797626616278,0.21860287864691552
Neymar da Silva Santos Junior,Brazil,8650,43,29,96.0,20.0,31.240998703626616,10.342927701925763,Right Foot,Open Play,Blocked,0,0.009290484,0.01252810587327598,4.281719454834674e-06
Kevin De Bruyne,Belgium,8650,43,30,102.0,54.0,22.80350850198276,14.578756113805929,Right Foot,Open Play,Goal,1,0.036171924,0.03595446162401153,0.12071813877085745
Gabriel Fernando de Jesus,Brazil,8650,43,35,110.0,45.0,11.180339887498949,33.260392835092176,Head,Open Play,Off T,0,0.24829954,0.07676586952954309,0.000730599100730342
Philippe Coutinho Correia,Brazil,8650,43,36,98.0,21.0,29.068883707497267,10.95966155093565,Right Foot,Open Play,Saved,0,0.010265937,0.016279634268837457,0.03872952345311858
Kevin De Bruyne,Belgium,8650,43,40,99.0,20.0,29.0,10.522259283728081,Right Foot,Free Kick,Saved,0,0.013607446,0.0391960484059023,0.18040383734495055
Vincent Kompany,Belgium,8650,43,41,115.0,32.0,9.433981132056603,25.831568792012174,Right Foot,Open Play,Saved,0,0.05695575,0.18743468432285956,0.5972212225287584
Philippe Coutinho Correia,Brazil,8650,43,51,97.0,27.0,26.419689627245813,13.816181962235301,Right Foot,Open Play,Blocked,0,0.032326028,0.023552224018880873,5.171915245698467e-05
José Paulo Bezzera Maciel Júnior,Brazil,8650,43,54,117.0,51.0,11.40175425099138,10.66553815490682,Right Foot,Open Play,Saved,0,0.035845775,0.1117772162758076,0.252027449629061
Eden Hazard,Belgium,8650,43,61,108.0,27.0,17.69180601295413,16.34043093367809,Left Foot,Open Play,Off T,0,0.110522054,0.08534593593188426,0.0008070399220014696
Douglas Costa de Souza,Brazil,8650,43,61,112.0,58.0,19.697715603592208,8.884848972994517,Right Foot,Open Play,Saved,0,0.011885792,0.04422169239651531,0.057027365791109494
Philippe Coutinho Correia,Brazil,8650,43,63,98.0,36.0,22.360679774997898,18.311778441669244,Right Foot,Open Play,Blocked,0,0.041887954,0.04130772671270079,0.04295834204065663
Douglas Costa de Souza,Brazil,8650,43,69,91.0,58.0,34.132096331752024,10.444324972700125,Left Foot,Open Play,Blocked,0,0.0066976612,0.011962773188828152,6.007657320404297e-05
Douglas Costa de Souza,Brazil,8650,43,70,96.0,56.0,28.844410203711913,12.112474195709282,Left Foot,Open Play,Saved,0,0.02142523,0.02269109285036186,0.0431406540163113
Douglas Costa de Souza,Brazil,8650,43,74,110.0,58.0,20.591260281974,10.108144013032609,Right Foot,Open Play,Saved,0,0.014297066,0.04126088863797831,0.05905423583831855
Neymar da Silva Santos Junior,Brazil,8650,43,74,109.0,45.0,12.083045973594572,31.26694726260776,Right Foot,Open Play,Blocked,0,0.1545206,0.16298713525971445,0.2805739640430221
Renato Soares de Oliveira Augusto,Brazil,8650,43,75,111.0,42.0,9.219544457292887,42.615768593997174,Head,Open Play,Goal,1,0.22554597,0.11637119303208526,0.31000634148110207
Roberto Firmino Barbosa de Oliveira,Brazil,8650,43,77,111.0,30.0,13.45362404707371,21.45822334363892,Left Foot,Open Play,Off T,0,0.080149576,0.14736135618308885,0.013791632450843305
Renato Soares de Oliveira Augusto,Brazil,8650,43,80,102.0,42.0,18.110770276274835,22.724505268660117,Right Foot,Open Play,Off T,0,0.14648527,0.07280281964991704,0.000679229572237253
Philippe Coutinho Correia,Brazil,8650,43,83,107.0,33.0,14.7648230602334,24.9427916000817,Right Foot,Open Play,Off T,0,0.14369768,0.10877217667022704,0.002493100204144085
Philippe Coutinho Correia,Brazil,8650,43,91,96.0,37.0,24.186773244895647,17.08457144835793,Right Foot,Open Play,Blocked,0,0.047560986,0.03274688740056169,0.07046210351087981
Neymar da Silva Santos Junior,Brazil,8650,43,93,98.0,39.0,22.02271554554524,18.85363219683729,Right Foot,Open Play,Saved,0,0.047588326,0.04343743845186907,0.3186065800001436
Roberto Firmino Barbosa de Oliveira,Brazil,8650,43,93,115.0,42.0,5.385164807134504,66.90903753469897,Head,Open Play,Off T,0,0.2641403,0.19730071036327243,0.0020762671217713184
Shinji Kagawa,Japan,7584,43,0,98.0,47.0,23.08679276123039,17.21967728197626,Left Foot,Open Play,Off T,0,0.038844906,0.04872545082722975,0.0005121710439296384
Gen Shōji,Japan,7584,43,9,74.0,41.0,46.010868281309364,9.094082405708036,Right Foot,Open Play,Off T,0,0.0054525062,0.00223658922410924,8.485313783630613e-05
Axel Witsel,Belgium,7584,43,15,95.0,33.0,25.96150997149434,15.483744971964454,Left Foot,Open Play,Blocked,0,0.02329228,0.03401648813166812,0.0002416132798747507
Vincent Kompany,Belgium,7584,43,15,111.0,51.0,14.212670403551895,19.254439111516835,Head,Open Play,Wayward,0,0.038868416,0.02628771094642377,0.0001872868799818346
Romelu Lukaku Menama,Belgium,7584,43,16,105.0,40.0,15.0,27.424473717064068,Left Foot,Open Play,Blocked,0,0.068028904,0.1437486842431021,0.10465738912163706
Vincent Kompany,Belgium,7584,43,17,111.0,48.0,12.041594578792296,26.592141806196558,Other,Open Play,Wayward,0,0.062155474,0.057058016563316494,9.068819752946555e-05
Vincent Kompany,Belgium,7584,43,17,112.0,50.0,12.806248474865697,21.24773692030976,Right Foot,Open Play,Off T,0,0.09683723,0.08353423769615095,0.000536826251718654
Romelu Lukaku Menama,Belgium,7584,43,20,101.0,50.0,21.470910553583888,17.261106774339446,Right Foot,Open Play,Blocked,0,0.053347003,0.044436226579004756,6.616676034160947e-05
Romelu Lukaku Menama,Belgium,7584,43,24,114.0,41.0,6.082762530298219,61.74460200445838,Right Foot,Open Play,Wayward,0,0.29904982,0.3525297878386687,0.24570397624556112
Kevin De Bruyne,Belgium,7584,43,26,102.0,46.0,18.973665961010276,20.81406042737262,Right Foot,Open Play,Blocked,0,0.074351706,0.06346962622166905,0.04517718297584227
Eden Hazard,Belgium,7584,43,26,102.0,26.0,22.80350850198276,14.578756113805929,Left Foot,Open Play,Saved,0,0.038630188,0.03136362394545509,0.1204075172870539
Vincent Kompany,Belgium,7584,43,27,118.0,45.0,5.385164807134504,43.173634340906666,Right Foot,Open Play,Wayward,0,0.37606573,0.3620260538365104,0.5114065013059037
Takashi Inui,Japan,7584,43,30,110.0,45.0,11.180339887498949,33.260392835092176,Head,Open Play,Saved,0,0.09179325,0.05154481809584538,0.19407731352218693
Eden Hazard,Belgium,7584,43,35,103.0,33.0,18.384776310850235,20.974772794744432,Right Foot,Open Play,Blocked,0,0.15255512,0.06787903904756667,0.00045363429833511336
Axel Witsel,Belgium,7584,43,35,93.0,49.0,28.460498941515414,13.93390530400062,Right Foot,Open Play,Off T,0,0.02434906,0.01876252794620438,0.002779392392671401
Yuto Nagatomo,Japan,7584,43,43,109.0,24.0,19.4164878389476,12.486608669718098,Right Foot,Open Play,Blocked,0,0.0644201,0.04969628909632055,0.0003413177975123359
Genki Haraguchi,Japan,7584,43,47,109.0,54.0,17.804493814764857,14.853658981864523,Right Foot,Open Play,Goal,1,0.07330411,0.06262633414857059,0.2066866266198715
Eden Hazard,Belgium,7584,43,48,105.0,47.0,16.55294535724685,22.847067357976737,Right Foot,Open Play,Post,0,0.10597108,0.08613127802259153,0.0015651534246477064
Eden Hazard,Belgium,7584,43,48,110.0,41.0,10.04987562112089,39.88126915256882,Right Foot,Open Play,Wayward,0,0.09700912,0.23388837567701756,0.0003729521779854487
Takashi Inui,Japan,7584,43,51,94.0,33.0,26.92582403567252,14.973416436941688,Right Foot,Open Play,Goal,1,0.024892166,0.015077510639944123,0.08088627434291285
Yannick Ferreira Carrasco,Belgium,7584,43,56,102.0,26.0,22.80350850198276,14.578756113805929,Right Foot,Open Play,Off T,0,0.03521874,0.03595446162401153,0.002406283217802835
Gaku Shibasaki,Japan,7584,43,58,107.0,49.0,15.811388300841896,21.909514130132212,Head,Open Play,Blocked,0,0.05377961,0.03541305139567619,0.0003344128674498994
Romelu Lukaku Menama,Belgium,7584,43,61,115.0,46.0,7.810249675906654,37.554396904991115,Head,Open Play,Off T,0,0.15798207,0.12011119769343953,0.0013237464092856464
Genki Haraguchi,Japan,7584,43,63,110.0,48.0,12.806248474865697,25.921678877770628,Right Foot,Open Play,Off T,0,0.10102822,0.13550309981685976,0.0025719922850002564
Thomas Meunier,Belgium,7584,43,65,100.0,54.0,24.413111231467404,14.105540114325132,Right Foot,Open Play,Off T,0,0.03213666,0.0297069646554675,0.003915757605193755
Romelu Lukaku Menama,Belgium,7584,43,67,112.0,46.0,10.0,34.06569721788727,Right Foot,Open Play,Blocked,0,0.1751244,0.20979972748629627,0.4314075052970856
Jan Vertonghen,Belgium,7584,43,68,116.0,23.0,17.46424919657298,5.733851302042219,Head,Open Play,Goal,1,0.011378314,0.013063566831129456,0.09765071242322439
Kevin De Bruyne,Belgium,7584,43,72,102.0,45.0,18.681541692269406,21.435225191305207,Right Foot,Open Play,Blocked,0,0.062116995,0.06645746573694543,0.1824352834970427
Marouane Fellaini-Bakkioui,Belgium,7584,43,73,114.0,42.0,6.324555320336759,58.794748284818155,Head,Open Play,Goal,1,0.1826466,0.15259644567979064,0.21538939500144816
Takashi Inui,Japan,7584,43,74,109.0,30.0,14.866068747318506,21.19893488667229,Right Foot,Open Play,Blocked,0,0.09275014,0.0989796025703245,0.0003183052577556602
Yuto Nagatomo,Japan,7584,43,74,113.0,23.0,18.384776310850235,8.9703315944726,Right Foot,Open Play,Wayward,0,0.012124663,0.0511803822299398,2.561817675333139e-05
Romelu Lukaku Menama,Belgium,7584,43,77,114.0,47.0,9.219544457292887,31.52370913448562,Head,Open Play,Off T,0,0.11867756,0.06123602066887509,0.0003878181719551602
Vincent Kompany,Belgium,7584,43,79,114.0,57.0,18.027756377319946,8.02287264836194,Head,Open Play,Wayward,0,0.0088148285,0.019700161561715356,0.06403445130554682
Keisuke Honda,Japan,7584,43,83,113.0,30.0,12.206555615733702,20.69976602786677,Left Foot,Open Play,Blocked,0,0.12930113,0.16373573775170305,0.0004042765724015739
Nacer Chadli,Belgium,7584,43,85,113.0,35.0,8.602325267042627,40.21395716160434,Head,Open Play,Saved,0,0.12926859,0.08006761914440974,0.31233447279389076
Romelu Lukaku Menama,Belgium,7584,43,85,114.0,44.0,7.211102550927978,48.68547103685486,Head,Open Play,Saved,0,0.20452708,0.16191655839757307,0.383530783148556
Thomas Meunier,Belgium,7584,43,85,80.0,42.0,40.049968789001575,10.430295748679594,Right Foot,Open Play,Off T,0,0.006299751,0.0045858317666044816,3.503931429540093e-05
Jan Vertonghen,Belgium,7584,43,86,96.0,24.0,28.844410203711913,12.112474195709282,Left Foot,Open Play,Saved,0,0.02341678,0.02269109285036186,0.06164636764182566
Keisuke Honda,Japan,7584,43,92,79.0,39.0,41.012193308819754,10.196363935330412,Left Foot,Free Kick,Saved,0,0.006078651,0.01328436427649898,0.05338339696220219
Nacer Chadli,Belgium,7584,43,93,111.0,37.0,9.486832980505138,40.695623908897176,Left Foot,Open Play,Goal,1,0.25971222,0.30633058878121566,0.4568221977951091
Edgar Yoel Bárcenas Herrera,Panama,7554,43,3,81.0,40.0,39.0,10.722572409370404,Right Foot,Open Play,Off T,0,0.0063411808,0.005210395877998951,0.00016526452741234728
Aníbal Cesis Godoy,Panama,7554,43,4,102.0,32.0,19.697715603592208,19.378356630953085,Left Foot,Open Play,Off T,0,0.10595282,0.07398323183789228,0.0027991220553829498
John Stones,England,7554,43,7,109.0,42.0,11.180339887498949,35.80957920976616,Head,Open Play,Goal,1,0.1349147,0.08140641878785872,0.21313357367948843
Edgar Yoel Bárcenas Herrera,Panama,7554,43,15,96.0,49.0,25.632011235952593,15.267673523071693,Left Foot,Open Play,Off T,0,0.034921248,0.0351031583267567,0.0008158658016896959
Harry Kane,England,7554,43,21,109.0,41.0,11.045361017187261,36.55347528286595,Right Foot,Penalty,Goal,1,0.7835,0.76,0.76
Jesse Lingard,England,7554,43,35,98.0,34.0,22.80350850198276,17.634480667940146,Right Foot,Open Play,Goal,1,0.056802925,0.02563697589250875,0.24138727572903385
Raheem Sterling,England,7554,43,39,115.0,40.0,5.0,72.40825544168311,Head,Open Play,Saved,0,0.43374035,0.22769462844448388,0.20382686217065293
John Stones,England,7554,43,39,118.0,36.0,4.47213595499958,65.71890176474619,Head,Open Play,Goal,1,0.5670492,0.28853227185968117,0.6205633847210995
Jesse Lingard,England,7554,43,41,100.0,40.0,20.0,20.740758362284883,Right Foot,Open Play,Blocked,0,0.090631545,0.05669337656505222,0.05782013042329509
Harry Kane,England,7554,43,45,109.0,41.0,11.045361017187261,36.55347528286595,Right Foot,Penalty,Goal,1,0.7835,0.76,0.76
Ruben Loftus-Cheek,England,7554,43,61,97.0,51.0,25.495097567963924,14.813616505907321,Left Foot,Open Play,Blocked,0,0.03459167,0.02332647403530746,4.0082610772796034e-05
Harry Kane,England,7554,43,61,105.0,49.0,17.4928556845359,20.568636306270157,Right Foot,Open Play,Goal,1,0.20022032,0.07398013950263391,0.10906619051437509
Michael Amir Murillo Bermudez,Panama,7554,43,65,115.0,51.0,12.083045973594572,15.429981061203733,Right Foot,Open Play,Saved,0,0.13047156,0.11587222504938556,0.3169663790679026
Jordan Brian Henderson,England,7554,43,72,104.0,45.0,16.76305461424021,23.637118232567815,Right Foot,Open Play,Off T,0,0.061970674,0.08578071665864322,0.0020572026475065854
Román Aureliano Torres Morcillo,Panama,7554,43,75,116.0,36.0,5.656854249492381,57.56827915681962,Right Foot,Open Play,Off T,0,0.55906206,0.4407775546688547,0.015203875836190643
Felipe Abdiel Baloy Ramírez,Panama,7554,43,77,109.0,44.0,11.704699910719626,33.081553315190696,Right Foot,Open Play,Goal,1,0.17428838,0.175491371617026,0.5239553644979882
Raheem Sterling,England,7554,43,81,93.0,30.0,28.792360097775937,13.62153552720925,Right Foot,Open Play,Off T,0,0.021399647,0.01793315508032935,0.0003187454871586686
Blas Antonio Miguel Pérez Ortega,Panama,7554,43,93,106.0,41.0,14.035668847618199,29.168357070332945,Left Foot,Open Play,Blocked,0,0.059005667,0.16386287072396943,0.11880611755915865
José Luis Rodríguez Francis,Panama,7554,43,94,94.0,20.0,32.802438933713454,10.154412552070122,Left Foot,Open Play,Off T,0,0.009995836,0.013817148376911201,0.0002684378253673286
Salif Sané,Senegal,7539,43,12,84.0,34.0,36.49657518178932,11.301539339327638,Right Foot,Free Kick,Off T,0,0.009712145,0.01723104322499631,0.00024045445554517764
Piotr Zieliński,Poland,7539,43,19,95.0,35.0,25.495097567963924,16.037967680960396,Left Foot,Open Play,Wayward,0,0.029653154,0.0363094235200856,8.320736552266374e-05
Kamil Grosicki,Poland,7539,43,19,111.0,49.0,12.727922061357855,23.90889228521095,Head,Open Play,Off T,0,0.24497952,0.05218939605512805,0.006661979032306129
Robert Lewandowski,Poland,7539,43,22,101.0,46.0,19.924858845171276,19.92867038892818,Left Foot,Open Play,Off T,0,0.055568192,0.07313691441862474,0.0006026751135540732
Idrissa Gana Gueye,Senegal,7539,43,36,99.0,48.0,22.47220505424423,17.363965149225734,Right Foot,Open Play,Blocked,0,0.039492566,0.026433599207506424,0.06229225164114814
Salif Sané,Senegal,7539,43,41,114.0,43.0,6.708203932499369,54.26158063319094,Head,Open Play,Off T,0,0.14218889,0.1905146938275841,0.01041928225665206
Idrissa Gana Gueye,Senegal,7539,43,46,98.0,62.0,31.11269837220809,9.575534582303764,Right Foot,Open Play,Blocked,0,0.015028189,0.0124737923572106,4.4689860416832506e-07
Robert Lewandowski,Poland,7539,43,50,96.0,47.0,25.0,16.026420942143815,Right Foot,Free Kick,Saved,0,0.07070428,0.06909986856504642,0.1714026243347114
Sadio Mané,Senegal,7539,43,51,109.0,35.0,12.083045973594572,31.26694726260776,Left Foot,Open Play,Blocked,0,0.13267757,0.20550060744249588,0.0015634546792012592
Mame Biram Diouf,Senegal,7539,43,53,108.0,40.0,12.0,33.92341177306582,Right Foot,Open Play,Wayward,0,0.097462624,0.1736204917304245,8.993091492562038e-06
Łukasz Piszczek,Poland,7539,43,55,113.0,53.0,14.7648230602334,14.059671513699142,Right Foot,Open Play,Off T,0,0.04273148,0.0850650210492715,0.0018294914346577774
M'Baye Babacar Niang,Senegal,7539,43,59,113.0,40.0,7.0,55.206279386696266,Right Foot,Open Play,Goal,1,0.99118865,0.38892046085728404,0.39569416973359944
Kamil Grosicki,Poland,7539,43,66,92.0,46.0,28.635642126552707,14.257245160782109,Right Foot,Open Play,Blocked,0,0.035614714,0.018541042074949353,0.020092248573077155
Arkadiusz Milik,Poland,7539,43,69,116.0,46.0,7.211102550927978,37.17896286588581,Left Foot,Open Play,Off T,0,0.12166226,0.34457251741105227,0.004934005428662019
Dawid Kownacki,Poland,7539,43,78,111.0,45.0,10.295630140987,35.42855212566624,Head,Open Play,Saved,0,0.05977887,0.05973651079462645,0.43867372129779786
Grzegorz Krychowiak,Poland,7539,43,85,114.0,39.0,6.082762530298219,61.74460200445838,Head,Open Play,Goal,1,0.36511415,0.2337056140017751,0.6852635388930836
Kamil Grosicki,Poland,7539,43,91,88.0,38.0,32.0624390837628,13.000006297648161,Left Foot,Open Play,Wayward,0,0.016516764,0.016119009135071152,2.576217710258186e-05
Granit Xhaka,Switzerland,7550,43,3,84.0,51.0,37.64306044943742,10.633226906653158,Left Foot,Open Play,Off T,0,0.0065200645,0.0052771259502540045,0.0001848402084933833
Aleksandar Mitrović,Serbia,7550,43,4,114.0,38.0,6.324555320336759,58.794748284818155,Head,Open Play,Saved,0,0.24064535,0.15259644567979064,0.32142327299057494
Filip Kostić,Serbia,7550,43,4,108.0,37.0,12.36931687685298,32.17837078204991,Left Foot,Open Play,Wayward,0,0.08914139,0.2038394818951345,0.0015418915503815204
Aleksandar Mitrović,Serbia,7550,43,4,115.0,39.0,5.0990195135927845,70.99718790034676,Head,Open Play,Goal,1,0.2980266,0.3009444102311899,0.6918574918264259
Xherdan Shaqiri,Switzerland,7550,43,8,95.0,58.0,30.805843601498726,11.067074472273593,Left Foot,Open Play,Blocked,0,0.007398513,0.011655258403662445,1.4084894860630106e-05
Blerim Džemaili,Switzerland,7550,43,9,111.0,38.0,9.219544457292887,42.615768593997174,Left Foot,Open Play,Off T,0,0.15404725,0.3233277524403448,0.006750360032611832
Aleksandar Mitrović,Serbia,7550,43,13,104.0,33.0,17.46424919657298,21.882369513102276,Head,Open Play,Off T,0,0.06612923,0.029432434322282326,0.0029599519989543842
Sergej Milinković-Savić,Serbia,7550,43,15,100.0,52.0,23.323807579381203,15.424807645992733,Right Foot,Open Play,Off T,0,0.035976026,0.03463320247304374,0.00036005964699310853
Aleksandar Mitrović,Serbia,7550,43,18,104.0,32.0,17.88854381999832,20.906387103103036,Right Foot,Open Play,Off T,0,0.0383034,0.0714745565183352,0.0023625786288662275
Xherdan Shaqiri,Switzerland,7550,43,22,100.0,41.0,20.024984394500787,20.691786057581773,Left Foot,Open Play,Blocked,0,0.041592665,0.07364967275516326,0.05502514539040735
Stephan Lichtsteiner,Switzerland,7550,43,22,97.0,51.0,25.495097567963924,14.813616505907321,Right Foot,Open Play,Blocked,0,0.025827019,0.02677339416643611,5.851216848393647e-05
Manuel Obafemi Akanji,Switzerland,7550,43,25,113.0,37.0,7.615773105863909,48.96044180379007,Head,Open Play,Off T,0,0.090298526,0.10821947900089925,0.002538081071592324
Blerim Džemaili,Switzerland,7550,43,29,111.0,39.0,9.055385138137417,43.83945443926867,Right Foot,Open Play,Saved,0,0.24026676,0.274300268116291,0.3213253549060871
Fabian Lukas Schär,Switzerland,7550,43,30,113.0,44.0,8.06225774829855,44.79698948428266,Head,Open Play,Off T,0,0.0712261,0.09409699702019603,0.007939340131536325
Dušan Tadić,Serbia,7550,43,36,99.0,49.0,22.847319317591726,16.816855676770675,Right Foot,Open Play,Saved,0,0.03371678,0.03776125985531156,0.19761565271672343
Aleksandar Mitrović,Serbia,7550,43,41,109.0,43.0,11.40175425099138,34.626629921099756,Head,Open Play,Off T,0,0.063381545,0.0773805006163016,0.006450509956823155
Nemanja Matić,Serbia,7550,43,43,118.0,32.0,8.246211251235321,15.00861006976397,Other,Open Play,Off T,0,0.07350789,0.09692420323897905,0.0034022757678122315
Dušan Tadić,Serbia,7550,43,45,100.0,49.0,21.93171219946131,17.384564076820485,Left Foot,Open Play,Off T,0,0.05983005,0.055495398486285756,0.003225925888910691
Ricardo Iván Rodríguez Araya,Switzerland,7550,43,49,98.0,18.0,31.11269837220809,9.575534582303764,Right Foot,Open Play,Wayward,0,0.00962483,0.008188248333771995,1.7259567447300845e-10
Aleksandar Mitrović,Serbia,7550,43,51,114.0,43.0,6.708203932499369,54.26158063319094,Head,Open Play,Off T,0,0.10194914,0.1905146938275841,0.018186007170658165
Xherdan Shaqiri,Switzerland,7550,43,51,106.0,55.0,20.518284528683193,14.11280542292802,Left Foot,Open Play,Blocked,0,0.057581827,0.03998183113006658,3.250562132565925e-05
Granit Xhaka,Switzerland,7550,43,51,95.0,22.0,30.805843601498726,11.067074472273593,Left Foot,Open Play,Goal,1,0.009642546,0.017722932369375683,0.0640897576554991
Xherdan Shaqiri,Switzerland,7550,43,57,107.0,62.0,25.553864678361276,8.462360686367502,Left Foot,Open Play,Post,0,0.010486914,0.03003589375739223,0.0019816768961769225
Adem Ljajić,Serbia,7550,43,76,104.0,29.0,19.4164878389476,17.8541812642744,Right Foot,Open Play,Blocked,0,0.052877877,0.05643078567662751,0.00012279237275495967
Breel-Donald Embolo,Switzerland,7550,43,81,86.0,40.0,34.0,12.288125602089623,Right Foot,Open Play,Saved,0,0.027681582,0.00959848968306485,0.030638175861023204
Xherdan Shaqiri,Switzerland,7550,43,82,86.0,36.0,34.23448553724738,12.123483474001555,Left Foot,Open Play,Off T,0,0.018171605,0.012324810841778175,0.0004945044278672622
Mario Gavranović,Switzerland,7550,43,83,110.0,43.0,10.44030650891055,37.439660167642,Right Foot,Open Play,Saved,0,0.22874036,0.2154260754574255,0.3549807719873964
Ricardo Iván Rodríguez Araya,Switzerland,7550,43,85,94.0,30.0,27.85677655436824,14.012828265732182,Left Foot,Free Kick,Blocked,0,0.05241076,0.06319388945459287,0.00017704070781910864
Manuel Obafemi Akanji,Switzerland,7550,43,85,108.0,37.0,12.36931687685298,32.17837078204991,Left Foot,Open Play,Blocked,0,0.08491014,0.2038394818951345,0.0022451747424298146
Xherdan Shaqiri,Switzerland,7550,43,89,111.0,31.0,12.727922061357855,23.90889228521095,Left Foot,Open Play,Goal,1,0.36896914,0.11549469179357279,0.3591489936441612
Xherdan Shaqiri,Switzerland,7550,43,95,99.0,33.0,22.135943621178654,17.876153541275468,Left Foot,Open Play,Off T,0,0.051912088,0.036584256877003014,0.001901104477343049
Mikael Lustig,Sweden,7538,43,12,85.0,51.0,36.68787265568828,10.882621498144216,Right Foot,Open Play,Blocked,0,0.0075467415,0.006817574251221125,4.993006151872805e-06
Marcus Berg,Sweden,7538,43,19,113.0,38.0,7.280109889280518,52.298860701385024,Left Foot,Open Play,Saved,0,0.48333976,0.43219081340414517,0.5892831237037176
Pontus Jansson,Sweden,7538,43,20,109.0,39.0,11.045361017187261,36.55347528286595,Head,Open Play,Off T,0,0.08360676,0.08399723576377854,0.0007210362442977786
Andreas Granqvist,Sweden,7538,43,28,111.0,32.0,12.041594578792296,26.592141806196558,Head,Open Play,Blocked,0,0.08389724,0.059912146919093696,0.0003842526408844528
Marcus Berg,Sweden,7538,43,28,112.0,34.0,10.0,34.06569721788727,Left Foot,Open Play,Blocked,0,0.09769604,0.18732469354431855,0.4309580469421838
Jae-Sung Lee,South Korea,7538,43,36,106.0,56.0,21.2602916254693,13.151238096420709,Left Foot,Open Play,Blocked,0,0.041962028,0.05402236734521502,1.9216991549641117e-05
Emil Peter Forsberg,Sweden,7538,43,38,90.0,24.0,34.0,10.879162451191295,Right Foot,Open Play,Blocked,0,0.0065049785,0.006077953397754845,1.0762824287009074e-06
Marcus Berg,Sweden,7538,43,42,118.0,29.0,11.180339887498949,7.4732536452272775,Right Foot,Open Play,Wayward,0,0.022509541,0.10649926086310063,1.8009840994847814e-05
Emil Peter Forsberg,Sweden,7538,43,43,94.0,29.0,28.231188426986208,13.651528993777523,Right Foot,Open Play,Blocked,0,0.019979231,0.019122433188054934,8.935253108355984e-05
Andreas Granqvist,Sweden,7538,43,43,104.0,28.0,20.0,16.853939870657733,Right Foot,Open Play,Saved,0,0.082305975,0.05171487995756386,0.129169094899229
Viktor Claesson,Sweden,7538,43,46,111.0,38.0,9.219544457292887,42.615768593997174,Head,Open Play,Blocked,0,0.06819925,0.07925503279469458,0.15279909226854885
Emil Peter Forsberg,Sweden,7538,43,48,99.0,37.0,21.213203435596427,19.396184443153366,Right Foot,Open Play,Off T,0,0.058042593,0.048100497292118516,0.0036774835280488426
Ja-Cheol Koo,South Korea,7538,43,51,107.0,30.0,16.401219466856727,20.41999992776933,Head,Open Play,Off T,0,0.11802932,0.031989504872303384,0.0005867115864167668
Ola Toivonen,Sweden,7538,43,55,113.0,37.0,7.615773105863909,48.96044180379007,Head,Open Play,Saved,0,0.10468406,0.15659313329409807,0.19522448350394103
Min-Woo Kim,South Korea,7538,43,56,97.0,25.0,27.459060435491963,12.807268768484535,Right Foot,Open Play,Blocked,0,0.026066551,0.0204380226651806,6.868778665974131e-06
Andreas Granqvist,Sweden,7538,43,64,109.0,41.0,11.045361017187261,36.55347528286595,Right Foot,Penalty,Goal,1,0.7835,0.76,0.76
Sebastian Larsson,Sweden,7538,43,68,83.0,47.0,37.656340767525464,10.913994983237918,Right Foot,Open Play,Blocked,0,0.006241017,0.006106730535622557,0.014614502418212504
Emil Peter Forsberg,Sweden,7538,43,68,98.0,33.0,23.08679276123039,17.21967728197626,Right Foot,Open Play,Blocked,0,0.057121377,0.024584046640299208,0.000260604451373075
Viktor Claesson,Sweden,7538,43,70,99.0,48.0,22.47220505424423,17.363965149225734,Right Foot,Open Play,Wayward,0,0.049949892,0.039884339261953665,1.0747045360830243e-09
Seung-Woo Lee,South Korea,7538,43,81,100.0,56.0,25.612496949731394,12.834236987140041,Left Foot,Open Play,Blocked,0,0.028747292,0.021933115503409397,1.791146179741462e-05
Hee-Chan Hwang,South Korea,7538,43,90,110.0,38.0,10.198039027185569,38.93501443199597,Head,Open Play,Off T,0,0.19956683,0.09690966041367048,0.0017607905742857886
Hirving Rodrigo Lozano Bahena,Mexico,7534,43,0,111.0,29.0,14.212670403551895,19.254439111516835,Right Foot,Open Play,Blocked,0,0.11827388,0.10138517885669308,0.00047999662994208743
Timo Werner,Germany,7534,43,2,114.0,54.0,15.231546211727817,11.360105361909392,Right Foot,Open Play,Off T,0,0.049711905,0.07608859418753201,0.0009367416530411185
Mats Hummels,Germany,7534,43,6,103.0,41.0,17.029386365926403,24.222236280667662,Left Foot,Open Play,Saved,0,0.07167251,0.07421358481802326,0.14322355992033167
Miguel Arturo Layún Prado,Mexico,7534,43,8,95.0,38.0,25.079872407968907,16.555572785893233,Right Foot,Free Kick,Off T,0,0.08506853,0.06935919622564926,0.0014739288928716974
Héctor Miguel Herrera López,Mexico,7534,43,9,91.0,40.0,29.0,14.386184872244916,Right Foot,Open Play,Saved,0,0.028636595,0.011738414578785489,0.04767761693346943
Héctor Alfredo Moreno Herrera,Mexico,7534,43,13,110.0,39.0,10.04987562112089,39.88126915256882,Head,Open Play,Saved,0,0.09705013,0.10053352624764123,0.2754649926951002
Julian Draxler,Germany,7534,43,15,94.0,28.0,28.635642126552707,13.276236460380275,Right Foot,Open Play,Saved,0,0.020290153,0.018099956807362236,0.09850734744533911
Toni Kroos,Germany,7534,43,15,87.0,23.0,37.12142238654117,10.038412745395654,Right Foot,Open Play,Blocked,0,0.0056767375,0.0063528297629828106,2.1085095014029348e-05
Timo Werner,Germany,7534,43,19,105.0,46.0,16.15549442140351,23.914859193036488,Left Foot,Open Play,Saved,0,0.12941124,0.11863622940852461,0.1825546545694278
Toni Kroos,Germany,7534,43,21,97.0,27.0,26.419689627245813,13.816181962235301,Left Foot,Open Play,Saved,0,0.028065955,0.031044528583917107,0.05091240754791133
Javier Hernández Balcázar,Mexico,7534,43,22,100.0,31.0,21.93171219946131,17.384564076820485,Left Foot,Open Play,Blocked,0,0.043891508,0.055495398486285756,0.00012738182351464524
Miguel Arturo Layún Prado,Mexico,7534,43,26,95.0,39.0,25.019992006393608,16.632179031120778,Right Foot,Open Play,Off T,0,0.041151885,0.029512408557504245,0.007682006494769204
Miguel Arturo Layún Prado,Mexico,7534,43,28,97.0,34.0,23.769728648009426,16.973171424167795,Right Foot,Open Play,Saved,0,0.043912183,0.022628981965195635,0.041191877391586
Hirving Rodrigo Lozano Bahena,Mexico,7534,43,34,109.0,32.0,13.601470508735444,25.136849549459175,Right Foot,Open Play,Goal,1,0.19460402,0.12298937712814831,0.27852555874591506
Sami Khedira,Germany,7534,43,36,107.0,50.0,16.401219466856727,20.41999992776933,Right Foot,Open Play,Blocked,0,0.06585366,0.08279157381858841,0.00012431363793183618
Toni Kroos,Germany,7534,43,38,95.0,49.0,26.570660511172846,14.800465822433324,Right Foot,Free Kick,Saved,0,0.06350054,0.056665147108583815,0.3476759717760857
Carlos Alberto Vela Garrido,Mexico,7534,43,44,102.0,32.0,19.697715603592208,19.378356630953085,Left Foot,Open Play,Off T,0,0.13477883,0.04962725959938735,0.0013589792660465018
Marvin Plattenhardt,Germany,7534,43,47,95.0,30.0,26.92582403567252,14.421982345626256,Left Foot,Open Play,Saved,0,0.02910846,0.02977149549172882,0.13255652092621303
Joshua Kimmich,Germany,7534,43,52,93.0,40.0,27.0,15.439413433275712,Left Foot,Open Play,Off T,0,0.028271182,0.030263220335123037,0.0020465695305914144
Julian Draxler,Germany,7534,43,54,105.0,25.0,21.213203435596427,14.116361676252144,Right Foot,Open Play,Blocked,0,0.048906885,0.04240455610750314,4.390182717327239e-05
Toni Kroos,Germany,7534,43,54,102.0,36.0,18.439088914585774,21.97032282142444,Right Foot,Open Play,Blocked,0,0.07452877,0.06906736820164272,0.18814258903628636
José Andrés Guardado Hernández,Mexico,7534,43,56,102.0,29.0,21.095023109728988,16.976358966144755,Left Foot,Open Play,Off T,0,0.074448265,0.06019172073352635,0.006631414425573746
Julian Draxler,Germany,7534,43,60,99.0,31.0,22.847319317591726,16.816855676770675,Right Foot,Open Play,Blocked,0,0.04040635,0.03776125985531156,0.00017390461863576586
Joshua Kimmich,Germany,7534,43,64,109.0,41.0,11.045361017187261,36.55347528286595,Right Foot,Open Play,Off T,0,0.114304304,0.2003018467156014,0.01143281884561298
Julian Draxler,Germany,7534,43,66,104.0,31.0,18.35755975068582,19.896374808405774,Right Foot,Open Play,Off T,0,0.041622043,0.06638704016688389,0.004315382783329212
Timo Werner,Germany,7534,43,67,114.0,34.0,8.48528137423857,36.84905585351558,Right Foot,Open Play,Off T,0,0.3045737,0.25313147982462697,0.00780389541491949
Marco Reus,Germany,7534,43,70,114.0,58.0,18.973665961010276,7.221750190082091,Right Foot,Open Play,Off T,0,0.009542241,0.046025276645480735,0.001370687200794949
Toni Kroos,Germany,7534,43,75,100.0,49.0,21.93171219946131,17.384564076820485,Right Foot,Open Play,Off T,0,0.04795046,0.04236008178406635,0.0007268297636331237
Julian Draxler,Germany,7534,43,76,106.0,40.0,14.0,29.301715644264668,Left Foot,Open Play,Blocked,0,0.10941726,0.1142973402809356,0.124528138532726
Miguel Arturo Layún Prado,Mexico,7534,43,77,97.0,48.0,24.351591323771842,16.197206443157356,Right Foot,Open Play,Off T,0,0.073443435,0.02079369877750518,0.0017829422720255707
Mesut Özil,Germany,7534,43,78,99.0,52.0,24.186773244895647,15.052271960594913,Left Foot,Open Play,Blocked,0,0.034154605,0.02717735527338877,0.00021017964396477734
Miguel Arturo Layún Prado,Mexico,7534,43,81,101.0,54.0,23.600847442411894,14.351153186382303,Right Foot,Open Play,Off T,0,0.058029506,0.02163170858213902,0.0010447698102008997
Toni Kroos,Germany,7534,43,83,99.0,33.0,22.135943621178654,17.876153541275468,Left Foot,Open Play,Saved,0,0.050513986,0.036584256877003014,0.13183253606454495
Mario Gómez García,Germany,7534,43,85,113.0,35.0,8.602325267042627,40.21395716160434,Head,Open Play,Blocked,0,0.090416625,0.08006761914440974,0.0007760926180535598
Mario Gómez García,Germany,7534,43,86,113.0,40.0,7.0,55.206279386696266,Head,Open Play,Off T,0,0.24410489,0.1321663140312217,0.0026494956884474613
Mario Gómez García,Germany,7534,43,88,117.0,39.0,3.1622776601683795,98.78983915306922,Right Foot,Open Play,Saved,0,0.55386275,0.7465085676019655,0.8458935357298937
Julian Brandt,Germany,7534,43,88,96.0,31.0,25.632011235952593,15.267673523071693,Right Foot,Open Play,Off T,0,0.035709005,0.026658290429076418,0.0006832888738166171
Jérôme Boateng,Germany,7534,43,89,95.0,59.0,31.400636936215164,10.655883474887348,Left Foot,Open Play,Saved,0,0.0076826327,0.016401550549206202,0.027533113903295017
Daniel Carvajal Ramos,Spain,7543,43,3,101.0,62.0,29.068883707497267,9.494447214499502,Right Foot,Open Play,Off T,0,0.0062442855,0.01570325973544627,0.0014589868820381936
Vahid Amiri,Iran,7543,43,5,95.0,26.0,28.653097563788805,12.767396414108195,Left Foot,Open Play,Off T,0,0.017048458,0.023558954875236744,0.0022208280124188327
Diego da Silva Costa,Spain,7543,43,9,114.0,45.0,7.810249675906654,42.69474972272583,Head,Open Play,Wayward,0,0.101224825,0.13436982546212128,2.3484635443763575e-09
Karim Ansarifard,Iran,7543,43,13,93.0,37.0,27.16615541441225,15.256636140904194,Left Foot,Open Play,Off T,0,0.030081216,0.01953019558692405,0.0003942009668797123
David Josué Jiménez Silva,Spain,7543,43,18,97.0,48.0,24.351591323771842,16.197206443157356,Left Foot,Open Play,Blocked,0,0.036545493,0.04137086894967072,0.09212162176663853
Sergio Ramos García,Spain,7543,43,21,88.0,34.0,32.55764119219941,12.615442718380093,Right Foot,Free Kick,Blocked,0,0.02891147,0.027736817236061417,0.00010679222290953607
David Josué Jiménez Silva,Spain,7543,43,24,95.0,49.0,26.570660511172846,14.800465822433324,Left Foot,Free Kick,Saved,0,0.056378577,0.07389400140483265,0.1529466040971103
David Josué Jiménez Silva,Spain,7543,43,29,113.0,40.0,7.0,55.206279386696266,Left Foot,Open Play,Off T,0,0.18056935,0.45811157819659604,0.039347646490943224
Francisco Román Alarcón Suárez,Spain,7543,43,30,98.0,61.0,30.4138126514911,10.018258367209068,Right Foot,Open Play,Off T,0,0.008805185,0.008966784793526802,2.4224519117605924e-05
David Josué Jiménez Silva,Spain,7543,43,41,113.0,36.0,8.06225774829855,44.79698948428266,Left Foot,Open Play,Blocked,0,0.14056613,0.36572186559050346,0.6183060194171403
Francisco Román Alarcón Suárez,Spain,7543,43,44,96.0,29.0,26.40075756488817,14.412597666750242,Right Foot,Open Play,Blocked,0,0.029175429,0.015783697299998064,1.7766753922713466e-05
David Josué Jiménez Silva,Spain,7543,43,46,104.0,48.0,17.88854381999832,20.906387103103036,Left Foot,Open Play,Blocked,0,0.077532336,0.09276338290545166,0.0006645009951154411
Gerard Piqué Bernabéu,Spain,7543,43,48,114.0,41.0,6.082762530298219,61.74460200445838,Right Foot,Open Play,Blocked,0,0.23135321,0.45445719509281046,0.4902196910811807
Sergio Busquets i Burgos,Spain,7543,43,49,96.0,43.0,24.186773244895647,17.08457144835793,Right Foot,Open Play,Saved,0,0.036238745,0.03274688740056169,0.22034389609317157
Diego da Silva Costa,Spain,7543,43,50,113.0,31.0,11.40175425099138,23.722344983450846,Left Foot,Open Play,Wayward,0,0.11566157,0.18810476193328726,0.3345170285830922
Francisco Román Alarcón Suárez,Spain,7543,43,51,105.0,51.0,18.601075237738275,18.26918871493129,Right Foot,Open Play,Off T,0,0.05967502,0.06225109410458165,0.019760654215579907
Karim Ansarifard,Iran,7543,43,52,104.0,28.0,20.0,16.853939870657733,Right Foot,Open Play,Off T,0,0.041793868,0.05171487995756386,0.0007976009745149267
Diego da Silva Costa,Spain,7543,43,53,107.0,36.0,13.601470508735444,29.009737190883545,Right Foot,Open Play,Goal,1,0.25931305,0.09171653252740508,0.29617914949927915
Mehdi Taremi,Iran,7543,43,59,112.0,39.0,8.06225774829855,48.61276617453667,Head,Open Play,Off T,0,0.0797548,0.10255003147503113,0.001132227167496307
Sergio Ramos García,Spain,7543,43,69,109.0,46.0,12.529964086141668,29.27965685780532,Right Foot,Open Play,Blocked,0,0.089459024,0.14964875262894523,0.3419158794635564
Gerard Piqué Bernabéu,Spain,7543,43,69,118.0,39.0,2.23606797749979,119.83297519818879,Left Foot,Open Play,Blocked,0,0.69309485,0.8804638989121683,0.8671818790389223
Francisco Román Alarcón Suárez,Spain,7543,43,77,99.0,56.0,26.40075756488817,12.673124503547331,Right Foot,Free Kick,Blocked,0,0.046205834,0.05489531291949448,1.5276509592482812e-05
Mehdi Taremi,Iran,7543,43,81,117.0,47.0,7.615773105863909,26.212319690373683,Head,Open Play,Off T,0,0.13669233,0.06429657734523452,0.0038989750247608018
Sardar Azmoun,Iran,7543,43,90,109.0,37.0,11.40175425099138,34.626629921099756,Head,Open Play,Wayward,0,0.121088564,0.0773805006163016,0.0731217844468994
Luis Alberto Suárez Díaz,Uruguay,7544,43,1,101.0,30.0,21.470910553583888,17.261106774339446,Left Foot,Open Play,Blocked,0,0.03504409,0.038805990559825275,0.00014022211143098636
Mohammed Al Burayk,Saudi Arabia,7544,43,7,93.0,31.0,28.460498941515414,13.93390530400062,Right Foot,Free Kick,Blocked,0,0.05547695,0.04514312723502684,8.170122989551461e-05
Edinson Roberto Cavani Gómez,Uruguay,7544,43,12,110.0,34.0,11.661903789690601,30.838983774222697,Left Foot,Open Play,Off T,0,0.101114124,0.21174683060866703,0.012712546677242548
Luis Alberto Suárez Díaz,Uruguay,7544,43,14,119.0,53.0,13.038404810405298,2.676170434896404,Right Foot,Open Play,Off T,0,0.011932639,0.07863226625133714,0.002217057513671861
Fahad Mosaed Al Muwallad Al Harbi,Saudi Arabia,7544,43,20,111.0,57.0,19.235384061671343,10.46695386578791,Right Foot,Open Play,Off T,0,0.0121245505,0.03211674032734116,0.001257656241752567
Luis Alberto Suárez Díaz,Uruguay,7544,43,22,114.0,43.0,6.708203932499369,54.26158063319094,Left Foot,Open Play,Goal,1,0.40584227,0.4605974331840985,0.7845254008019137
Edinson Roberto Cavani Gómez,Uruguay,7544,43,24,110.0,52.0,15.620499351813308,17.610829455891675,Right Foot,Open Play,Blocked,0,0.1273453,0.05675797404632713,4.346032571033403e-05
Hattan Babhir,Saudi Arabia,7544,43,25,96.0,58.0,30.0,11.20793477556556,Left Foot,Open Play,Saved,0,0.0094235735,0.01948138801278235,0.10915659504024769
Hattan Babhir,Saudi Arabia,7544,43,28,112.0,49.0,12.041594578792296,23.98762565158476,Right Foot,Open Play,Off T,0,0.10249908,0.14022965467224846,0.016194526541498385
Salem Mohammed Al Dawsari,Saudi Arabia,7544,43,37,83.0,40.0,37.0,11.298516987139717,Right Foot,Open Play,Off T,0,0.0055306493,0.00664657980041779,0.004220835666341946
Luis Alberto Suárez Díaz,Uruguay,7544,43,50,87.0,42.0,33.06055050963308,12.612121557937407,Right Foot,Free Kick,Saved,0,0.023920795,0.0262137647615992,0.10072537818800634
Carlos Andrés Sánchez Arcosa,Uruguay,7544,43,61,112.0,47.0,10.63014581273465,30.45237044057419,Head,Open Play,Off T,0,0.15817063,0.07628555353590022,0.0044489354535555544
Luis Alberto Suárez Díaz,Uruguay,7544,43,63,105.0,59.0,24.20743687382041,10.85500981877537,Left Foot,Open Play,Blocked,0,0.009338622,0.036973619370069585,1.923014098136778e-05
José Martín Cáceres Silva,Uruguay,7544,43,67,114.0,43.0,6.708203932499369,54.26158063319094,Head,Open Play,Off T,0,0.17345619,0.1333186304570695,0.0144224734893662
José Martín Cáceres Silva,Uruguay,7544,43,76,112.0,34.0,10.0,34.06569721788727,Right Foot,Open Play,Blocked,0,0.193565,0.20979972748629627,0.34240637247871797
Lucas Torreira Di Pascua,Uruguay,7544,43,79,92.0,40.0,28.0,14.894307713247091,Right Foot,Open Play,Blocked,0,0.025469651,0.020235557992155748,0.000199552520944251
Edinson Roberto Cavani Gómez,Uruguay,7544,43,79,105.0,45.0,15.811388300841896,24.894400196835885,Head,Open Play,Off T,0,0.08319649,0.038052488844617094,0.0009248241387663922
Edinson Roberto Cavani Gómez,Uruguay,7544,43,85,104.0,41.0,16.0312195418814,25.67729328661793,Right Foot,Open Play,Saved,0,0.37744683,0.09700731383753156,0.14228393989103166
Luis Alberto Suárez Díaz,Uruguay,7544,43,88,102.0,40.0,18.0,22.98690904521313,Other,Open Play,Wayward,0,0.0815443,0.04083616211372715,6.572100060758014e-07
Yasir Gharsan Al Shahrani,Saudi Arabia,7544,43,89,94.0,21.0,32.202484376209235,10.532798063521316,Left Foot,Open Play,Blocked,0,0.008307631,0.014930165481228988,1.1880204551544875e-06
Mohammed Kanoo,Saudi Arabia,7544,43,89,111.0,47.0,11.40175425099138,29.465894784837182,Head,Open Play,Saved,0,0.05516719,0.06865681867642978,0.30224452960195697
Yasir Gharsan Al Shahrani,Saudi Arabia,7544,43,90,98.0,24.0,27.202941017470888,12.496669059709774,Right Foot,Open Play,Blocked,0,0.024956208,0.013745305441949865,2.2778239682619246e-05
Édison Michael Flores Peralta,Peru,7546,43,1,96.0,43.0,24.186773244895647,17.08457144835793,Left Foot,Open Play,Blocked,0,0.04638079,0.02855347768348078,0.07034217119768589
Víctor Yoshimar Yotún Flores,Peru,7546,43,5,62.0,36.0,58.137767414994535,7.187586089092662,Left Foot,Open Play,Off T,0,0.002964359,0.00045846844918072936,7.825930910301608e-05
Antoine Griezmann,France,7546,43,10,114.0,54.0,15.231546211727817,11.360105361909392,Right Foot,Open Play,Off T,0,0.040895715,0.07608859418753201,0.0023496725722616392
Paul Pogba,France,7546,43,11,88.0,54.0,34.92849839314596,10.986266235350461,Right Foot,Open Play,Off T,0,0.009108837,0.008358699581907826,0.00015219722279301764
Raphaël Varane,France,7546,43,13,115.0,34.0,7.810249675906654,37.554396904991115,Head,Open Play,Off T,0,0.10144759,0.12011119769343953,0.0008590396060686482
Antoine Griezmann,France,7546,43,15,102.0,51.0,21.095023109728988,16.976358966144755,Right Foot,Open Play,Saved,0,0.051455326,0.04599895804147459,0.08865439091493293
Édison Michael Flores Peralta,Peru,7546,43,23,97.0,27.0,26.419689627245813,13.816181962235301,Left Foot,Open Play,Off T,0,0.027215322,0.02051127079848336,0.0001453262905500008
José Paolo Guerrero Gonzáles,Peru,7546,43,30,110.0,33.0,12.206555615733702,28.360417201979594,Left Foot,Open Play,Saved,0,0.20325628,0.1916747853737951,0.24277585241762312
Kylian Mbappé Lottin,France,7546,43,32,112.0,38.0,8.246211251235321,47.00192772116288,Right Foot,Open Play,Saved,0,0.27977735,0.30989871252916196,0.7053544290683607
Olivier Giroud,France,7546,43,33,109.0,29.0,15.556349186104045,19.403496830192204,Left Foot,Open Play,Blocked,0,0.09149722,0.1141383420560187,0.00018583621523799178
Kylian Mbappé Lottin,France,7546,43,33,119.0,41.0,1.4142135623730951,147.28520941760326,Right Foot,Open Play,Goal,1,0.9293175,0.9237189678808709,0.8937953630492348
Lucas Hernández Pi,France,7546,43,42,109.0,27.0,17.029386365926403,16.230365685011915,Left Foot,Open Play,Saved,0,0.053871572,0.09126852350163485,0.2583168783588746
Lucas Hernández Pi,France,7546,43,42,112.0,29.0,13.601470508735444,18.842206689714867,Left Foot,Open Play,Off T,0,0.115647,0.13730094937522652,0.0007770517227533741
Pedro Jesús Aquino Sánchez,Peru,7546,43,49,93.0,39.0,27.018512172212592,15.418894103726267,Right Foot,Open Play,Post,0,0.032040957,0.015084277935673334,0.0010804011096094324
Christian Alberto Cueva Bravo,Peru,7546,43,57,101.0,30.0,21.470910553583888,17.261106774339446,Right Foot,Open Play,Blocked,0,0.049853675,0.044436226579004756,0.00029822798444563344
André Martín Carrillo Díaz,Peru,7546,43,60,94.0,37.0,26.1725046566048,15.821727867023409,Right Foot,Open Play,Off T,0,0.03232524,0.025429855202243716,0.0007132724125123179
José Paolo Guerrero Gonzáles,Peru,7546,43,66,105.0,40.0,15.0,27.424473717064068,Head,Open Play,Wayward,0,0.10677668,0.04422514151898596,0.00019253248890404743
Luis Jan Piers Advíncula Castrillón,Peru,7546,43,67,98.0,61.0,30.4138126514911,10.018258367209068,Left Foot,Open Play,Off T,0,0.009771249,0.018056007455821293,0.0010205955936148834
Jefferson Agustín Farfán Guadalupe,Peru,7546,43,73,116.0,29.0,11.704699910719626,13.326845968842994,Left Foot,Open Play,Off T,0,0.046855085,0.14714300882117765,0.0034545253904998963
Ousmane Dembélé,France,7546,43,81,105.0,44.0,15.524174696260024,25.753404244007008,Left Foot,Open Play,Off T,0,0.07033722,0.13162286099741344,0.0017069571301826204
José Paolo Guerrero Gonzáles,Peru,7546,43,87,87.0,43.0,33.13608305156178,12.555827645612567,Right Foot,Free Kick,Saved,0,0.02880108,0.025956866520760766,0.05830903282239452
Blaise Matuidi,France,7546,43,91,97.0,40.0,23.0,18.08338308358885,Left Foot,Open Play,Off T,0,0.039226346,0.05021103943225055,0.0013968429601517796
José Paolo Guerrero Gonzáles,Peru,7546,43,92,107.0,30.0,16.401219466856727,20.41999992776933,Head,Open Play,Off T,0,0.038980518,0.021142617280684204,0.00019153357890890407
Olivier Giroud,France,7546,43,93,106.0,32.0,16.1245154965971,22.5660292713364,Left Foot,Open Play,Blocked,0,0.07983788,0.11551952363869868,0.0005743633292286075
Ivan Perišić,Croatia,7545,43,4,109.0,27.0,17.029386365926403,16.230365685011915,Left Foot,Open Play,Saved,0,0.10931223,0.06160061437079765,0.058642219880234527
Maximiliano Eduardo Meza,Argentina,7545,43,12,104.0,41.0,16.0312195418814,25.67729328661793,Right Foot,Open Play,Blocked,0,0.07232099,0.09700731383753156,0.09551647162015514
Marcelo Brozović,Croatia,7545,43,20,87.0,35.0,33.37663853655727,12.378964604292042,Right Foot,Open Play,Blocked,0,0.017617416,0.010329239381843195,0.024067284232978152
Enzo Nicolás Pérez,Argentina,7545,43,29,106.0,33.0,15.652475842498529,23.868366629530648,Left Foot,Open Play,Off T,0,0.33644146,0.12470608922344403,0.001715150692988876
Mario Mandžukić,Croatia,7545,43,32,115.0,34.0,7.810249675906654,37.554396904991115,Head,Open Play,Off T,0,0.2433502,0.12011119769343953,0.0012985852225084066
Ante Rebić,Croatia,7545,43,46,99.0,34.0,21.840329667841555,18.344271790850083,Right Foot,Open Play,Off T,0,0.09167263,0.04378297146433002,0.012643832755383411
Marcos Javier Acuña,Argentina,7545,43,48,96.0,28.0,26.832815729997478,13.962108768994584,Left Foot,Open Play,Blocked,0,0.037094012,0.029749013085603137,3.2371304431918075e-05
Sergio Leonel Agüero del Castillo,Argentina,7545,43,52,111.0,29.0,14.212670403551895,19.254439111516835,Left Foot,Open Play,Saved,0,0.13586974,0.1303324363539407,0.1872092765110169
Ante Rebić,Croatia,7545,43,52,108.0,30.0,15.620499351813308,20.852441212812437,Right Foot,Open Play,Goal,1,0.3903937,0.09077390058195825,0.20757174734632253
Maximiliano Eduardo Meza,Argentina,7545,43,63,113.0,34.0,9.219544457292887,35.58745212572946,Left Foot,Open Play,Saved,0,0.1882397,0.28613343014597525,0.45769081886439633
Lionel Andrés Messi Cuccittini,Argentina,7545,43,63,117.0,36.0,5.0,62.14652592175146,Left Foot,Open Play,Blocked,0,0.2574592,0.45284057570630976,0.6987316041152891
Nicolás Hernán Otamendi,Argentina,7545,43,63,109.0,43.0,11.40175425099138,34.626629921099756,Head,Open Play,Off T,0,0.06496638,0.0519688820158636,0.002597428398132884
Mario Mandžukić,Croatia,7545,43,65,115.0,49.0,10.295630140987,21.565398651263155,Right Foot,Open Play,Off T,0,0.19214138,0.15806088412459796,0.004720946688766958
Paulo Bruno Exequiel Dybala,Argentina,7545,43,70,107.0,59.0,23.021728866442675,10.437049664246697,Left Foot,Open Play,Off T,0,0.011055459,0.04173926418121492,0.00546835438940126
Ivan Rakitić,Croatia,7545,43,79,103.0,24.0,23.345235059857504,13.174796186194072,Right Foot,Open Play,Blocked,0,0.02916088,0.032722641859492904,4.944698569675179e-05
Luka Modrić,Croatia,7545,43,79,93.0,45.0,27.459060435491963,14.941925265350328,Right Foot,Open Play,Goal,1,0.026013188,0.014180586010632214,0.08935528836773715
Gonzalo Gerardo Higuaín,Argentina,7545,43,83,100.0,27.0,23.853720883753127,14.76172331749696,Right Foot,Open Play,Saved,0,0.036090992,0.032128878689102434,0.03416849596772304
Ivan Rakitić,Croatia,7545,43,85,89.0,36.0,31.25699921617557,13.251198982828994,Right Foot,Free Kick,Post,0,0.039510775,0.03257548593974591,0.28463387010255603
Mateo Kovačić,Croatia,7545,43,85,103.0,34.0,18.027756377319946,21.769421046266338,Head,Open Play,Off T,0,0.10598648,0.027557143027949205,0.0025245244318609895
Mario Mandžukić,Croatia,7545,43,88,99.0,50.0,23.259406699226016,16.243728134586394,Left Foot,Open Play,Blocked,0,0.04277814,0.04671296440764291,2.380667552524111e-05
Luka Modrić,Croatia,7545,43,88,87.0,54.0,35.84689665786984,10.756017250052711,Right Foot,Open Play,Off T,0,0.007149363,0.007482654979661424,5.437229022947097e-05
Maximiliano Eduardo Meza,Argentina,7545,43,90,108.0,31.0,15.0,22.544033687271924,Left Foot,Open Play,Blocked,0,0.07852001,0.12937288787548243,0.32348599303701175
Ivan Rakitić,Croatia,7545,43,90,98.0,38.0,22.090722034374522,18.742802726830092,Right Foot,Open Play,Saved,0,0.10333694,0.028528926153727485,0.05473964629467891
Ivan Rakitić,Croatia,7545,43,90,112.0,40.0,8.0,49.16818939087588,Right Foot,Open Play,Goal,1,0.43328673,0.32782064106951314,0.5244163174752201
Ashley Young,England,7585,43,5,115.0,18.0,22.561028345356956,4.223581889055308,Right Foot,Free Kick,Saved,0,0.009816105,0.06820440630959798,0.24167882726560128
Raheem Sterling,England,7585,43,7,112.0,54.0,16.1245154965971,13.358339100688104,Right Foot,Open Play,Blocked,0,0.03820353,0.07244863115299016,3.6010720795678273e-05
Raheem Sterling,England,7585,43,12,98.0,37.0,22.20360331117452,18.560853323558305,Right Foot,Open Play,Blocked,0,0.045127578,0.028046310762890124,0.06551704387477734
Harry Kane,England,7585,43,15,119.0,36.0,4.123105625617661,63.78416347439457,Head,Open Play,Off T,0,0.6250739,0.28686278941393545,0.006350602818332733
Juan Guillermo Cuadrado Bello,Colombia,7585,43,21,97.0,56.0,28.0178514522438,12.308721019061487,Right Foot,Open Play,Blocked,0,0.021760419,0.01895461547228313,6.388353560657951e-06
Johan Andrés Mojica Palacio,Colombia,7585,43,21,90.0,18.0,37.20215047547655,9.102638791103319,Left Foot,Open Play,Off T,0,0.0061799968,0.008152246478160177,0.0010108436858053747
Raheem Sterling,England,7585,43,30,101.0,46.0,19.924858845171276,19.92867038892818,Left Foot,Open Play,Blocked,0,0.06310501,0.07313691441862474,0.15213952407845668
Juan Fernando Quintero Paniagua,Colombia,7585,43,32,92.0,49.0,29.410882339705484,13.532303052494195,Left Foot,Open Play,Off T,0,0.02860382,0.0220398590035936,6.398431127199496e-05
Kieran Trippier,England,7585,43,41,99.0,31.0,22.847319317591726,16.816855676770675,Right Foot,Free Kick,Off T,0,0.0893018,0.08844673844178345,0.0018344177446208076
Harry Kane,England,7585,43,44,94.0,59.0,32.202484376209235,10.532798063521316,Right Foot,Open Play,Off T,0,0.008124489,0.011281630135973577,9.465805811654154e-05
Juan Fernando Quintero Paniagua,Colombia,7585,43,46,97.0,52.0,25.942243542145693,14.318672352377224,Left Foot,Open Play,Saved,0,0.030466357,0.03314330960088346,0.04362627098558518
Jesse Lingard,England,7585,43,46,108.0,50.0,15.620499351813308,20.852441212812437,Right Foot,Open Play,Off T,0,0.06307399,0.09077390058195825,0.03520362042579738
Harry Kane,England,7585,43,56,108.0,40.0,12.0,33.92341177306582,Right Foot,Penalty,Goal,1,0.7835,0.76,0.76
Juan Fernando Quintero Paniagua,Colombia,7585,43,58,78.0,41.0,42.01190307520001,9.95510052633172,Left Foot,Open Play,Blocked,0,0.0063226367,0.004800285716098337,0.005805496606052794
Bamidele Alli,England,7585,43,62,117.0,32.0,8.54400374531753,20.225269258330368,Head,Open Play,Off T,0,0.10895206,0.07521635225701737,0.00380073655585135
Harry Maguire,England,7585,43,72,108.0,45.0,13.0,29.445095454491188,Head,Open Play,Off T,0,0.059315044,0.05774611067764564,0.0011478995708996949
Juan Guillermo Cuadrado Bello,Colombia,7585,43,80,108.0,52.0,16.97056274847714,17.73834835473307,Right Foot,Open Play,Off T,0,0.079690136,0.0732593517531055,0.004313543237658529
Harry Maguire,England,7585,43,83,115.0,31.0,10.295630140987,21.565398651263155,Head,Open Play,Off T,0,0.089014076,0.042991323977678665,0.0034277046861712593
Davinson Sánchez Mina,Colombia,7585,43,84,110.0,46.0,11.661903789690601,30.838983774222697,Head,Open Play,Wayward,0,0.12324874,0.06893535719703942,9.681246358558231e-05
Radamel Falcao García Zárate,Colombia,7585,43,85,114.0,45.0,7.810249675906654,42.69474972272583,Head,Open Play,Off T,0,0.09918101,0.09211148111334194,0.012936469576500562
Radamel Falcao García Zárate,Colombia,7585,43,86,94.0,47.0,26.92582403567252,14.973416436941688,Right Foot,Open Play,Saved,0,0.02089629,0.022885539490465772,0.03060106844595451
Andrés Mateus Uribe Villa,Colombia,7585,43,91,82.0,41.0,38.01315561749642,10.99553774284083,Right Foot,Open Play,Saved,0,0.00644605,0.005874041083861693,0.07071018274528615
Yerry Fernando Mina González,Colombia,7585,43,92,114.0,41.0,6.082762530298219,61.74460200445838,Head,Open Play,Goal,1,0.1694467,0.2337056140017751,0.6390130993012609
Carlos Arturo Bacca Ahumada,Colombia,7585,43,100,109.0,42.0,11.180339887498949,35.80957920976616,Head,Open Play,Blocked,0,0.06629666,0.05475115367568693,0.15558117156538692
Davinson Sánchez Mina,Colombia,7585,43,101,109.0,42.0,11.180339887498949,35.80957920976616,Head,Open Play,Off T,0,0.0617387,0.08140641878785872,0.0016282796093418088
Radamel Falcao García Zárate,Colombia,7585,43,103,108.0,39.0,12.041594578792296,33.72132196479854,Head,Open Play,Off T,0,0.1108727,0.047420671915591635,0.000785177718660867
Jesse Lingard,England,7585,43,105,98.0,45.0,22.561028345356956,18.000875117501245,Left Foot,Open Play,Blocked,0,0.04739213,0.052576447428113085,0.000371731848910565
Jamie Vardy,England,7585,43,107,112.0,56.0,17.88854381999832,10.812996704288256,Right Foot,Open Play,Blocked,0,0.013426386,0.05643346658367735,1.3231903701329155e-05
Danny Rose,England,7585,43,111,113.0,25.0,16.55294535724685,11.123592872401678,Left Foot,Open Play,Off T,0,0.01549221,0.08541005945246394,0.0009788185854779717
Eric Dier,England,7585,43,114,112.0,44.0,8.94427190999916,41.322619636105216,Head,Open Play,Off T,0,0.11420015,0.11630885167688283,0.0029749989197243583
Harry Maguire,England,7585,43,118,111.0,45.0,10.295630140987,35.42855212566624,Head,Open Play,Wayward,0,0.07117139,0.05973651079462645,0.1679834848740039
Radamel Falcao García Zárate,Colombia,7585,43,120,109.0,41.0,11.045361017187261,36.55347528286595,Right Foot,Penalty,Goal,1,0.7835,0.76,0.76
Harry Kane,England,7585,43,121,109.0,41.0,11.045361017187261,36.55347528286595,Right Foot,Penalty,Goal,1,0.7835,0.76,0.76
Juan Guillermo Cuadrado Bello,Colombia,7585,43,121,109.0,41.0,11.045361017187261,36.55347528286595,Right Foot,Penalty,Goal,1,0.7835,0.76,0.76
Marcus Rashford,England,7585,43,122,109.0,41.0,11.045361017187261,36.55347528286595,Right Foot,Penalty,Goal,1,0.7835,0.76,0.76
Luis Fernando Muriel Fruto,Colombia,7585,43,123,109.0,41.0,11.045361017187261,36.55347528286595,Right Foot,Penalty,Goal,1,0.7835,0.76,0.76
Jordan Brian Henderson,England,7585,43,123,109.0,41.0,11.045361017187261,36.55347528286595,Right Foot,Penalty,Saved,0,0.7835,0.76,0.76
Andrés Mateus Uribe Villa,Colombia,7585,43,124,109.0,41.0,11.045361017187261,36.55347528286595,Right Foot,Penalty,Post,0,0.7835,0.76,0.76
Kieran Trippier,England,7585,43,125,109.0,41.0,11.045361017187261,36.55347528286595,Right Foot,Penalty,Goal,1,0.7835,0.76,0.76
Carlos Arturo Bacca Ahumada,Colombia,7585,43,126,109.0,41.0,11.045361017187261,36.55347528286595,Right Foot,Penalty,Saved,0,0.7835,0.76,0.76
Eric Dier,England,7585,43,127,109.0,41.0,11.045361017187261,36.55347528286595,Right Foot,Penalty,Goal,1,0.7835,0.76,0.76
Ferjani Sassi,Tunisia,7569,43,6,101.0,40.0,19.0,21.806843000295526,Right Foot,Open Play,Blocked,0,0.12016924,0.06477699468608529,0.12958000888587187
Naïm Sliti,Tunisia,7569,43,6,104.0,33.0,17.46424919657298,21.882369513102276,Right Foot,Open Play,Wayward,0,0.18272044,0.07649455462360831,2.5205560692048024e-05
Ricardo Guardia Avila,Panama,7569,43,8,78.0,22.0,45.69463863518345,8.429433645426826,Left Foot,Open Play,Off T,0,0.006804785,0.0030279644420500296,0.00013483486409556693
Naïm Sliti,Tunisia,7569,43,8,95.0,42.0,25.079872407968907,16.555572785893233,Right Foot,Open Play,Off T,0,0.056628663,0.029260943744339997,0.0008993229619502044
Gabriel Arturo Torres Tejada,Panama,7569,43,10,113.0,32.0,10.63014581273465,27.222880258184833,Other,Open Play,Wayward,0,0.15354061,0.09963892578735026,0.00021788970371696065
Fakhreddine Ben Youssef,Tunisia,7569,43,15,104.0,27.0,20.615528128088304,15.883441236865119,Right Foot,Open Play,Blocked,0,0.048992414,0.04724051680656387,0.00021916413274508163
Naïm Sliti,Tunisia,7569,43,20,102.0,48.0,19.697715603592208,19.378356630953085,Right Foot,Open Play,Saved,0,0.07830034,0.0567348474292835,0.1708349548502884
Luis Carlos Ovalle Victoria,Panama,7569,43,32,90.0,20.0,36.05551275463989,9.68601000217631,Right Foot,Open Play,Saved,0,0.0069125295,0.007114710524781623,0.02203563461726068
Román Aureliano Torres Morcillo,Panama,7569,43,32,108.0,30.0,15.620499351813308,20.852441212812437,Right Foot,Open Play,Blocked,0,0.064090684,0.09077390058195825,0.00013684428999979345
José Luis Rodríguez Francis,Panama,7569,43,32,94.0,34.0,26.68332812825267,15.239203379579005,Left Foot,Open Play,Blocked,0,0.03133579,0.031201154237451928,0.04998763422403542
Fakhreddine Ben Youssef,Tunisia,7569,43,38,116.0,38.0,4.47213595499958,77.28907464377035,Head,Open Play,Off T,0,0.30306762,0.2614369296643639,0.007479579673472118
Wahbi Khazri,Tunisia,7569,43,40,109.0,54.0,17.804493814764857,14.853658981864523,Right Foot,Open Play,Off T,0,0.048267953,0.06262633414857059,0.0025967950914175023
Wahbi Khazri,Tunisia,7569,43,45,105.0,54.0,20.518284528683193,15.076398246568523,Right Foot,Open Play,Blocked,0,0.04845559,0.046838413196625524,4.8370876997426096e-05
Wahbi Khazri,Tunisia,7569,43,45,109.0,54.0,17.804493814764857,14.853658981864523,Right Foot,Open Play,Saved,0,0.05502656,0.06262633414857059,0.09880258534284875
Fakhreddine Ben Youssef,Tunisia,7569,43,50,114.0,40.0,6.0,62.76638211271806,Right Foot,Open Play,Goal,1,0.55791056,0.46316843086021403,0.6856460069325765
Fakhreddine Ben Youssef,Tunisia,7569,43,52,109.0,47.0,13.038404810405298,27.2104964913368,Right Foot,Open Play,Saved,0,0.40925014,0.13614480215813954,0.35373979174082915
Hamdi Nagguez,Tunisia,7569,43,55,113.0,50.0,12.206555615733702,20.69976602786677,Other,Open Play,Wayward,0,0.08575495,0.07269537065748283,3.5580604517035085e-05
Ghilane Chalali,Tunisia,7569,43,56,103.0,51.0,20.248456731316587,17.419955448833274,Right Foot,Open Play,Wayward,0,0.060271066,0.05100924566456004,1.688434762221952e-05
Wahbi Khazri,Tunisia,7569,43,61,104.0,56.0,22.627416997969522,13.218884641776974,Right Foot,Open Play,Saved,0,0.034605168,0.03548243970812972,0.1302432063237688
Edgar Yoel Bárcenas Herrera,Panama,7569,43,62,104.0,42.0,16.1245154965971,25.40447831099285,Right Foot,Open Play,Saved,0,0.19272226,0.0954788612955451,0.0879120513175442
Wahbi Khazri,Tunisia,7569,43,65,117.0,43.0,4.242640687119285,78.15821411699937,Right Foot,Open Play,Goal,1,0.7630343,0.6081997805193692,0.7384804535203331
José Luis Rodríguez Francis,Panama,7569,43,69,108.0,31.0,15.0,22.544033687271924,Left Foot,Open Play,Saved,0,0.07895462,0.08852533192031646,0.08576655840657264
Aníbal Cesis Godoy,Panama,7569,43,92,104.0,31.0,18.35755975068582,19.896374808405774,Left Foot,Open Play,Off T,0,0.10425556,0.08630138186984888,0.0027229244904500094
Edgar Yoel Bárcenas Herrera,Panama,7569,43,95,94.0,50.0,27.85677655436824,14.012828265732182,Right Foot,Free Kick,Saved,0,0.052178748,0.04832964077753995,0.1068006505185426
Shinji Okazaki,Japan,7572,43,11,113.0,38.0,7.280109889280518,52.298860701385024,Head,Open Play,Off T,0,0.18346742,0.12058416394315712,0.001101497481389175
Yoshinori Muto,Japan,7572,43,12,100.0,28.0,23.323807579381203,15.424807645992733,Right Foot,Open Play,Saved,0,0.059056483,0.022911115886656504,0.07802921175072257
Robert Lewandowski,Poland,7572,43,14,98.0,32.0,23.40939982143925,16.763986910623107,Right Foot,Open Play,Blocked,0,0.054395676,0.03543154819284698,0.0003462938809833369
Gotoku Sakai,Japan,7572,43,15,97.0,43.0,23.194827009486403,17.79286634336587,Left Foot,Open Play,Saved,0,0.062735535,0.032452678314963235,0.04903775401480658
Rafał Kurzawa,Poland,7572,43,22,93.0,38.0,27.073972741361768,15.35765421821431,Left Foot,Open Play,Blocked,0,0.044366844,0.02995457890213355,0.06852233964622478
Kamil Grosicki,Poland,7572,43,31,108.0,39.0,12.041594578792296,33.72132196479854,Head,Open Play,Saved,0,0.13426797,0.07077434624862342,0.301085961072379
Jacek Góralski,Poland,7572,43,32,85.0,48.0,35.90264614203248,11.356531011087421,Right Foot,Open Play,Off T,0,0.006573843,0.007546711277956938,0.0011268133885627763
Takashi Usami,Japan,7572,43,34,114.0,58.0,18.973665961010276,7.221750190082091,Right Foot,Open Play,Saved,0,0.011623721,0.030569483565164007,0.07560269910049418
Rafał Kurzawa,Poland,7572,43,36,104.0,50.0,18.867962264113206,18.873095911633765,Right Foot,Open Play,Off T,0,0.061134342,0.06134321815792043,0.008125619733003702
Tomoaki Makino,Japan,7572,43,40,109.0,38.0,11.180339887498949,35.80957920976616,Head,Open Play,Wayward,0,0.07206442,0.08140641878785872,2.5024577805665753e-05
Takashi Usami,Japan,7572,43,52,97.0,32.0,24.351591323771842,16.197206443157356,Right Foot,Open Play,Blocked,0,0.04554054,0.02079369877750518,0.00022163447004118925
Yoshinori Muto,Japan,7572,43,57,113.0,41.0,7.0710678118654755,54.45906449436183,Head,Open Play,Wayward,0,0.10740796,0.12911452760656159,0.12033194434364412
Tomoaki Makino,Japan,7572,43,57,118.0,34.0,6.324555320336759,28.82332539662964,Right Foot,Open Play,Off T,0,0.12342296,0.2623830559840655,0.004933489022488896
Jan Bednarek,Poland,7572,43,58,114.0,46.0,8.48528137423857,36.84905585351558,Right Foot,Open Play,Goal,1,0.20855306,0.25313147982462697,0.6121092689251157
Takashi Usami,Japan,7572,43,61,104.0,35.0,16.76305461424021,23.637118232567815,Right Foot,Open Play,Blocked,0,0.11634326,0.08578071665864322,0.0008355017257244293
Piotr Zieliński,Poland,7572,43,63,96.0,47.0,25.0,16.026420942143815,Left Foot,Open Play,Blocked,0,0.039988436,0.038348981761124376,0.00027199927178449436
Kamil Grosicki,Poland,7572,43,67,106.0,35.0,14.866068747318506,26.272381832912487,Head,Open Play,Off T,0,0.09800385,0.043663482537472514,0.00016731411129480663
Takashi Inui,Japan,7572,43,69,107.0,16.0,27.294688127912362,7.410872754258165,Right Foot,Open Play,Off T,0,0.0072147795,0.011998026853416397,0.00012638784166355395
Maya Yoshida,Japan,7572,43,71,113.0,39.0,7.0710678118654755,54.45906449436183,Head,Open Play,Off T,0,0.1017525,0.18489173091914526,0.0013557318531283674
Robert Lewandowski,Poland,7572,43,73,109.0,43.0,11.40175425099138,34.626629921099756,Right Foot,Open Play,Off T,0,0.26756054,0.18638763453624205,0.015327277528811271
Kamil Glik,Poland,7572,43,77,109.0,41.0,11.045361017187261,36.55347528286595,Head,Open Play,Off T,0,0.06256303,0.08399723576377854,0.014129603362847219
Artur Jędrzejczyk,Poland,7572,43,81,110.0,40.0,10.0,40.20525157181436,Head,Open Play,Blocked,0,0.06330646,0.06896339880750212,0.04844535088132776
Mateo Kovačić,Croatia,7561,43,18,101.0,46.0,19.924858845171276,19.92867038892818,Right Foot,Open Play,Blocked,0,0.060011856,0.05607389183165464,0.057398971197089234
Hörður Björgvin Magnússon,Iceland,7561,43,27,112.0,34.0,10.0,34.06569721788727,Head,Open Play,Off T,0,0.0732138,0.08859114934240747,0.001516474035385361
Gylfi Þór Sigurðsson,Iceland,7561,43,30,94.0,19.0,33.421549934136806,9.78459412403691,Right Foot,Free Kick,Saved,0,0.007674473,0.023494756280671394,0.12897182530016232
Birkir Bjarnason,Iceland,7561,43,33,104.0,36.0,16.492422502470642,24.36541685688352,Right Foot,Open Play,Blocked,0,0.06737653,0.08973470251136186,0.12462252035275845
Birkir Bjarnason,Iceland,7561,43,33,105.0,41.0,15.033296378372908,27.31418934907945,Right Foot,Open Play,Blocked,0,0.0741302,0.07584016614596976,0.08066992012345549
Ivan Perišić,Croatia,7561,43,36,95.0,41.0,25.019992006393608,16.632179031120778,Left Foot,Open Play,Off T,0,0.040457163,0.03882534513285924,0.000296112355568524
Marko Pjaca,Croatia,7561,43,39,91.0,40.0,29.0,14.386184872244916,Right Foot,Open Play,Blocked,0,0.027670745,0.01784859747648643,0.01336262966159019
Alfreð Finnbogason,Iceland,7561,43,39,103.0,45.0,17.72004514666935,22.487891729925146,Right Foot,Open Play,Off T,0,0.13476612,0.07548762331853544,0.0011091501403243896
Luka Modrić,Croatia,7561,43,40,87.0,46.0,33.54101966249684,12.260190014388433,Right Foot,Open Play,Off T,0,0.02248241,0.01010761175048101,6.603336051711687e-05
Emil Hallfreðsson,Iceland,7561,43,43,85.0,35.0,35.35533905932738,11.704955382924922,Left Foot,Open Play,Off T,0,0.0148026515,0.007043111167430229,0.001687026592546111
Birkir Bjarnason,Iceland,7561,43,45,108.0,42.0,12.165525060596439,33.127621304665844,Right Foot,Open Play,Saved,0,0.12390236,0.1680998591141427,0.2493291149076319
Aron Einar Gunnarsson,Iceland,7561,43,46,104.0,56.0,22.627416997969522,13.218884641776974,Right Foot,Open Play,Saved,0,0.032808866,0.03548243970812972,0.12799438626442036
Milan Badelj,Croatia,7561,43,50,93.0,49.0,28.460498941515414,13.93390530400062,Right Foot,Open Play,Post,0,0.02910992,0.01876252794620438,0.0007752796578375278
Milan Badelj,Croatia,7561,43,52,106.0,40.0,14.0,29.301715644264668,Right Foot,Open Play,Goal,1,0.15725932,0.08854890582856065,0.4386704264946527
Hörður Björgvin Magnússon,Iceland,7561,43,54,117.0,48.0,8.54400374531753,20.225269258330368,Head,Open Play,Wayward,0,0.094022386,0.05047655356040599,0.11075335793268094
Sverrir Ingi Ingason,Iceland,7561,43,54,113.0,39.0,7.0710678118654755,54.45906449436183,Head,Open Play,Saved,0,0.14512381,0.18489173091914526,0.4518170458062061
Sverrir Ingi Ingason,Iceland,7561,43,55,113.0,42.0,7.280109889280518,52.298860701385024,Head,Open Play,Post,0,0.08829386,0.17341004224750617,0.006242554289068862
Johann Berg Guðmunds­son,Iceland,7561,43,56,101.0,61.0,28.319604517012593,10.001956570180235,Left Foot,Open Play,Blocked,0,0.010740825,0.022862835535802144,1.2462010329583e-06
Gylfi Þór Sigurðsson,Iceland,7561,43,65,108.0,60.0,23.323807579381203,9.399896075302841,Right Foot,Open Play,Off T,0,0.009020671,0.029935248666588435,0.0010623849989597237
Andrej Kramarić,Croatia,7561,43,65,91.0,34.0,29.614185789921695,13.809911557678074,Left Foot,Open Play,Blocked,0,0.02832047,0.021687233637895414,0.00010654645475553545
Birkir Bjarnason,Iceland,7561,43,72,112.0,33.0,10.63014581273465,30.45237044057419,Left Foot,Open Play,Off T,0,0.27502066,0.23055361121923024,0.0040504869073263285
Josip Pivarić,Croatia,7561,43,73,100.0,19.0,29.0,10.031622421223814,Left Foot,Open Play,Off T,0,0.009257236,0.021190470425737944,0.000220535974304604
Gylfi Þór Sigurðsson,Iceland,7561,43,75,109.0,41.0,11.045361017187261,36.55347528286595,Right Foot,Penalty,Goal,1,0.7835,0.76,0.76
Johann Berg Guðmunds­son,Iceland,7561,43,76,98.0,60.0,29.732137494637012,10.479830033762187,Left Foot,Open Play,Saved,0,0.008520809,0.01298083111557079,0.046750899550081146
Ivan Perišić,Croatia,7561,43,84,95.0,55.0,29.154759474226502,12.338615878595043,Left Foot,Free Kick,Off T,0,0.03921014,0.05276427783447768,0.003678095271034024
Ivan Rakitić,Croatia,7561,43,87,104.0,16.0,28.844410203711913,8.14220948891394,Right Foot,Free Kick,Off T,0,0.008552793,0.0376600548616876,0.0010254236552113007
Andrej Kramarić,Croatia,7561,43,88,104.0,33.0,17.46424919657298,21.882369513102276,Right Foot,Open Play,Off T,0,0.07215265,0.07649455462360831,0.0007744154344227146
Ivan Perišić,Croatia,7561,43,89,111.0,28.0,15.0,17.29322905131749,Left Foot,Open Play,Goal,1,0.124663696,0.11529174814153179,0.5523580848689532
Ivan Rakitić,Croatia,7561,43,91,101.0,41.0,19.026297590440446,21.750134253188115,Right Foot,Open Play,Off T,0,0.054780398,0.06450802244978926,0.00046228101091693434
Aron Einar Gunnarsson,Iceland,7561,43,93,114.0,38.0,6.324555320336759,58.794748284818155,Head,Open Play,Blocked,0,0.18976888,0.21600178311745874,0.18395716209616766
Roman Zobnin,Russia,7540,43,4,100.0,22.0,26.90724809414742,11.641298809723288,Left Foot,Open Play,Blocked,0,0.01924025,0.027885677313205307,6.799372647042664e-06
Sergei Ignashevich,Russia,7540,43,5,110.0,38.0,10.198039027185569,38.93501443199597,Head,Open Play,Saved,0,0.11243659,0.09690966041367048,0.12736201501109254
Aleksandr Golovin,Russia,7540,43,5,96.0,37.0,24.186773244895647,17.08457144835793,Right Foot,Open Play,Off T,0,0.054492563,0.03274688740056169,0.0004002663141961629
Denis Cheryshev,Russia,7540,43,12,99.0,48.0,22.47220505424423,17.363965149225734,Left Foot,Open Play,Blocked,0,0.029840613,0.05229388164301626,0.00037071637771526926
Marwan Mohsen,Egypt,7540,43,14,116.0,33.0,8.06225774829855,29.570293798098717,Head,Open Play,Blocked,0,0.110154584,0.06627966195554212,0.00045788858280657437
Mahmoud Ibrahim Hassan,Egypt,7540,43,15,105.0,24.0,21.93171219946131,13.21444457277,Right Foot,Open Play,Off T,0,0.02676571,0.0383268492879842,0.0007487522568036241
Denis Cheryshev,Russia,7540,43,18,92.0,34.0,28.635642126552707,14.257245160782109,Right Foot,Open Play,Off T,0,0.021579333,0.018541042074949353,0.0005249748631841275
Yury Gazinskiy,Russia,7540,43,22,89.0,32.0,32.01562118716424,12.643127217049852,Right Foot,Open Play,Off T,0,0.01850139,0.012141171812334374,0.0038511509308526426
Mahmoud Ibrahim Hassan,Egypt,7540,43,24,99.0,28.0,24.186773244895647,15.052271960594913,Right Foot,Open Play,Blocked,0,0.03949043,0.031175151109744722,9.918136228914545e-05
Marwan Mohsen,Egypt,7540,43,33,117.0,25.0,15.297058540778355,5.684763795611338,Head,Open Play,Wayward,0,0.012645621,0.016687850028257827,6.508000313102918e-07
Marwan Mohsen,Egypt,7540,43,34,113.0,34.0,9.219544457292887,35.58745212572946,Head,Open Play,Off T,0,0.10735543,0.0673435682706902,0.0014249139512756415
Denis Cheryshev,Russia,7540,43,38,90.0,39.0,30.01666203960727,13.896357589118052,Left Foot,Open Play,Wayward,0,0.016148616,0.02076855128009634,0.06966793220938523
Marwan Mohsen,Egypt,7540,43,38,107.0,41.0,13.038404810405298,31.284780529546936,Head,Open Play,Saved,0,0.13225357,0.04008239303180873,0.1182714134942257
Artem Dzyuba,Russia,7540,43,40,113.0,47.0,9.899494936611665,31.200869115942954,Head,Open Play,Off T,0,0.093272045,0.05645173529753081,0.0043358740491174046
Mohamed Salah,Egypt,7540,43,41,104.0,46.0,17.08800749063506,22.800960208387572,Left Foot,Open Play,Off T,0,0.06451939,0.1052010413078329,0.0021605602589737432
Roman Zobnin,Russia,7540,43,46,97.0,55.0,27.459060435491963,12.807268768484535,Right Foot,Open Play,Blocked,0,0.023341442,0.0204380226651806,0.03205406500775365
Mohamed Salah,Egypt,7540,43,55,107.0,33.0,14.7648230602334,24.9427916000817,Left Foot,Open Play,Blocked,0,0.13687143,0.09580763924540989,0.001070368773898038
Denis Cheryshev,Russia,7540,43,58,111.0,47.0,11.40175425099138,29.465894784837182,Left Foot,Open Play,Goal,1,0.112002075,0.21102203544366974,0.36037091528890414
Artem Dzyuba,Russia,7540,43,61,108.0,44.0,12.649110640673518,30.928500850362962,Right Foot,Open Play,Goal,1,0.24069965,0.15318103853527773,0.4125804747742574
Ali Gabr,Egypt,7540,43,62,107.0,49.0,15.811388300841896,21.909514130132212,Head,Open Play,Off T,0,0.06319924,0.03541305139567619,0.0002088610750931379
Mahmoud Ibrahim Hassan,Egypt,7540,43,66,101.0,40.0,19.0,21.806843000295526,Right Foot,Open Play,Off T,0,0.09748146,0.04331005150499439,0.0005050203407299282
Abdalla Mahmoud El Said Bekhit,Egypt,7540,43,69,90.0,34.0,30.59411708155671,13.388518081866977,Right Foot,Open Play,Off T,0,0.02183278,0.014536073831296147,0.0027607464612896537
Mohamed Salah,Egypt,7540,43,72,108.0,40.0,12.0,33.92341177306582,Left Foot,Penalty,Goal,1,0.7835,0.76,0.76
Sergei Ignashevich,Russia,7540,43,74,117.0,34.0,6.708203932499369,34.79311695804624,Head,Open Play,Saved,0,0.23959623,0.1263739622040855,0.20230182727210075
Mohamed Salah,Egypt,7540,43,87,102.0,38.0,18.110770276274835,22.724505268660117,Left Foot,Open Play,Blocked,0,0.060671132,0.09444702968575752,0.18860954207100267
Amr Medhat Warda,Egypt,7540,43,89,102.0,59.0,26.1725046566048,11.099708801867573,Left Foot,Open Play,Off T,0,0.014450283,0.029880172279143295,0.0002609847641138557
Tarek Hamed,Egypt,7540,43,93,93.0,50.0,28.792360097775937,13.62153552720925,Right Foot,Open Play,Blocked,0,0.026327193,0.01793315508032935,8.386007105442046e-05
Gylfi Þór Sigurðsson,Iceland,7531,43,0,96.0,53.0,27.294688127912362,13.502763673982074,Left Foot,Open Play,Off T,0,0.023992069,0.02793690873521115,0.00016263620287938646
Nicolás Hernán Otamendi,Argentina,7531,43,4,111.0,43.0,9.486832980505138,40.695623908897176,Left Foot,Open Play,Off T,0,0.16911486,0.30633058878121566,0.003806399272324315
Nicolás Alejandro Tagliafico,Argentina,7531,43,7,105.0,45.0,15.811388300841896,24.894400196835885,Head,Open Play,Off T,0,0.08400753,0.038052488844617094,0.0008583409879441997
Alfreð Finnbogason,Iceland,7531,43,8,115.0,57.0,17.72004514666935,6.941862743785708,Right Foot,Open Play,Off T,0,0.012627738,0.05245249073916791,0.0064022097534906395
Johann Berg Guðmunds­son,Iceland,7531,43,8,100.0,54.0,24.413111231467404,14.105540114325132,Left Foot,Open Play,Blocked,0,0.03494443,0.025892412312773984,6.500542501480886e-05
Birkir Bjarnason,Iceland,7531,43,8,107.0,32.0,15.264337522473747,23.428273993435596,Right Foot,Open Play,Off T,0,0.31297603,0.06760739325963709,0.0007923284879517435
Nicolás Hernán Otamendi,Argentina,7531,43,12,86.0,50.0,35.4400902933387,11.325853529314111,Right Foot,Open Play,Off T,0,0.010176116,0.007950585437025015,0.001101214337185989
Lionel Andrés Messi Cuccittini,Argentina,7531,43,16,97.0,49.0,24.698178070456937,15.758909650242517,Left Foot,Open Play,Saved,0,0.03815293,0.03939864700606677,0.1954996098301528
Faustino Marcos Alberto Rojo,Argentina,7531,43,18,90.0,23.0,34.48187929913333,10.58076878625295,Left Foot,Open Play,Blocked,0,0.0062765433,0.011534393004878317,0.019630057990554582
Sergio Leonel Agüero del Castillo,Argentina,7531,43,18,106.0,37.0,14.317821063276353,28.140188848686396,Left Foot,Open Play,Goal,1,0.07673583,0.15604099072472236,0.6448568210147414
Lionel Andrés Messi Cuccittini,Argentina,7531,43,20,96.0,26.0,27.784887978899608,13.038885366590744,Left Foot,Open Play,Saved,0,0.019393038,0.026146052017503037,0.15186907675458444
Alfreð Finnbogason,Iceland,7531,43,22,114.0,40.0,6.0,62.76638211271806,Other,Open Play,Wayward,0,0.23878485,0.3145349703335021,1.7215620313062604e-05
Alfreð Finnbogason,Iceland,7531,43,22,113.0,39.0,7.0710678118654755,54.45906449436183,Right Foot,Open Play,Goal,1,0.28817946,0.382553496184,0.3423250576522592
Nicolás Alejandro Tagliafico,Argentina,7531,43,26,111.0,34.0,10.816653826391969,32.451478180083946,Head,Open Play,Blocked,0,0.06255798,0.0526155411822037,0.0003562489422727442
Nicolás Hernán Otamendi,Argentina,7531,43,27,109.0,35.0,12.083045973594572,31.26694726260776,Head,Open Play,Saved,0,0.06963823,0.06654621576627438,0.19416149070350422
Lucas Rodrigo Biglia,Argentina,7531,43,32,95.0,31.0,26.570660511172846,14.800465822433324,Right Foot,Open Play,Off T,0,0.027525058,0.02371859834498263,0.0031799182089392954
Lionel Andrés Messi Cuccittini,Argentina,7531,43,38,111.0,22.0,20.12461179749811,9.549507323591847,Left Foot,Open Play,Blocked,0,0.01300174,0.05614757544300742,9.566898648149641e-06
Lucas Rodrigo Biglia,Argentina,7531,43,41,116.0,48.0,8.94427190999916,23.730799460123105,Head,Open Play,Off T,0,0.106955945,0.07815540051663143,0.004195375134430826
Gylfi Þór Sigurðsson,Iceland,7531,43,44,111.0,26.0,16.64331697709324,14.03192696864829,Right Foot,Open Play,Saved,0,0.053129368,0.0696149245695941,0.10055093727782964
Gylfi Þór Sigurðsson,Iceland,7531,43,45,102.0,29.0,21.095023109728988,16.976358966144755,Right Foot,Open Play,Off T,0,0.055793043,0.04599895804147459,0.00032717409021221764
Nicolás Hernán Otamendi,Argentina,7531,43,47,113.0,44.0,8.06225774829855,44.79698948428266,Head,Open Play,Off T,0,0.11763951,0.09409699702019603,0.008714021511161572
Gylfi Þór Sigurðsson,Iceland,7531,43,49,118.0,24.0,16.1245154965971,3.3974530341675315,Right Foot,Open Play,Blocked,0,0.0116975065,0.057394147498367354,4.303072598251178e-05
Sergio Leonel Agüero del Castillo,Argentina,7531,43,55,111.0,49.0,12.727922061357855,23.90889228521095,Right Foot,Open Play,Blocked,0,0.08008037,0.13073805652228215,0.0002929459996674671
Sergio Leonel Agüero del Castillo,Argentina,7531,43,56,107.0,55.0,19.849433241279208,14.037504445916245,Right Foot,Open Play,Blocked,0,0.030517573,0.04917371692345775,5.1065702670300614e-05
Éver Maximiliano David Banega,Argentina,7531,43,58,101.0,37.0,19.235384061671343,21.306381056670578,Left Foot,Open Play,Blocked,0,0.069268815,0.08124360987328802,0.16613604568820606
Lionel Andrés Messi Cuccittini,Argentina,7531,43,63,109.0,41.0,11.045361017187261,36.55347528286595,Left Foot,Penalty,Saved,0,0.7835,0.76,0.76
Lionel Andrés Messi Cuccittini,Argentina,7531,43,63,105.0,58.0,23.430749027719962,11.58523894525543,Left Foot,Open Play,Blocked,0,0.019748092,0.04100824669899659,9.595139257100361e-05
Lionel Andrés Messi Cuccittini,Argentina,7531,43,65,92.0,58.0,33.28663395418648,10.60558081600439,Left Foot,Free Kick,Off T,0,0.0077727404,0.032070469367792925,0.0017223972810219749
Eduardo Antonio Salvio,Argentina,7531,43,69,100.0,53.0,23.853720883753127,14.76172331749696,Left Foot,Open Play,Blocked,0,0.030180966,0.04223153969721728,0.00020697057509994844
Éver Maximiliano David Banega,Argentina,7531,43,70,97.0,20.0,30.479501308256342,10.419077110768171,Right Foot,Open Play,Saved,0,0.009970189,0.013687231754888167,0.01637902636397033
Lionel Andrés Messi Cuccittini,Argentina,7531,43,72,92.0,61.0,35.0,9.601492076843414,Left Foot,Free Kick,Blocked,0,0.008096782,0.025836631083128513,1.1092852127499767e-05
Lionel Andrés Messi Cuccittini,Argentina,7531,43,80,97.0,44.0,23.345235059857504,17.57308139746118,Left Foot,Open Play,Off T,0,0.04472891,0.031743464775844006,0.0006828230575274483
Cristian David Pavón,Argentina,7531,43,82,100.0,27.0,23.853720883753127,14.76172331749696,Right Foot,Open Play,Blocked,0,0.029067878,0.032128878689102434,1.0694013777956237e-05
Lionel Andrés Messi Cuccittini,Argentina,7531,43,83,98.0,44.0,22.360679774997898,18.311778441669244,Left Foot,Open Play,Blocked,0,0.05503503,0.05413516853471425,0.11681766173182898
Javier Alejandro Mascherano,Argentina,7531,43,87,95.0,55.0,29.154759474226502,12.338615878595043,Right Foot,Open Play,Saved,0,0.01982028,0.016677971091197008,0.053475783593523535
Lionel Andrés Messi Cuccittini,Argentina,7531,43,91,105.0,52.0,19.209372712298546,17.159123116408203,Right Foot,Open Play,Off T,0,0.048534878,0.05677744731198815,0.0034492679171541137
Lionel Andrés Messi Cuccittini,Argentina,7531,43,94,90.0,36.0,30.265491900843113,13.674158577267905,Left Foot,Free Kick,Blocked,0,0.043020435,0.04823052909842553,0.0002850658270072626
Youri Tielemans,Belgium,7570,43,5,93.0,52.0,29.546573405388315,12.948395643534957,Right Foot,Open Play,Saved,0,0.022962598,0.016194483417160756,0.05975932522883815
Michy Batshuayi Tunga,Belgium,7570,43,9,117.0,40.0,3.0,101.31896368032497,Right Foot,Open Play,Blocked,0,0.25720772,0.7616978253498493,0.813169318390273
Marcus Rashford,England,7570,43,11,91.0,20.0,35.22782990761707,9.81069084014143,Right Foot,Open Play,Blocked,0,0.006949785,0.007845441053347514,1.27672575025159e-06
Jamie Vardy,England,7570,43,13,112.0,42.0,8.246211251235321,47.00192772116288,Head,Open Play,Off T,0,0.17350295,0.1411926352831049,0.0008180646924258109
Michy Batshuayi Tunga,Belgium,7570,43,26,109.0,55.0,18.601075237738275,13.608873385238708,Right Foot,Open Play,Blocked,0,0.037858445,0.05578650893860596,3.9961605271968816e-05
Marouane Fellaini-Bakkioui,Belgium,7570,43,26,107.0,33.0,14.7648230602334,24.9427916000817,Right Foot,Open Play,Blocked,0,0.068467006,0.10877217667022704,0.1070854573769231
Youri Tielemans,Belgium,7570,43,26,91.0,49.0,30.364452901377952,13.150306023738871,Right Foot,Open Play,Blocked,0,0.019955475,0.01483285212874892,6.966606867634953e-05
Ruben Loftus-Cheek,England,7570,43,33,113.0,40.0,7.0,55.206279386696266,Head,Open Play,Off T,0,0.08550697,0.18897580696580488,0.0033513260477820404
Adnan Januzaj,Belgium,7570,43,34,90.0,41.0,30.01666203960727,13.896357589118052,Left Foot,Open Play,Blocked,0,0.024078226,0.02076855128009634,0.048879648403264364
Anga Dedryck Boyata,Belgium,7570,43,35,111.0,43.0,9.486832980505138,40.695623908897176,Head,Open Play,Wayward,0,0.10147972,0.10850900591057236,5.302507753120855e-07
Jamie Vardy,England,7570,43,35,109.0,35.0,12.083045973594572,31.26694726260776,Head,Open Play,Wayward,0,0.07114903,0.04452086818743289,2.2622282057598972e-06
Thorgan Hazard,Belgium,7570,43,37,99.0,34.0,21.840329667841555,18.344271790850083,Right Foot,Open Play,Off T,0,0.054440886,0.029057233639580148,0.006519457137391231
Thorgan Hazard,Belgium,7570,43,39,108.0,27.0,17.69180601295413,16.34043093367809,Right Foot,Open Play,Wayward,0,0.0480227,0.0656362288720284,3.819029618646824e-09
Marcus Rashford,England,7570,43,47,107.0,27.0,18.384776310850235,16.338859928152818,Right Foot,Open Play,Off T,0,0.07081192,0.06090282872782939,0.00042133595722198625
Adnan Januzaj,Belgium,7570,43,50,105.0,53.0,19.849433241279208,16.092243503171133,Left Foot,Open Play,Goal,1,0.07781259,0.0674399518856834,0.40260336504636174
Trent Alexander-Arnold,England,7570,43,53,93.0,42.0,27.073972741361768,15.35765421821431,Right Foot,Free Kick,Blocked,0,0.06266041,0.05435471211820756,0.09501624098539475
Adnan Januzaj,Belgium,7570,43,54,107.0,54.0,19.1049731745428,15.14401840736931,Left Foot,Open Play,Blocked,0,0.06467166,0.07145129406633952,2.5453649429180987e-05
Marcus Rashford,England,7570,43,65,104.0,33.0,17.46424919657298,21.882369513102276,Right Foot,Open Play,Saved,0,0.46036732,0.07649455462360831,0.30002906946068353
Fabian Delph,England,7570,43,66,86.0,50.0,35.4400902933387,11.325853529314111,Left Foot,Open Play,Off T,0,0.0065541323,0.010533321120284047,0.00038016471754552257
Fabian Delph,England,7570,43,69,99.0,33.0,22.135943621178654,17.876153541275468,Left Foot,Open Play,Blocked,0,0.055591382,0.05490884664638412,0.08448584750286905
Marcus Rashford,England,7570,43,80,92.0,55.0,31.76476034853718,11.632674665288835,Right Foot,Free Kick,Off T,0,0.01720768,0.029596379282818424,0.0016197457818170802
Daniel Nii Tackie Mensah Welbeck,England,7570,43,82,106.0,31.0,16.64331697709324,21.244308351504404,Left Foot,Open Play,Blocked,0,0.07303211,0.10636741243828486,0.11133682386594168
Daniel Nii Tackie Mensah Welbeck,England,7570,43,86,116.0,30.0,10.770329614269007,15.927044512807306,Right Foot,Open Play,Off T,0,0.11735268,0.13372684851223973,0.00364359325124464
Dries Mertens,Belgium,7570,43,88,99.0,49.0,22.847319317591726,16.816855676770675,Right Foot,Open Play,Saved,0,0.05145745,0.03776125985531156,0.11125516464507634
Thorgan Hazard,Belgium,7570,43,88,110.0,26.0,17.204650534085253,14.521572760280584,Right Foot,Open Play,Blocked,0,0.049130097,0.06629356717665728,0.00031250022845184127
Marouane Fellaini-Bakkioui,Belgium,7570,43,91,113.0,29.0,13.038404810405298,18.11777917817736,Left Foot,Open Play,Off T,0,0.08778975,0.14293653075115528,0.00630283148224149
Xherdan Shaqiri,Switzerland,7586,43,0,89.0,60.0,36.89173349139343,9.558237991977766,Left Foot,Open Play,Off T,0,0.0066578025,0.008542594710427856,0.0002788324211307694
Steven Zuber,Switzerland,7586,43,6,103.0,22.0,24.758836806279895,11.724544378928572,Right Foot,Open Play,Saved,0,0.018274585,0.0269726667255338,0.02665563598143749
Marcus Berg,Sweden,7586,43,7,108.0,56.0,20.0,12.80079417489957,Right Foot,Open Play,Off T,0,0.053133797,0.04696523524219734,0.002735619401122998
Marcus Berg,Sweden,7586,43,7,104.0,41.0,16.0312195418814,25.67729328661793,Right Foot,Open Play,Blocked,0,0.13240822,0.09700731383753156,0.13335815927857947
Albin Ekdal,Sweden,7586,43,8,101.0,41.0,19.026297590440446,21.750134253188115,Right Foot,Open Play,Off T,0,0.064965196,0.06450802244978926,0.006755743012859569
Mikael Lustig,Sweden,7586,43,13,93.0,50.0,28.792360097775937,13.62153552720925,Right Foot,Open Play,Wayward,0,0.020048771,0.011794372850073748,2.1277662923058892e-07
Steven Zuber,Switzerland,7586,43,23,112.0,51.0,13.601470508735444,18.842206689714867,Head,Open Play,Off T,0,0.057390075,0.0420223744779102,0.002489423834767677
Marcus Berg,Sweden,7586,43,27,108.0,49.0,15.0,22.544033687271924,Left Foot,Open Play,Saved,0,0.076549776,0.12937288787548243,0.2505489760540857
Granit Xhaka,Switzerland,7586,43,33,81.0,48.0,39.81205847478876,10.295449998796208,Left Foot,Open Play,Off T,0,0.006197928,0.006229342990217106,0.0006794661347901805
Xherdan Shaqiri,Switzerland,7586,43,35,98.0,60.0,29.732137494637012,10.479830033762187,Left Foot,Open Play,Blocked,0,0.008389957,0.01972481978032572,1.0280818860165689e-05
Blerim Džemaili,Switzerland,7586,43,37,104.0,31.0,18.35755975068582,19.896374808405774,Right Foot,Open Play,Off T,0,0.059255723,0.06638704016688389,0.005503956633676824
Emil Peter Forsberg,Sweden,7586,43,39,90.0,51.0,31.953090617340916,12.29493598154946,Right Foot,Free Kick,Blocked,0,0.02941522,0.029448915875003416,3.6702486027801164e-05
Albin Ekdal,Sweden,7586,43,40,113.0,33.0,9.899494936611665,31.200869115942954,Right Foot,Open Play,Off T,0,0.16979344,0.2000191369717479,0.01329306147068861
Ola Toivonen,Sweden,7586,43,48,109.0,47.0,13.038404810405298,27.2104964913368,Left Foot,Open Play,Off T,0,0.126767,0.12035832465548654,0.016603942229726516
Ricardo Iván Rodríguez Araya,Switzerland,7586,43,52,93.0,26.0,30.4138126514911,12.232669452927654,Right Foot,Open Play,Blocked,0,0.017152697,0.014420236677650715,4.877481512638349e-06
Emil Peter Forsberg,Sweden,7586,43,63,104.0,16.0,28.844410203711913,8.14220948891394,Right Foot,Free Kick,Blocked,0,0.008370536,0.0376600548616876,1.0616518288861013e-05
Emil Peter Forsberg,Sweden,7586,43,65,101.0,42.0,19.1049731745428,21.581680066454823,Right Foot,Open Play,Goal,1,0.0959111,0.06371131964747306,0.28778806049892236
Albin Ekdal,Sweden,7586,43,68,93.0,49.0,28.460498941515414,13.93390530400062,Right Foot,Open Play,Off T,0,0.026191495,0.01876252794620438,0.0018037515150560453
Ricardo Iván Rodríguez Araya,Switzerland,7586,43,68,93.0,21.0,33.015148038438355,10.40237430603159,Right Foot,Open Play,Saved,0,0.009722147,0.01025024272214005,0.030562451165556552
Xherdan Shaqiri,Switzerland,7586,43,70,104.0,58.0,24.08318915758459,11.678847824117435,Left Foot,Open Play,Blocked,0,0.025396068,0.03823716140407411,1.3603518453040185e-05
Granit Xhaka,Switzerland,7586,43,71,88.0,33.0,32.7566787083184,12.465533902199871,Left Foot,Open Play,Blocked,0,0.019179972,0.014703217936941097,0.00010630834807759444
Xherdan Shaqiri,Switzerland,7586,43,77,95.0,52.0,27.730849247724095,13.614330250580947,Left Foot,Open Play,Blocked,0,0.01532167,0.02667610992791824,4.236148144324449e-05
Michael Lang,Switzerland,7586,43,78,112.0,53.0,15.264337522473747,14.93113137364117,Right Foot,Open Play,Blocked,0,0.054058094,0.08232137537195346,5.961628883124162e-05
Breel-Donald Embolo,Switzerland,7586,43,78,113.0,36.0,8.06225774829855,44.79698948428266,Head,Open Play,Blocked,0,0.07843667,0.09409699702019603,0.23807059895652347
Ricardo Iván Rodríguez Araya,Switzerland,7586,43,85,100.0,31.0,21.93171219946131,17.384564076820485,Right Foot,Open Play,Blocked,0,0.040360313,0.04236008178406635,0.0631173877747877
Josip Drmic,Switzerland,7586,43,85,101.0,38.0,19.1049731745428,21.581680066454823,Left Foot,Open Play,Blocked,0,0.057245187,0.08289428233790704,0.12242612592977574
Haris Seferović,Switzerland,7586,43,90,112.0,30.0,12.806248474865697,21.24773692030976,Head,Open Play,Saved,0,0.05994916,0.0485757973435512,0.13116378075228818
Ola Toivonen,Sweden,7586,43,96,102.0,38.0,18.110770276274835,22.724505268660117,Right Foot,Free Kick,Saved,0,0.10691146,0.1625763769198884,0.46390280943569084
Cristiano Ronaldo dos Santos Aveiro,Portugal,7557,43,2,112.0,27.0,15.264337522473747,14.93113137364117,Right Foot,Open Play,Saved,0,0.08121445,0.08232137537195346,0.19818744020027626
Vahid Amiri,Iran,7557,43,6,101.0,29.0,21.95449840010015,16.53068796405916,Left Foot,Open Play,Off T,0,0.037193935,0.05425209110755924,0.000223819829894008
João Mário Naval da Costa Eduardo,Portugal,7557,43,8,102.0,35.0,18.681541692269406,21.435225191305207,Right Foot,Open Play,Off T,0,0.1189627,0.06645746573694543,0.0021425758739096845
Cristiano Ronaldo dos Santos Aveiro,Portugal,7557,43,15,95.0,55.0,29.154759474226502,12.338615878595043,Right Foot,Free Kick,Blocked,0,0.040589333,0.04024784924739356,1.624359182902768e-05
José Miguel da Rocha Fonte,Portugal,7557,43,16,100.0,39.0,20.024984394500787,20.691786057581773,Right Foot,Open Play,Blocked,0,0.07572546,0.05647431137423412,0.057614909195682455
Kléper Laveran Lima Ferreira,Portugal,7557,43,17,114.0,35.0,7.810249675906654,42.69474972272583,Head,Open Play,Off T,0,0.10350718,0.09211148111334194,0.000526057096599859
André Miguel Valente Silva,Portugal,7557,43,18,103.0,34.0,18.027756377319946,21.769421046266338,Head,Open Play,Wayward,0,0.09211938,0.018184931452496084,8.815357139867169e-05
Ramin Rezaeian,Iran,7557,43,21,93.0,23.0,31.906112267087632,11.129897874558123,Right Foot,Free Kick,Off T,0,0.00943477,0.028778656226094136,0.00157898138092337
José Miguel da Rocha Fonte,Portugal,7557,43,29,117.0,50.0,10.44030650891055,12.936250064949594,Head,Open Play,Wayward,0,0.047731504,0.03438224494509498,5.5897336741789804e-05
Saeid Ezatolahi Afagh,Iran,7557,43,33,109.0,47.0,13.038404810405298,27.2104964913368,Head,Open Play,Saved,0,0.16871624,0.05455157653340967,0.0969472981498102
Cristiano Ronaldo dos Santos Aveiro,Portugal,7557,43,39,83.0,34.0,37.48332962798263,11.013468780386699,Right Foot,Open Play,Saved,0,0.0063647768,0.006244361256542879,0.022793993916192516
Ricardo Andrade Quaresma Bernardo,Portugal,7557,43,40,112.0,55.0,17.0,11.9957187755847,Right Foot,Open Play,Off T,0,0.0343897,0.06388619297959998,0.0062408154505729455
Ricardo Andrade Quaresma Bernardo,Portugal,7557,43,44,102.0,58.0,25.45584412271571,11.729409762883616,Right Foot,Open Play,Goal,1,0.019847075,0.024945648783815298,0.17242725896502362
Cristiano Ronaldo dos Santos Aveiro,Portugal,7557,43,52,108.0,40.0,12.0,33.92341177306582,Right Foot,Penalty,Saved,0,0.7835,0.76,0.76
Sardar Azmoun,Iran,7557,43,57,111.0,36.0,9.848857801796104,38.23799696523876,Head,Open Play,Wayward,0,0.13161746,0.06695153484580042,1.0789239313998214e-06
Raphaël Adelino José Guerreiro,Portugal,7557,43,61,93.0,30.0,28.792360097775937,13.62153552720925,Left Foot,Open Play,Blocked,0,0.03069333,0.023681303728780613,0.07869877158448477
Cristiano Ronaldo dos Santos Aveiro,Portugal,7557,43,65,97.0,35.0,23.53720459187964,17.29811408509858,Right Foot,Open Play,Off T,0,0.035576884,0.035384582911934415,0.0001785492520549001
Adrien Sebastian Perruchet Silva,Portugal,7557,43,70,96.0,24.0,28.844410203711913,12.112474195709282,Right Foot,Open Play,Off T,0,0.022153322,0.017179068295871125,0.0011670090003310049
Saman Ghoddos,Iran,7557,43,71,98.0,38.0,22.090722034374522,18.742802726830092,Right Foot,Open Play,Off T,0,0.069136985,0.04299878318268194,0.0004334536622275
André Miguel Valente Silva,Portugal,7557,43,76,95.0,51.0,27.313000567495326,14.025120781171355,Right Foot,Open Play,Off T,0,0.03004273,0.02140637380228242,0.0009513572513699231
Sardar Azmoun,Iran,7557,43,88,113.0,32.0,10.63014581273465,27.222880258184833,Head,Open Play,Blocked,0,0.08758336,0.04742943774576359,0.00022498690569813941
Karim Ansarifard,Iran,7557,43,92,109.0,41.0,11.045361017187261,36.55347528286595,Right Foot,Penalty,Goal,1,0.7835,0.76,0.76
Saman Ghoddos,Iran,7557,43,93,97.0,45.0,23.53720459187964,17.29811408509858,Right Foot,Open Play,Blocked,0,0.038286034,0.035384582911934415,0.0003450236213536429
Mehdi Taremi,Iran,7557,43,93,113.0,33.0,9.899494936611665,31.200869115942954,Left Foot,Open Play,Off T,0,0.25150082,0.24931483950641223,0.007675659213183392
Khalid Boutaïb,Morocco,7542,43,1,109.0,30.0,14.866068747318506,21.19893488667229,Head,Open Play,Off T,0,0.077987716,0.03866304630434184,0.002141087350507531
Raphaël Adelino José Guerreiro,Portugal,7542,43,3,91.0,39.0,29.017236257093817,14.36954225578945,Left Foot,Open Play,Blocked,0,0.022848671,0.023515063632195205,0.026600054799448252
Cristiano Ronaldo dos Santos Aveiro,Portugal,7542,43,3,115.0,41.0,5.0990195135927845,70.99718790034676,Head,Open Play,Goal,1,0.18227948,0.3009444102311899,0.6242151861329586
Cristiano Ronaldo dos Santos Aveiro,Portugal,7542,43,8,108.0,56.0,20.0,12.80079417489957,Right Foot,Open Play,Off T,0,0.04095015,0.031204118476942395,0.00043873879462573266
Medhi Amine El Mouttaqi Benatia,Morocco,7542,43,10,114.0,33.0,9.219544457292887,31.52370913448562,Head,Open Play,Saved,0,0.08036203,0.09074531562507201,0.20738481759371075
Manuel Marouan da Costa Trinidade,Morocco,7542,43,13,109.0,45.0,12.083045973594572,31.26694726260776,Head,Open Play,Off T,0,0.0881195,0.04452086818743289,0.0002072083733372428
Hakim Ziyech,Morocco,7542,43,17,109.0,26.0,17.804493814764857,14.853658981864523,Left Foot,Open Play,Blocked,0,0.05608462,0.08151105649804917,0.0001319639400873153
Hakim Ziyech,Morocco,7542,43,22,92.0,25.0,31.76476034853718,11.632674665288835,Right Foot,Open Play,Saved,0,0.013198647,0.012185003426707813,0.013269925293421721
Khalid Boutaïb,Morocco,7542,43,29,108.0,44.0,12.649110640673518,30.928500850362962,Head,Open Play,Wayward,0,0.22690645,0.04148898121541379,0.030498776553410423
Cristiano Ronaldo dos Santos Aveiro,Portugal,7542,43,31,100.0,34.0,20.8806130178211,19.107276160474093,Right Foot,Free Kick,Blocked,0,0.082563296,0.11417056225068495,0.000953408509254786
Karim El Ahmadi Al Aroos,Morocco,7542,43,33,87.0,28.0,35.11409973215888,11.203246967304366,Right Foot,Open Play,Off T,0,0.0058760555,0.008227401760052013,0.0006978224576919556
Gonçalo Manuel Ganchinho Guedes,Portugal,7542,43,38,109.0,34.0,12.529964086141668,29.27965685780532,Right Foot,Open Play,Saved,0,0.20104031,0.10315792510494143,0.3436831572713468
Younès Belhanda,Morocco,7542,43,46,112.0,41.0,8.06225774829855,48.61276617453667,Head,Open Play,Off T,0,0.117750056,0.10255003147503113,0.0006943379263356047
José Miguel da Rocha Fonte,Portugal,7542,43,47,111.0,42.0,9.219544457292887,42.615768593997174,Head,Open Play,Off T,0,0.081678025,0.07925503279469458,0.0005312211468202907
Gonçalo Manuel Ganchinho Guedes,Portugal,7542,43,50,107.0,31.0,15.811388300841896,21.909514130132212,Right Foot,Open Play,Wayward,0,0.069918275,0.0911401114576971,0.00013679960055781022
Cristiano Ronaldo dos Santos Aveiro,Portugal,7542,43,50,103.0,53.0,21.400934559032695,15.636363049288708,Right Foot,Open Play,Off T,0,0.05287904,0.04307415357795645,0.0074620660064441124
Younès Belhanda,Morocco,7542,43,54,105.0,57.0,22.67156809750927,12.37106353843314,Right Foot,Open Play,Saved,0,0.041491136,0.03459378166210517,0.15496705676897432
Younès Belhanda,Morocco,7542,43,56,112.0,50.0,12.806248474865697,21.24773692030976,Head,Open Play,Saved,0,0.113801956,0.0485757973435512,0.15408180119670417
Medhi Amine El Mouttaqi Benatia,Morocco,7542,43,59,107.0,42.0,13.152946437965905,30.80441838801523,Left Foot,Open Play,Off T,0,0.13597772,0.18435307210759572,0.006506844985130663
Mbark Boussoufa,Morocco,7542,43,63,113.0,34.0,9.219544457292887,35.58745212572946,Head,Open Play,Wayward,0,0.084413245,0.09948415554905754,6.883581538522893e-06
Hakim Ziyech,Morocco,7542,43,67,96.0,54.0,27.784887978899608,13.038885366590744,Left Foot,Free Kick,Off T,0,0.042571124,0.062249481726861386,0.0031597976169100853
Cristiano Ronaldo dos Santos Aveiro,Portugal,7542,43,70,93.0,17.0,35.4682957019364,9.023082921240258,Right Foot,Open Play,Blocked,0,0.006081588,0.007484932009710074,8.771499063404263e-08
Medhi Amine El Mouttaqi Benatia,Morocco,7542,43,77,113.0,47.0,9.899494936611665,31.200869115942954,Other,Open Play,Off T,0,0.15676288,0.11736910843267795,0.0012903463536139948
Nabil Dirar,Morocco,7542,43,80,86.0,54.0,36.76955262170047,10.532453443016196,Right Foot,Open Play,Off T,0,0.006087828,0.006695653073388132,0.00020739280101682
Bruno Miguel Borges Fernandes,Portugal,7542,43,81,97.0,52.0,25.942243542145693,14.318672352377224,Right Foot,Open Play,Off T,0,0.03569857,0.01658757826178607,0.00013725860755091986
Cristiano Ronaldo dos Santos Aveiro,Portugal,7542,43,84,102.0,31.0,20.12461179749811,18.59613061636208,Right Foot,Free Kick,Blocked,0,0.101404436,0.1219080583555857,0.00033219408800218254
Hakim Ziyech,Morocco,7542,43,89,112.0,50.0,12.806248474865697,21.24773692030976,Left Foot,Open Play,Blocked,0,0.07717339,0.15628901193526787,0.0011814599206154464
Medhi Amine El Mouttaqi Benatia,Morocco,7542,43,92,111.0,38.0,9.219544457292887,42.615768593997174,Left Foot,Open Play,Off T,0,0.13053852,0.3233277524403448,0.016478342221777544
Bruno Miguel Borges Fernandes,Portugal,7542,43,94,90.0,21.0,35.510561809129406,9.982792593277267,Right Foot,Open Play,Off T,0,0.007644402,0.007628341535614348,0.004261139321957277
Kieran Trippier,England,8656,43,4,96.0,43.0,24.186773244895647,17.08457144835793,Right Foot,Free Kick,Goal,1,0.087601066,0.07724205494519588,0.3897201588026004
Harry Maguire,England,8656,43,13,111.0,37.0,9.486832980505138,40.695623908897176,Head,Open Play,Off T,0,0.06737803,0.07369133534395624,0.0006706203061578978
Ivan Perišić,Croatia,8656,43,18,94.0,20.0,32.802438933713454,10.154412552070122,Right Foot,Open Play,Off T,0,0.009048959,0.010437722805412322,0.00012093929337193885
Ante Rebić,Croatia,8656,43,20,98.0,41.0,22.02271554554524,18.85363219683729,Left Foot,Open Play,Blocked,0,0.062660925,0.056886984474932414,0.08700584664360862
Ivan Perišić,Croatia,8656,43,22,87.0,26.0,35.84689665786984,10.756017250052711,Right Foot,Open Play,Off T,0,0.0076604215,0.0049033709071614326,3.0051901403347693e-05
Ante Rebić,Croatia,8656,43,31,101.0,50.0,21.470910553583888,17.261106774339446,Left Foot,Open Play,Saved,0,0.052557826,0.05817621937238782,0.2535621170538298
Jesse Lingard,England,8656,43,35,102.0,41.0,18.027756377319946,22.920772146751357,Right Foot,Open Play,Off T,0,0.07025741,0.0737859100856624,0.0007849275486130577
Raheem Sterling,England,8656,43,36,104.0,52.0,20.0,16.853939870657733,Left Foot,Open Play,Blocked,0,0.044552676,0.06754639341347722,0.0002279987430236135
Šime Vrsaljko,Croatia,8656,43,42,88.0,51.0,33.83784863137726,11.694950421152859,Right Foot,Open Play,Off T,0,0.014083298,0.009635226271725588,0.0018946747445913433
Jesse Lingard,England,8656,43,55,96.0,45.0,24.515301344262525,16.645437212239056,Left Foot,Open Play,Blocked,0,0.07605162,0.041068121863863306,0.0004235778082924197
Ivan Rakitić,Croatia,8656,43,60,97.0,34.0,23.769728648009426,16.973171424167795,Left Foot,Open Play,Off T,0,0.030502638,0.04493897411931969,0.005113312103303632
Ivan Perišić,Croatia,8656,43,64,103.0,41.0,17.029386365926403,24.222236280667662,Right Foot,Open Play,Blocked,0,0.059572116,0.08452922171539344,0.059227777503210476
Harry Kane,England,8656,43,66,118.0,56.0,16.1245154965971,3.3974530341675315,Right Foot,Open Play,Off T,0,0.012158659,0.03827373366999957,0.0010631147147547254
Ivan Perišić,Croatia,8656,43,67,114.0,40.0,6.0,62.76638211271806,Left Foot,Open Play,Goal,1,0.20912401,0.5340251597388753,0.7588111168095775
Ivan Perišić,Croatia,8656,43,71,112.0,30.0,12.806248474865697,21.24773692030976,Left Foot,Open Play,Post,0,0.15445817,0.15628901193526787,0.002855950093427636
Ante Rebić,Croatia,8656,43,71,111.0,44.0,9.848857801796104,38.23799696523876,Left Foot,Open Play,Saved,0,0.33236027,0.2848567431969892,0.6244047088211196
Marcelo Brozović,Croatia,8656,43,72,98.0,48.0,23.40939982143925,16.763986910623107,Right Foot,Open Play,Off T,0,0.030021574,0.03543154819284698,0.0047906278818563245
Jesse Lingard,England,8656,43,76,115.0,55.0,15.811388300841896,8.79330805284658,Right Foot,Open Play,Wayward,0,0.016519846,0.06737584953338975,1.9104410231571286e-09
Jordan Brian Henderson,England,8656,43,77,95.0,45.0,25.495097567963924,16.037967680960396,Right Foot,Open Play,Off T,0,0.03295447,0.0275826564708858,0.005866790139507585
Mario Mandžukić,Croatia,8656,43,82,113.0,52.0,13.892443989449804,15.923113216488037,Right Foot,Open Play,Saved,0,0.071416385,0.09723685823816476,0.3796969673056838
Ivan Perišić,Croatia,8656,43,83,113.0,24.0,17.46424919657298,9.966129520936494,Right Foot,Open Play,Off T,0,0.034025826,0.05792809590828612,0.002639563302252373
Dejan Lovren,Croatia,8656,43,89,89.0,57.0,35.35533905932738,10.398234935624277,Right Foot,Open Play,Off T,0,0.006736835,0.00784539803401742,0.0027364878881305245
Harry Kane,England,8656,43,91,113.0,33.0,9.899494936611665,31.200869115942954,Head,Open Play,Off T,0,0.054013368,0.08386146621632828,0.0012234853298765521
Eric Dier,England,8656,43,97,92.0,51.0,30.083217912982647,12.946111027969465,Right Foot,Open Play,Blocked,0,0.020738635,0.01523720274246082,1.5883569832767042e-05
John Stones,England,8656,43,98,113.0,49.0,11.40175425099138,23.722344983450846,Head,Open Play,Blocked,0,0.06443832,0.060024341693865654,0.05970055104427863
Andrej Kramarić,Croatia,8656,43,101,106.0,58.0,22.80350850198276,11.435928540227444,Left Foot,Open Play,Blocked,0,0.017686963,0.04379070196029148,5.049970235135767e-06
Andrej Kramarić,Croatia,8656,43,105,101.0,34.0,19.924858845171276,19.92867038892818,Left Foot,Open Play,Blocked,0,0.07233582,0.07313691441862474,0.0005188706075538444
Mario Mandžukić,Croatia,8656,43,106,114.0,39.0,6.082762530298219,61.74460200445838,Right Foot,Open Play,Saved,0,0.4161531,0.45445719509281046,0.47594278976492027
Marcelo Brozović,Croatia,8656,43,107,111.0,27.0,15.811388300841896,15.559300548071565,Left Foot,Open Play,Off T,0,0.061426584,0.10204996886306938,0.005932321838841408
Mario Mandžukić,Croatia,8656,43,108,114.0,33.0,9.219544457292887,31.52370913448562,Left Foot,Open Play,Goal,1,0.25109488,0.26583912642242863,0.4055059523828706
Ivan Perišić,Croatia,8656,43,113,107.0,32.0,15.264337522473747,23.428273993435596,Left Foot,Open Play,Blocked,0,0.11611599,0.12843454462766019,0.2448501391819794
Marcelo Brozović,Croatia,8656,43,115,97.0,22.0,29.206163733020468,11.338743192573057,Right Foot,Open Play,Saved,0,0.010755873,0.01617835797164,0.04280636208973675
Andrej Kramarić,Croatia,8656,43,119,109.0,52.0,16.278820596099706,17.74603331770259,Right Foot,Open Play,Off T,0,0.12152097,0.07887327182983687,0.0024192725007066854
Philippe Coutinho Correia,Brazil,7548,43,2,98.0,51.0,24.596747752497688,15.227472227392244,Right Foot,Open Play,Off T,0,0.036142077,0.029906106622768987,0.005003656420083351
Cristian Gamboa Luna,Costa Rica,7548,43,6,88.0,59.0,37.21558813185679,9.69136962660543,Right Foot,Open Play,Off T,0,0.007548474,0.006230735899442933,0.0009954112710100428
Celso Borges Mora,Costa Rica,7548,43,12,107.0,48.0,15.264337522473747,23.428273993435596,Right Foot,Open Play,Off T,0,0.09443319,0.06760739325963709,0.0006688809716000237
Bryan Oviedo,Costa Rica,7548,43,14,82.0,29.0,39.56008088970496,10.163594069477746,Left Foot,Open Play,Blocked,0,0.006780131,0.00639074764764333,0.007657483770732697
Thiago Emiliano da Silva,Brazil,7548,43,22,106.0,25.0,20.518284528683193,14.11280542292802,Head,Open Play,Off T,0,0.032397527,0.011348474125508141,8.995295681245154e-05
Marcelo Vieira da Silva Júnior,Brazil,7548,43,25,99.0,22.0,27.65863337187866,11.558867609068272,Left Foot,Open Play,Blocked,0,0.016899822,0.025580408747423882,0.06004459711669176
Marcelo Vieira da Silva Júnior,Brazil,7548,43,28,97.0,20.0,30.479501308256342,10.419077110768171,Left Foot,Open Play,Off T,0,0.0112173855,0.018099508848089647,0.0001713884024469147
Philippe Coutinho Correia,Brazil,7548,43,29,92.0,23.0,32.7566787083184,10.94756191933227,Right Foot,Open Play,Off T,0,0.008158741,0.010700223287239827,0.0004869617957963695
Willian Borges da Silva,Brazil,7548,43,33,100.0,52.0,23.323807579381203,15.424807645992733,Left Foot,Open Play,Off T,0,0.041545574,0.04548631958877547,0.002201353332704715
Marcelo Vieira da Silva Júnior,Brazil,7548,43,40,96.0,23.0,29.410882339705484,11.656202046895997,Right Foot,Open Play,Saved,0,0.0191676,0.015931044230682336,0.0592485445376859
Neymar da Silva Santos Junior,Brazil,7548,43,47,117.0,39.0,3.1622776601683795,98.78983915306922,Right Foot,Open Play,Blocked,0,0.49476126,0.7465085676019655,0.6568387814786775
Gabriel Fernando de Jesus,Brazil,7548,43,48,112.0,40.0,8.0,49.16818939087588,Head,Open Play,Post,0,0.19056164,0.15149990725108253,0.003326518610955881
Philippe Coutinho Correia,Brazil,7548,43,48,105.0,41.0,15.033296378372908,27.31418934907945,Right Foot,Open Play,Blocked,0,0.07274404,0.11155085080807052,0.10873730239734376
Neymar da Silva Santos Junior,Brazil,7548,43,55,110.0,42.0,10.198039027185569,38.93501443199597,Right Foot,Open Play,Saved,0,0.18450306,0.22666892593937615,0.5150797492873288
Philippe Coutinho Correia,Brazil,7548,43,57,103.0,48.0,18.788294228055936,20.12416504247883,Right Foot,Open Play,Saved,0,0.056714255,0.06371466890544315,0.09667568097026935
Óscar Esau Duarte Gaitán,Costa Rica,7548,43,59,104.0,40.0,16.0,25.76944914792543,Right Foot,Open Play,Wayward,0,0.04993162,0.09752553705394912,0.0959780899084552
Gabriel Fernando de Jesus,Brazil,7548,43,60,108.0,31.0,15.0,22.544033687271924,Right Foot,Open Play,Blocked,0,0.092250206,0.10061409294246376,0.00015171591645989706
Neymar da Silva Santos Junior,Brazil,7548,43,62,100.0,24.0,25.612496949731394,12.834236987140041,Left Foot,Open Play,Saved,0,0.030233286,0.033171812296298744,0.08739127442844025
Thiago Emiliano da Silva,Brazil,7548,43,68,111.0,44.0,9.848857801796104,38.23799696523876,Head,Open Play,Wayward,0,0.09530205,0.09892486472620893,0.00013743338459887774
Carlos Henrique Casimiro,Brazil,7548,43,69,112.0,41.0,8.06225774829855,48.61276617453667,Head,Open Play,Saved,0,0.102238975,0.1488123542925901,0.31484555452998014
Neymar da Silva Santos Junior,Brazil,7548,43,71,98.0,38.0,22.090722034374522,18.742802726830092,Right Foot,Open Play,Off T,0,0.10716484,0.04299878318268194,0.001389222628374272
Neymar da Silva Santos Junior,Brazil,7548,43,75,108.0,27.0,17.69180601295413,16.34043093367809,Right Foot,Open Play,Blocked,0,0.03701403,0.0656362288720284,6.807443807703377e-05
Philippe Coutinho Correia,Brazil,7548,43,84,89.0,28.0,33.24154027718932,11.743256059231811,Right Foot,Open Play,Saved,0,0.013194866,0.010325927445404615,0.03602931250405105
Carlos Henrique Casimiro,Brazil,7548,43,86,96.0,46.0,24.73863375370596,16.35604814256454,Right Foot,Open Play,Saved,0,0.036078174,0.03025223162054619,0.0754631225821111
Philippe Coutinho Correia,Brazil,7548,43,90,113.0,38.0,7.280109889280518,52.298860701385024,Right Foot,Open Play,Goal,1,0.4204949,0.36428283486752805,0.37028675697078134
Roberto Firmino Barbosa de Oliveira,Brazil,7548,43,93,112.0,32.0,11.313708498984761,27.06590322098299,Right Foot,Open Play,Off T,0,0.15961349,0.16076638174272526,0.004122443876280179
Neymar da Silva Santos Junior,Brazil,7548,43,96,115.0,42.0,5.385164807134504,66.90903753469897,Left Foot,Open Play,Goal,1,0.837965,0.577066002828873,0.8697734423466338
Edinson Roberto Cavani Gómez,Uruguay,7578,43,7,97.0,32.0,24.351591323771842,16.197206443157356,Right Foot,Open Play,Saved,0,0.060392763,0.03146733375749882,0.0883639598907794
Mahmoud Ibrahim Hassan,Egypt,7578,43,11,108.0,51.0,16.278820596099706,19.245090043101133,Right Foot,Open Play,Saved,0,0.10038112,0.08163950083577014,0.30106836619147725
Luis Alberto Suárez Díaz,Uruguay,7578,43,13,109.0,55.0,18.601075237738275,13.608873385238708,Right Foot,Open Play,Off T,0,0.04369932,0.05578650893860596,0.001478506671660657
Edinson Roberto Cavani Gómez,Uruguay,7578,43,22,102.0,23.0,24.758836806279895,12.393475578389735,Left Foot,Open Play,Blocked,0,0.027233513,0.03609080213986549,0.0001784079892231868
José Martín Cáceres Silva,Uruguay,7578,43,23,114.0,48.0,10.0,26.891096828291534,Head,Open Play,Wayward,0,0.06760274,0.07513687914187757,0.07332087868143483
Luis Alberto Suárez Díaz,Uruguay,7578,43,23,116.0,35.0,6.4031242374328485,46.68722981667108,Right Foot,Open Play,Off T,0,0.52513975,0.3552473622560511,0.008088364063329837
Marwan Mohsen,Egypt,7578,43,25,100.0,51.0,22.825424421026653,16.08827934878395,Right Foot,Open Play,Saved,0,0.056479577,0.03719520003259865,0.061241069786310186
Matías Vecino Falero,Uruguay,7578,43,28,83.0,53.0,39.21734310225516,10.073283445139227,Right Foot,Open Play,Off T,0,0.005622683,0.005000738300316313,6.347156678898599e-05
Luis Alberto Suárez Díaz,Uruguay,7578,43,31,88.0,38.0,32.0624390837628,13.000006297648161,Right Foot,Free Kick,Blocked,0,0.027368054,0.0295928999190888,0.05419216393215223
Abdalla Mahmoud El Said Bekhit,Egypt,7578,43,42,105.0,48.0,17.0,21.72219498057148,Right Foot,Open Play,Wayward,0,0.07929382,0.08006539340739988,0.0005376349218620314
Tarek Hamed,Egypt,7578,43,45,88.0,37.0,32.14031735997639,12.938406297424583,Right Foot,Open Play,Blocked,0,0.019357108,0.012057640214881963,0.01927627618590765
Luis Alberto Suárez Díaz,Uruguay,7578,43,45,114.0,48.0,10.0,26.891096828291534,Right Foot,Open Play,Saved,0,0.20541766,0.18160551551079987,0.4516396070443679
Mahmoud Ibrahim Hassan,Egypt,7578,43,55,92.0,19.0,35.0,9.601492076843414,Right Foot,Open Play,Off T,0,0.009718898,0.005250434441263063,3.05105897482821e-05
Carlos Andrés Sánchez Arcosa,Uruguay,7578,43,67,94.0,50.0,27.85677655436824,14.012828265732182,Right Foot,Open Play,Blocked,0,0.031815737,0.02012616595354939,0.00013674906816385954
Edinson Roberto Cavani Gómez,Uruguay,7578,43,69,108.0,49.0,15.0,22.544033687271924,Left Foot,Open Play,Blocked,0,0.069045424,0.12937288787548243,0.0009484862667470201
Ahmed Fathy Abdel Meneim Ibrahim,Egypt,7578,43,71,98.0,62.0,31.11269837220809,9.575534582303764,Right Foot,Open Play,Saved,0,0.008270875,0.0124737923572106,0.031351983157795936
Mohamed Naser Elsayed Elneny,Egypt,7578,43,80,105.0,52.0,19.209372712298546,17.159123116408203,Right Foot,Open Play,Blocked,0,0.06409918,0.05677744731198815,0.00012394615861225492
Edinson Roberto Cavani Gómez,Uruguay,7578,43,82,99.0,34.0,21.840329667841555,18.344271790850083,Right Foot,Open Play,Saved,0,0.058034446,0.04378297146433002,0.17929488330301951
José María Giménez de Vargas,Uruguay,7578,43,82,112.0,44.0,8.94427190999916,41.322619636105216,Head,Open Play,Off T,0,0.07687706,0.07921079257064938,0.0027338188612937146
José María Giménez de Vargas,Uruguay,7578,43,84,112.0,36.0,8.94427190999916,41.322619636105216,Head,Open Play,Blocked,0,0.0793723,0.11630885167688283,0.26861024135856915
Edinson Roberto Cavani Gómez,Uruguay,7578,43,87,98.0,21.0,29.068883707497267,10.95966155093565,Right Foot,Free Kick,Post,0,0.011360643,0.03930907332599189,0.0010591355255187473
José Martín Cáceres Silva,Uruguay,7578,43,87,110.0,38.0,10.198039027185569,38.93501443199597,Right Foot,Open Play,Blocked,0,0.5580403,0.22666892593937615,0.44984014254577737
José María Giménez de Vargas,Uruguay,7578,43,88,113.0,37.0,7.615773105863909,48.96044180379007,Head,Open Play,Goal,1,0.0937962,0.10821947900089925,0.4867303393051324
Mohamed Naser Elsayed Elneny,Egypt,7578,43,94,104.0,56.0,22.627416997969522,13.218884641776974,Right Foot,Open Play,Blocked,0,0.026887877,0.03548243970812972,0.00024174672910642954
Edson Omar Álvarez Velázquez,Mexico,7553,43,7,112.0,41.0,8.06225774829855,48.61276617453667,Head,Open Play,Wayward,0,0.108760424,0.1488123542925901,0.13156936298874958
Javier Hernández Balcázar,Mexico,7553,43,11,107.0,45.0,13.92838827718412,27.784632361664983,Head,Open Play,Off T,0,0.05888787,0.05017668223802513,0.0003917858753157627
Carlos Joel Salcedo Hernández,Mexico,7553,43,16,111.0,49.0,12.727922061357855,23.90889228521095,Head,Open Play,Saved,0,0.055134527,0.03473900232985278,0.2970984921156256
Heung-Min Son,South Korea,7553,43,21,109.0,51.0,15.556349186104045,19.403496830192204,Left Foot,Open Play,Blocked,0,0.08637872,0.1141383420560187,0.0008372528296049169
Heung-Min Son,South Korea,7553,43,21,111.0,49.0,12.727922061357855,23.90889228521095,Right Foot,Open Play,Blocked,0,0.08545184,0.13073805652228215,0.00042680720932123214
Heung-Min Son,South Korea,7553,43,21,98.0,49.0,23.769728648009426,16.27507806241247,Left Foot,Open Play,Blocked,0,0.043937247,0.04419581051392385,0.00031371764384125617
Sung-Yeung Ki,South Korea,7553,43,22,109.0,44.0,11.704699910719626,33.081553315190696,Head,Open Play,Saved,0,0.06718748,0.04846269995225602,0.16545638067859683
Carlos Alberto Vela Garrido,Mexico,7553,43,25,109.0,41.0,11.045361017187261,36.55347528286595,Left Foot,Penalty,Goal,1,0.7835,0.76,0.76
Miguel Arturo Layún Prado,Mexico,7553,43,27,105.0,42.0,15.132745950421556,26.9881992929818,Right Foot,Open Play,Saved,0,0.09150781,0.10962197968108785,0.30884130201925664
Heung-Min Son,South Korea,7553,43,30,87.0,41.0,33.015148038438355,12.646136898735245,Right Foot,Free Kick,Off T,0,0.026791243,0.026369488357893964,0.000786954183706563
Heung-Min Son,South Korea,7553,43,38,118.0,30.0,10.198039027185569,9.178609703836958,Right Foot,Open Play,Saved,0,0.031374734,0.12226362472216355,0.32347617388590394
Hirving Rodrigo Lozano Bahena,Mexico,7553,43,42,108.0,26.0,18.439088914585774,15.05344601085839,Right Foot,Open Play,Off T,0,0.07445391,0.039192230384484134,0.004143281427944526
Seon-Min Moon,South Korea,7553,43,44,94.0,48.0,27.202941017470888,14.677783940291329,Left Foot,Open Play,Blocked,0,0.018994939,0.02904252776394536,4.5903331383245935e-05
Heung-Min Son,South Korea,7553,43,44,99.0,32.0,22.47220505424423,17.363965149225734,Left Foot,Open Play,Blocked,0,0.0442519,0.05229388164301626,0.0001746313828690162
Hirving Rodrigo Lozano Bahena,Mexico,7553,43,49,100.0,28.0,23.323807579381203,15.424807645992733,Right Foot,Open Play,Off T,0,0.026885381,0.022911115886656504,0.0015707146947827844
Javier Hernández Balcázar,Mexico,7553,43,51,90.0,46.0,30.59411708155671,13.388518081866977,Right Foot,Open Play,Off T,0,0.037323274,0.014536073831296147,0.0012558538490117259
Seon-Min Moon,South Korea,7553,43,51,110.0,47.0,12.206555615733702,28.360417201979594,Right Foot,Open Play,Blocked,0,0.1644079,0.15147624109496174,0.0003393341064239541
Jae-Sung Lee,South Korea,7553,43,52,105.0,68.0,31.76476034853718,6.293418915830858,Left Foot,Open Play,Saved,0,0.005266859,0.014134893704451736,0.06109283579514493
Sung-Yeung Ki,South Korea,7553,43,55,103.0,18.0,27.80287754891569,9.303673559739345,Right Foot,Open Play,Saved,0,0.008576281,0.018040575148825816,0.04146120772651993
José Andrés Guardado Hernández,Mexico,7553,43,57,96.0,46.0,24.73863375370596,16.35604814256454,Right Foot,Open Play,Blocked,0,0.04806095,0.03025223162054619,0.00020315349708573265
José Andrés Guardado Hernández,Mexico,7553,43,57,104.0,36.0,16.492422502470642,24.36541685688352,Left Foot,Open Play,Saved,0,0.09060148,0.07883851492155255,0.32131775171272137
Hirving Rodrigo Lozano Bahena,Mexico,7553,43,59,100.0,39.0,20.024984394500787,20.691786057581773,Left Foot,Open Play,Blocked,0,0.19791076,0.04939765351676979,0.04019671039275602
Jae-Sung Lee,South Korea,7553,43,60,104.0,38.0,16.1245154965971,25.40447831099285,Left Foot,Open Play,Blocked,0,0.08345764,0.1229705297770972,0.126065414728575
Carlos Alberto Vela Garrido,Mexico,7553,43,61,101.0,58.0,26.1725046566048,11.6997885348843,Left Foot,Open Play,Off T,0,0.019312114,0.020026251468343526,0.0018110218320465104
Javier Hernández Balcázar,Mexico,7553,43,65,111.0,32.0,12.041594578792296,26.592141806196558,Right Foot,Open Play,Goal,1,0.25309914,0.14826585593562835,0.18799335371807382
Hee-Chan Hwang,South Korea,7553,43,69,99.0,40.0,21.0,19.773062482996107,Right Foot,Open Play,Saved,0,0.049417518,0.049681070528693486,0.11337750301464694
Sung-Yeung Ki,South Korea,7553,43,73,88.0,52.0,34.17601498127012,11.468216800481619,Right Foot,Open Play,Blocked,0,0.009588097,0.00921843781555695,9.334222231763635e-05
Jae-Sung Lee,South Korea,7553,43,81,95.0,49.0,26.570660511172846,14.800465822433324,Left Foot,Open Play,Blocked,0,0.021833424,0.03126213450821643,0.0001048666945476581
Heung-Min Son,South Korea,7553,43,87,94.0,40.0,26.0,16.02566451858757,Right Foot,Open Play,Off T,0,0.05194924,0.026056311711019027,0.010445679469858521
Héctor Miguel Herrera López,Mexico,7553,43,91,96.0,47.0,25.0,16.026420942143815,Right Foot,Open Play,Off T,0,0.03211408,0.029146844288076432,0.017543009968439886
Heung-Min Son,South Korea,7553,43,92,97.0,54.0,26.92582403567252,13.31096865740167,Left Foot,Open Play,Goal,1,0.02292819,0.028979552365849905,0.17608630359519145
Romelu Lukaku Menama,Belgium,7536,43,0,113.0,34.0,9.219544457292887,35.58745212572946,Left Foot,Open Play,Off T,0,0.0747409,0.20759263270177425,0.002649668964185354
Edgar Yoel Bárcenas Herrera,Panama,7536,43,3,96.0,51.0,26.40075756488817,14.412597666750242,Left Foot,Open Play,Wayward,0,0.016566036,0.03156284227354553,0.0001545352210372484
Yannick Ferreira Carrasco,Belgium,7536,43,5,104.0,24.0,22.627416997969522,13.218884641776974,Right Foot,Open Play,Saved,0,0.0327767,0.03548243970812972,0.09163134089806112
Dries Mertens,Belgium,7536,43,6,104.0,54.0,21.2602916254693,14.950785829283978,Right Foot,Open Play,Saved,0,0.06243627,0.0285538319381505,0.09392118411100045
Eden Hazard,Belgium,7536,43,11,118.0,30.0,10.198039027185569,9.178609703836958,Left Foot,Open Play,Off T,0,0.02878628,0.15613628156894296,0.0023124725467401352
Dries Mertens,Belgium,7536,43,18,110.0,57.0,19.72308292331602,11.027910674057145,Right Foot,Open Play,Off T,0,0.016349373,0.04641284320206807,0.0014673793282042472
Kevin De Bruyne,Belgium,7536,43,21,98.0,22.0,28.42534080710379,11.456781222807919,Right Foot,Open Play,Off T,0,0.014519094,0.011657350518720341,0.0011734171411408193
Eden Hazard,Belgium,7536,43,25,103.0,56.0,23.345235059857504,13.174796186194072,Right Foot,Open Play,Off T,0,0.031556185,0.02163272016511342,0.0005044129813697104
Eden Hazard,Belgium,7536,43,37,109.0,54.0,17.804493814764857,14.853658981864523,Right Foot,Open Play,Saved,0,0.0654758,0.04184022878683704,0.2175780881742116
Román Aureliano Torres Morcillo,Panama,7536,43,38,104.0,37.0,16.278820596099706,24.961631994485234,Right Foot,Open Play,Wayward,0,0.07518605,0.06281918511724728,0.00021066261747323836
Dries Mertens,Belgium,7536,43,40,103.0,50.0,19.72308292331602,18.330344628264307,Right Foot,Open Play,Off T,0,0.04146307,0.05519615748292702,0.0006270415601698446
Armando Enrique Cooper Whitaker,Panama,7536,43,41,92.0,53.0,30.870698080866262,12.305419938272571,Right Foot,Open Play,Off T,0,0.023121053,0.01371530268427836,0.0034729047851987114
Dries Mertens,Belgium,7536,43,46,105.0,59.0,24.20743687382041,10.85500981877537,Right Foot,Open Play,Goal,1,0.009998361,0.02809186999021584,0.17380349204859544
Kevin De Bruyne,Belgium,7536,43,51,97.0,26.0,26.92582403567252,13.31096865740167,Right Foot,Free Kick,Off T,0,0.044222042,0.05262854700297358,0.001799864073878877
Michael Amir Murillo Bermudez,Panama,7536,43,53,111.0,49.0,12.727922061357855,23.90889228521095,Right Foot,Open Play,Saved,0,0.34641263,0.13073805652228215,0.1610939296039859
Román Aureliano Torres Morcillo,Panama,7536,43,54,111.0,38.0,9.219544457292887,42.615768593997174,Head,Open Play,Off T,0,0.09954064,0.07925503279469458,0.0009876830076214404
Edgar Yoel Bárcenas Herrera,Panama,7536,43,57,99.0,33.0,22.135943621178654,17.876153541275468,Right Foot,Open Play,Off T,0,0.055223983,0.04190620230476615,0.00036465016232726047
Kevin De Bruyne,Belgium,7536,43,64,94.0,37.0,26.1725046566048,15.821727867023409,Right Foot,Free Kick,Blocked,0,0.06298261,0.06060587943069129,0.05232072244064876
Romelu Lukaku Menama,Belgium,7536,43,68,114.0,43.0,6.708203932499369,54.26158063319094,Head,Open Play,Goal,1,0.33809787,0.1905146938275841,0.6142260305790367
Romelu Lukaku Menama,Belgium,7536,43,74,110.0,29.0,14.866068747318506,19.42232839300923,Left Foot,Open Play,Goal,1,0.33248875,0.12248271814879262,0.12225309483453176
Eden Hazard,Belgium,7536,43,82,95.0,29.0,27.313000567495326,14.025120781171355,Right Foot,Free Kick,Blocked,0,0.05616185,0.051309906487674264,9.3073339312313e-05
Fidel Escobar Mendieta,Panama,7536,43,88,96.0,19.0,31.89043743820395,9.92897250968405,Right Foot,Free Kick,Saved,0,0.009304588,0.028000343632867325,0.07410789724096954
Dawid Kownacki,Poland,7555,43,1,104.0,21.0,24.839484696748443,10.980899596838723,Right Foot,Open Play,Blocked,0,0.009801016,0.026250357482756406,0.05873059210721704
Robert Lewandowski,Poland,7555,43,4,115.0,39.0,5.0990195135927845,70.99718790034676,Head,Open Play,Wayward,0,0.2728475,0.21958870207816378,0.33489777540691285
Santiago Arias Naranjo,Colombia,7555,43,14,95.0,52.0,27.730849247724095,13.614330250580947,Right Foot,Open Play,Blocked,0,0.017330227,0.020216085849153097,1.4376124655872976e-05
Piotr Zieliński,Poland,7555,43,17,95.0,52.0,27.730849247724095,13.614330250580947,Left Foot,Open Play,Blocked,0,0.02723293,0.02667610992791824,1.9951530238260938e-05
Juan Guillermo Cuadrado Bello,Colombia,7555,43,34,82.0,30.0,39.293765408777,10.300073843228086,Right Foot,Open Play,Off T,0,0.006297056,0.0032639305357742465,2.263888668402946e-05
Yerry Fernando Mina González,Colombia,7555,43,39,116.0,38.0,4.47213595499958,77.28907464377035,Head,Open Play,Goal,1,0.54294956,0.351317431279261,0.7244888779993925
Bartosz Bereszyński,Poland,7555,43,46,105.0,55.0,21.213203435596427,14.116361676252144,Head,Open Play,Off T,0,0.0516608,0.010485134322883225,0.00018326698091198455
Robert Lewandowski,Poland,7555,43,48,112.0,44.0,8.94427190999916,41.322619636105216,Head,Open Play,Off T,0,0.08806232,0.07921079257064938,0.004884479940264617
Juan Fernando Quintero Paniagua,Colombia,7555,43,50,85.0,57.0,38.91015291668744,9.688758689856343,Left Foot,Open Play,Off T,0,0.006554862,0.00680369354847813,0.00010312542969925037
Radamel Falcao García Zárate,Colombia,7555,43,50,102.0,51.0,21.095023109728988,16.976358966144755,Right Foot,Open Play,Off T,0,0.05552095,0.04599895804147459,0.008232751176878715
James David Rodríguez Rubio,Colombia,7555,43,52,105.0,53.0,19.849433241279208,16.092243503171133,Left Foot,Open Play,Blocked,0,0.054039653,0.045133099593473856,0.00016427173943644416
Juan Fernando Quintero Paniagua,Colombia,7555,43,55,98.0,35.0,22.561028345356956,18.000875117501245,Left Foot,Open Play,Blocked,0,0.0645288,0.052576447428113085,0.08106045632036267
Juan Guillermo Cuadrado Bello,Colombia,7555,43,56,88.0,50.0,33.52610922848042,11.909826736580785,Right Foot,Open Play,Off T,0,0.013328942,0.006583334715668281,0.0012654286554947085
Robert Lewandowski,Poland,7555,43,57,110.0,29.0,14.866068747318506,19.42232839300923,Left Foot,Open Play,Saved,0,0.20361854,0.12248271814879262,0.4355722242320404
Robert Lewandowski,Poland,7555,43,65,112.0,41.0,8.06225774829855,48.61276617453667,Head,Open Play,Blocked,0,0.1499422,0.10255003147503113,0.09825827460889476
Radamel Falcao García Zárate,Colombia,7555,43,69,108.0,47.0,13.892443989449804,26.062095388807723,Right Foot,Open Play,Goal,1,0.31125227,0.12187187171116713,0.4888921023287303
Piotr Zieliński,Poland,7555,43,73,94.0,50.0,27.85677655436824,14.012828265732182,Right Foot,Open Play,Off T,0,0.021134824,0.02012616595354939,0.00043822557213295607
Juan Guillermo Cuadrado Bello,Colombia,7555,43,74,105.0,38.0,15.132745950421556,26.9881992929818,Right Foot,Open Play,Goal,1,0.19299302,0.10962197968108785,0.4776132924371802
Łukasz Teodorczyk,Poland,7555,43,80,109.0,34.0,12.529964086141668,29.27965685780532,Head,Open Play,Blocked,0,0.06877008,0.04040936037496313,0.1221017069301822
Grzegorz Krychowiak,Poland,7555,43,80,116.0,33.0,8.06225774829855,29.570293798098717,Right Foot,Open Play,Blocked,0,0.20201232,0.2287810030391584,0.4629129047665272
Andrés Mateus Uribe Villa,Colombia,7555,43,83,118.0,47.0,7.280109889280518,20.287130172707865,Left Foot,Open Play,Blocked,0,0.09850289,0.25478469122513264,0.42686908273145624
James David Rodríguez Rubio,Colombia,7555,43,84,89.0,15.0,39.824615503479755,8.210858942241497,Left Foot,Free Kick,Off T,0,0.0061194333,0.014477576255602819,0.00019301927229401072
Robert Lewandowski,Poland,7555,43,87,91.0,33.0,29.832867780352597,13.612785682588049,Right Foot,Open Play,Saved,0,0.019115308,0.015935514264748058,0.057674000294098304
Jefferson Andrés Lerma Solís,Colombia,7555,43,89,92.0,50.0,29.732137494637012,13.2474980643111,Left Foot,Open Play,Blocked,0,0.017525094,0.021108186187057655,0.00010397735341461712
Cristiano Ronaldo dos Santos Aveiro,Portugal,7576,43,3,109.0,41.0,11.045361017187261,36.55347528286595,Right Foot,Penalty,Goal,1,0.7835,0.76,0.76
David Josué Jiménez Silva,Spain,7576,43,9,106.0,38.0,14.142135623730951,28.774850708538143,Right Foot,Open Play,Off T,0,0.17203248,0.12611267511571492,0.02041589871311626
Gonçalo Manuel Ganchinho Guedes,Portugal,7576,43,15,96.0,53.0,27.294688127912362,13.502763673982074,Right Foot,Open Play,Blocked,0,0.023871757,0.01394436819878959,1.5785567468136953e-05
Cristiano Ronaldo dos Santos Aveiro,Portugal,7576,43,17,99.0,63.0,31.144823004794873,9.1290091579521,Right Foot,Free Kick,Blocked,0,0.008962571,0.029851624422764567,1.273856667173808e-06
David Josué Jiménez Silva,Spain,7576,43,20,113.0,31.0,11.40175425099138,23.722344983450846,Left Foot,Open Play,Blocked,0,0.077663854,0.18810476193328726,0.0009970398938597166
Diego da Silva Costa,Spain,7576,43,23,105.0,45.0,15.811388300841896,24.894400196835885,Right Foot,Open Play,Goal,1,0.07830886,0.09751315790056428,0.27701333428558156
Francisco Román Alarcón Suárez,Spain,7576,43,25,103.0,20.0,26.248809496813376,10.43637278058886,Right Foot,Open Play,Post,0,0.0092897555,0.022106966181000005,0.001275190689029189
David Josué Jiménez Silva,Spain,7576,43,28,100.0,54.0,24.413111231467404,14.105540114325132,Left Foot,Free Kick,Blocked,0,0.05749292,0.09136489504515631,5.786453946044661e-05
Andrés Iniesta Luján,Spain,7576,43,34,110.0,29.0,14.866068747318506,19.42232839300923,Left Foot,Open Play,Off T,0,0.073567346,0.08360173158125488,0.0011878901152272924
Sergio Busquets i Burgos,Spain,7576,43,38,111.0,40.0,9.0,44.259873463524045,Head,Open Play,Off T,0,0.10047825,0.12337556172697361,0.02096951218308169
Francisco Román Alarcón Suárez,Spain,7576,43,41,101.0,55.0,24.20743687382041,13.65220792927406,Left Foot,Open Play,Saved,0,0.02509576,0.026206225250801716,0.09798019249084411
Cristiano Ronaldo dos Santos Aveiro,Portugal,7576,43,43,101.0,36.0,19.4164878389476,20.932033582372885,Left Foot,Open Play,Goal,1,0.08400426,0.079015475818999,0.10436503125778153
Bruno Miguel Borges Fernandes,Portugal,7576,43,48,87.0,35.0,33.37663853655727,12.378964604292042,Right Foot,Open Play,Off T,0,0.02081828,0.010329239381843195,0.00016938671696691614
Diego da Silva Costa,Spain,7576,43,54,118.0,41.0,2.23606797749979,119.83297519818879,Right Foot,Open Play,Goal,1,0.79165405,0.8472153583490418,0.9178025240300516
José Ignacio Fernández Iglesias,Spain,7576,43,57,99.0,52.0,24.186773244895647,15.052271960594913,Right Foot,Open Play,Goal,1,0.035519395,0.031175151109744722,0.13380145822425912
Diego da Silva Costa,Spain,7576,43,70,110.0,35.0,11.180339887498949,33.260392835092176,Left Foot,Open Play,Off T,0,0.17698126,0.16470192512371923,0.0010331457354254357
Kléper Laveran Lima Ferreira,Portugal,7576,43,71,116.0,34.0,7.211102550927978,37.17896286588581,Head,Open Play,Wayward,0,0.14278555,0.08651297545265785,0.000276083888005834
Ricardo Andrade Quaresma Bernardo,Portugal,7576,43,75,107.0,64.0,27.294688127912362,7.410872754258165,Right Foot,Open Play,Off T,0,0.007522316,0.01824085114951185,0.0008354903718914264
Iago Aspas Juncal,Spain,7576,43,81,100.0,48.0,21.540659228538015,17.99882172968464,Left Foot,Open Play,Saved,0,0.06286274,0.03919598870340039,0.054622750980148384
Cristiano Ronaldo dos Santos Aveiro,Portugal,7576,43,87,96.0,44.0,24.331050121192877,16.889713842190194,Right Foot,Free Kick,Goal,1,0.08682875,0.07572355612323295,0.2849604002346388
Ricardo Andrade Quaresma Bernardo,Portugal,7576,43,91,108.0,31.0,15.0,22.544033687271924,Right Foot,Open Play,Blocked,0,0.087241955,0.10061409294246376,0.00022105653375212986
Cristiano Ronaldo dos Santos Aveiro,Portugal,7576,43,91,113.0,44.0,8.06225774829855,44.79698948428266,Head,Open Play,Off T,0,0.18906035,0.13712866030924192,0.0017261350248777324
Philippe Coutinho Correia,Brazil,7565,43,1,104.0,37.0,16.278820596099706,24.961631994485234,Right Foot,Open Play,Blocked,0,0.08790639,0.06281918511724728,0.13392785135457766
Gabriel Fernando de Jesus,Brazil,7565,43,3,114.0,28.0,13.416407864998739,14.76824088027571,Right Foot,Open Play,Saved,0,0.09553115,0.09954212266382433,0.23931174236136066
Filip Kostić,Serbia,7565,43,13,96.0,46.0,24.73863375370596,16.35604814256454,Left Foot,Open Play,Blocked,0,0.03160092,0.03978905520803058,0.0002819206502756648
Aleksandar Mitrović,Serbia,7565,43,14,108.0,43.0,12.36931687685298,32.17837078204991,Head,Open Play,Wayward,0,0.071207,0.04408878248743547,0.06599441495751114
Neymar da Silva Santos Junior,Brazil,7565,43,24,117.0,30.0,10.44030650891055,12.936250064949594,Left Foot,Open Play,Saved,0,0.055385347,0.16503446786869821,0.3313316035256993
Gabriel Fernando de Jesus,Brazil,7565,43,28,114.0,29.0,12.529964086141668,17.005738961714126,Right Foot,Open Play,Blocked,0,0.15078197,0.11463742063900097,0.0005541167611311405
Aleksandar Mitrović,Serbia,7565,43,33,110.0,42.0,10.198039027185569,38.93501443199597,Left Foot,Open Play,Off T,0,0.10374196,0.28023185167326414,0.035139146859035505
José Paulo Bezzera Maciel Júnior,Brazil,7565,43,34,106.0,39.0,14.035668847618199,29.168357070332945,Right Foot,Open Play,Goal,1,0.31224898,0.12856937206883903,0.23433829617192625
Dušan Tadić,Serbia,7565,43,39,95.0,45.0,25.495097567963924,16.037967680960396,Left Foot,Open Play,Off T,0,0.032582965,0.0363094235200856,0.0013682459514493624
Neymar da Silva Santos Junior,Brazil,7565,43,45,101.0,18.0,29.068883707497267,9.494447214499502,Right Foot,Open Play,Off T,0,0.010284821,0.01570325973544627,0.0014877169216431715
Sergej Milinković-Savić,Serbia,7565,43,54,96.0,50.0,26.0,14.849485098314487,Right Foot,Open Play,Blocked,0,0.031538606,0.02532037262953776,3.797565434862183e-05
Neymar da Silva Santos Junior,Brazil,7565,43,56,111.0,28.0,15.0,17.29322905131749,Left Foot,Open Play,Saved,0,0.12364933,0.11529174814153179,0.16598093309895398
Aleksandar Mitrović,Serbia,7565,43,60,112.0,41.0,8.06225774829855,48.61276617453667,Head,Open Play,Blocked,0,0.28301764,0.1488123542925901,0.09418010295448045
Sergej Milinković-Savić,Serbia,7565,43,62,104.0,28.0,20.0,16.853939870657733,Right Foot,Open Play,Off T,0,0.05241559,0.03441738716264472,0.0005842712838883796
Aleksandar Mitrović,Serbia,7565,43,64,113.0,37.0,7.615773105863909,48.96044180379007,Head,Open Play,Saved,0,0.12310901,0.15659313329409807,0.22000017653213164
Thiago Emiliano da Silva,Brazil,7565,43,67,116.0,36.0,5.656854249492381,57.56827915681962,Head,Open Play,Goal,1,0.17739391,0.15867850098060476,0.5698724379609995
Philippe Coutinho Correia,Brazil,7565,43,69,101.0,43.0,19.235384061671343,21.306381056670578,Right Foot,Open Play,Blocked,0,0.052411966,0.06241663961534531,0.12553739400712324
Filipe Luís Kasmirski,Brazil,7565,43,70,95.0,40.0,25.0,16.657867763258775,Left Foot,Open Play,Saved,0,0.03148136,0.03893544265012448,0.14575440906809423
Neymar da Silva Santos Junior,Brazil,7565,43,72,104.0,30.0,18.867962264113206,18.873095911633765,Right Foot,Open Play,Blocked,0,0.059994984,0.06134321815792043,9.144813561585982e-05
Carlos Henrique Casimiro,Brazil,7565,43,77,80.0,43.0,40.11234224026316,10.398325332207571,Right Foot,Open Play,Off T,0,0.006776994,0.00454951390077399,0.0004393094837128999
Nemanja Matić,Serbia,7565,43,78,109.0,40.0,11.0,36.80738179878588,Left Foot,Open Play,Off T,0,0.12900412,0.18031890248969934,0.01798613731771163
Neymar da Silva Santos Junior,Brazil,7565,43,82,106.0,43.0,14.317821063276353,28.140188848686396,Right Foot,Open Play,Off T,0,0.0904818,0.12218601328024731,0.0029522620452005653
Aleksandar Mitrović,Serbia,7565,43,86,106.0,43.0,14.317821063276353,28.140188848686396,Right Foot,Open Play,Blocked,0,0.081434235,0.12218601328024731,0.1637417462938417
Neymar da Silva Santos Junior,Brazil,7565,43,88,108.0,30.0,15.620499351813308,20.852441212812437,Right Foot,Open Play,Blocked,0,0.07397224,0.09077390058195825,0.0001993892978401641
Andrija Živković,Serbia,7565,43,91,99.0,59.0,28.319604517012593,11.030159282984068,Left Foot,Open Play,Off T,0,0.008667415,0.02344421969123677,0.0004105985832042651
Neymar da Silva Santos Junior,Brazil,7565,43,92,114.0,52.0,13.416407864998739,14.76824088027571,Right Foot,Open Play,Saved,0,0.09150794,0.09954212266382433,0.08921765523626965
Julian Draxler,Germany,7551,43,2,113.0,42.0,7.280109889280518,52.298860701385024,Right Foot,Open Play,Blocked,0,0.2657264,0.36428283486752805,0.5037852805309178
Jonas Hector,Germany,7551,43,2,104.0,40.0,16.0,25.76944914792543,Left Foot,Open Play,Blocked,0,0.061157048,0.1255247331135471,0.09183195583527982
Marcus Berg,Sweden,7551,43,11,106.0,40.0,14.0,29.301715644264668,Right Foot,Open Play,Saved,0,0.36402932,0.12940579498215496,0.14209905303273013
Jérôme Boateng,Germany,7551,43,15,97.0,53.0,26.419689627245813,13.816181962235301,Left Foot,Open Play,Blocked,0,0.025292808,0.031044528583917107,2.320029969477461e-05
Marcus Berg,Sweden,7551,43,17,105.0,43.0,15.297058540778355,26.460610345635395,Right Foot,Open Play,Blocked,0,0.08216722,0.10652534704682204,0.0010413158137303296
Sebastian Rudy,Germany,7551,43,18,92.0,42.0,28.071337695236398,14.820788043716872,Right Foot,Open Play,Blocked,0,0.027065128,0.013187763166412592,0.015638191831498855
Ola Toivonen,Sweden,7551,43,31,112.0,48.0,11.313708498984761,27.06590322098299,Right Foot,Open Play,Goal,1,0.10376687,0.16076638174272526,0.47199891388413145
İlkay Gündoğan,Germany,7551,43,38,94.0,28.0,28.635642126552707,13.276236460380275,Right Foot,Open Play,Saved,0,0.021909917,0.018099956807362236,0.07103689641760173
Jérôme Boateng,Germany,7551,43,44,96.0,62.0,32.55764119219941,9.528673843612724,Left Foot,Open Play,Off T,0,0.008810984,0.013989448605175066,0.00016722671749125353
Marcus Berg,Sweden,7551,43,46,107.0,47.0,14.7648230602334,24.9427916000817,Head,Open Play,Saved,0,0.113480166,0.04277145966597365,0.12956835313287937
Marco Reus,Germany,7551,43,47,112.0,40.0,8.0,49.16818939087588,Left Foot,Open Play,Goal,1,0.16725664,0.3931349182664128,0.6573196698958701
Toni Kroos,Germany,7551,43,48,101.0,29.0,21.95449840010015,16.53068796405916,Right Foot,Open Play,Blocked,0,0.03777922,0.0413981568177293,0.00019109711058741015
Thomas Müller,Germany,7551,43,50,111.0,54.0,16.64331697709324,14.03192696864829,Head,Open Play,Off T,0,0.052033167,0.026663190721542277,0.000745817241797358
Jonas Hector,Germany,7551,43,55,112.0,30.0,12.806248474865697,21.24773692030976,Left Foot,Open Play,Saved,0,0.12256524,0.15628901193526787,0.19440629560118902
Toni Kroos,Germany,7551,43,62,105.0,29.0,18.601075237738275,18.26918871493129,Left Foot,Open Play,Blocked,0,0.0749021,0.08103244588855561,0.00027428033796380463
Toni Kroos,Germany,7551,43,64,93.0,38.0,27.073972741361768,15.35765421821431,Right Foot,Open Play,Blocked,0,0.02860656,0.022719155699140323,0.05033756425463488
Marco Reus,Germany,7551,43,72,106.0,22.0,22.80350850198276,11.435928540227444,Right Foot,Open Play,Blocked,0,0.017588291,0.03332803591548302,3.638753439960031e-06
Toni Kroos,Germany,7551,43,72,105.0,26.0,20.518284528683193,15.076398246568523,Right Foot,Open Play,Wayward,0,0.040610082,0.046838413196625524,7.048175170152594e-05
Emil Peter Forsberg,Sweden,7551,43,75,98.0,20.0,29.732137494637012,10.479830033762187,Left Foot,Open Play,Saved,0,0.009230858,0.01972481978032572,0.06500389538264409
Timo Werner,Germany,7551,43,80,109.0,49.0,14.212670403551895,23.118864658126963,Right Foot,Open Play,Off T,0,0.13043028,0.11053265825088487,0.00729776174839093
Andreas Granqvist,Sweden,7551,43,82,110.0,45.0,11.180339887498949,33.260392835092176,Head,Open Play,Saved,0,0.12888776,0.05154481809584538,0.20934031121518545
Mario Gómez García,Germany,7551,43,87,111.0,40.0,9.0,44.259873463524045,Head,Open Play,Saved,0,0.16166209,0.12337556172697361,0.2458911558554709
Julian Brandt,Germany,7551,43,91,101.0,46.0,19.924858845171276,19.92867038892818,Left Foot,Open Play,Post,0,0.064983755,0.07313691441862474,0.0015148495249160785
John Guidetti,Sweden,7551,43,93,107.0,59.0,23.021728866442675,10.437049664246697,Right Foot,Open Play,Saved,0,0.013604501,0.020982871146428106,0.0734453499531372
Toni Kroos,Germany,7551,43,94,111.0,20.0,21.93171219946131,8.019523075669564,Right Foot,Open Play,Goal,1,0.009705122,0.03381653199353853,0.18923028430848204
Jesse Lingard,England,7537,43,2,113.0,39.0,7.0710678118654755,54.45906449436183,Right Foot,Open Play,Saved,0,0.19693047,0.382553496184,0.2781174342548472
Harry Maguire,England,7537,43,2,108.0,41.0,12.041594578792296,33.72132196479854,Head,Open Play,Off T,0,0.078440964,0.07077434624862342,0.0014467906523332982
Harry Kane,England,7537,43,10,97.0,36.0,23.345235059857504,17.57308139746118,Right Foot,Open Play,Blocked,0,0.045925878,0.03638781286634493,0.07758392741720342
John Stones,England,7537,43,10,112.0,47.0,10.63014581273465,30.45237044057419,Head,Open Play,Saved,0,0.098931395,0.07628555353590022,0.3250007736178299
Harry Kane,England,7537,43,10,116.0,46.0,7.211102550927978,37.17896286588581,Right Foot,Open Play,Goal,1,0.19627495,0.2835564909884679,0.3809068137176969
Jordan Brian Henderson,England,7537,43,17,94.0,48.0,27.202941017470888,14.677783940291329,Right Foot,Open Play,Saved,0,0.024635071,0.022022405894631805,0.038082033261281206
Naïm Sliti,Tunisia,7537,43,22,91.0,21.0,34.66987164671943,10.126036383909627,Right Foot,Open Play,Off T,0,0.006881288,0.008427768276869538,0.002577466522255322
Jesse Lingard,England,7537,43,23,116.0,50.0,10.770329614269007,15.927044512807306,Right Foot,Open Play,Off T,0,0.0688049,0.13372684851223973,0.007698799722938925
Ferjani Sassi,Tunisia,7537,43,26,98.0,46.0,22.80350850198276,17.634480667940146,Right Foot,Open Play,Blocked,0,0.05048326,0.0386984668819113,0.11534553088978328
Fakhreddine Ben Youssef,Tunisia,7537,43,27,108.0,36.0,12.649110640673518,30.928500850362962,Head,Open Play,Wayward,0,0.06507511,0.062111899530134775,1.9262538184678212e-05
Harry Maguire,England,7537,43,30,111.0,58.0,20.12461179749811,9.549507323591847,Head,Open Play,Saved,0,0.010569053,0.01613150796717583,0.09719628912852031
Ferjani Sassi,Tunisia,7537,43,34,108.0,40.0,12.0,33.92341177306582,Right Foot,Penalty,Goal,1,0.7835,0.76,0.76
Bamidele Alli,England,7537,43,38,118.0,47.0,7.280109889280518,20.287130172707865,Head,Open Play,Blocked,0,0.108573206,0.08611777398384252,0.08598542820484038
Raheem Sterling,England,7537,43,38,117.0,37.0,4.242640687119285,78.15821411699937,Right Foot,Open Play,Wayward,0,0.40336105,0.6081997805193692,0.7767444202177478
John Stones,England,7537,43,38,114.0,39.0,6.082762530298219,61.74460200445838,Left Foot,Open Play,Wayward,0,0.43713534,0.525285260616164,0.002642772109328192
Jesse Lingard,England,7537,43,42,106.0,41.0,14.035668847618199,29.168357070332945,Left Foot,Open Play,Blocked,0,0.13074626,0.16386287072396943,0.1641996445945778
Jesse Lingard,England,7537,43,43,108.0,54.0,18.439088914585774,15.05344601085839,Right Foot,Open Play,Post,0,0.2161229,0.058743470369626107,0.0008189884970876845
Bamidele Alli,England,7537,43,50,112.0,40.0,8.0,49.16818939087588,Head,Open Play,Saved,0,0.087220274,0.1045046646929948,0.1220708072048815
John Stones,England,7537,43,60,106.0,40.0,14.0,29.301715644264668,Head,Open Play,Wayward,0,0.052625064,0.05161004619006826,0.00022354530457987924
Kieran Trippier,England,7537,43,68,93.0,27.0,29.966648127543394,12.594293119359222,Right Foot,Free Kick,Off T,0,0.0375056,0.03701220100300097,0.0005029180998284185
Wahbi Khazri,Tunisia,7537,43,71,106.0,60.0,24.413111231467404,9.976260890954915,Right Foot,Open Play,Blocked,0,0.008759379,0.0268713896785312,1.390065784003532e-06
Naïm Sliti,Tunisia,7537,43,71,93.0,43.0,27.16615541441225,15.256636140904194,Left Foot,Open Play,Off T,0,0.030954175,0.029574849124998068,0.00027861517417295277
Ashley Young,England,7537,43,78,96.0,34.0,24.73863375370596,16.35604814256454,Right Foot,Free Kick,Off T,0,0.07838383,0.0716087054981733,0.0018402293472650785
Harry Kane,England,7537,43,90,116.0,36.0,5.656854249492381,57.56827915681962,Head,Open Play,Goal,1,0.35426354,0.22394314225621278,0.5537512453515336
Antoine Griezmann,France,7580,43,8,95.0,50.0,26.92582403567252,14.421982345626256,Left Foot,Free Kick,Post,0,0.06554038,0.07051856654722878,0.0028023530803220936
Antoine Griezmann,France,7580,43,12,108.0,40.0,12.0,33.92341177306582,Left Foot,Penalty,Goal,1,0.7835,0.76,0.76
Paul Pogba,France,7580,43,20,102.0,33.0,19.313207915827967,20.12296725647227,Right Foot,Free Kick,Off T,0,0.09104843,0.13672045662707502,0.012249912017127806
Éver Maximiliano David Banega,Argentina,7580,43,21,96.0,27.0,27.294688127912362,13.502763673982074,Right Foot,Open Play,Blocked,0,0.027343327,0.02117820651006426,3.198071459858181e-05
Ángel Fabián Di María Hernández,Argentina,7580,43,40,90.0,38.0,30.066592756745816,13.851353216671258,Left Foot,Open Play,Goal,1,0.023531355,0.020629102019735092,0.16251910396058636
Lionel Andrés Messi Cuccittini,Argentina,7580,43,47,104.0,56.0,22.627416997969522,13.218884641776974,Left Foot,Open Play,Blocked,0,0.026417136,0.04658884159256426,0.0004887563643965956
Gabriel Iván Mercado,Argentina,7580,43,47,111.0,42.0,9.219544457292887,42.615768593997174,Left Foot,Open Play,Goal,1,0.28001544,0.3233277524403448,0.5766415460210654
Antoine Griezmann,France,7580,43,55,116.0,45.0,6.4031242374328485,46.68722981667108,Right Foot,Open Play,Off T,0,0.17972884,0.3552473622560511,0.0027309612929744304
Benjamin Pavard,France,7580,43,56,100.0,56.0,25.612496949731394,12.834236987140041,Right Foot,Open Play,Goal,1,0.024150338,0.02517944914492338,0.19862937398356767
Blaise Matuidi,France,7580,43,63,108.0,35.0,13.0,29.445095454491188,Left Foot,Open Play,Blocked,0,0.07552241,0.18190599344467176,0.32020058455553857
Kylian Mbappé Lottin,France,7580,43,63,112.0,30.0,12.806248474865697,21.24773692030976,Left Foot,Open Play,Goal,1,0.117784284,0.15628901193526787,0.20948072882555474
Lionel Andrés Messi Cuccittini,Argentina,7580,43,65,95.0,24.0,29.68164415931166,11.910564006575274,Left Foot,Free Kick,Blocked,0,0.030227054,0.049306454258648325,2.1071118515702574e-05
Lionel Andrés Messi Cuccittini,Argentina,7580,43,65,96.0,22.0,30.0,11.20793477556556,Left Foot,Open Play,Blocked,0,0.008551168,0.01948138801278235,0.00014117446366268077
Kylian Mbappé Lottin,France,7580,43,67,107.0,51.0,17.029386365926403,18.98471482036313,Right Foot,Open Play,Goal,1,0.22098207,0.07493200107163854,0.20978636542189055
Olivier Giroud,France,7580,43,69,108.0,27.0,17.69180601295413,16.34043093367809,Left Foot,Open Play,Off T,0,0.07977028,0.05748145547475829,0.0011209462971904735
Nicolás Hernán Otamendi,Argentina,7580,43,72,114.0,36.0,7.211102550927978,48.68547103685486,Right Foot,Open Play,Wayward,0,0.19252568,0.3454251574103394,0.5811233162077502
Lionel Andrés Messi Cuccittini,Argentina,7580,43,84,107.0,49.0,15.811388300841896,21.909514130132212,Right Foot,Open Play,Saved,0,0.17476669,0.0911401114576971,0.10451384826566325
Sergio Leonel Agüero del Castillo,Argentina,7580,43,85,106.0,48.0,16.1245154965971,22.5660292713364,Right Foot,Open Play,Blocked,0,0.15172864,0.06038520084633478,0.0001402494520577822
Ángel Fabián Di María Hernández,Argentina,7580,43,89,114.0,55.0,16.15549442140351,10.05848836503178,Left Foot,Open Play,Blocked,0,0.017985687,0.08691992042734538,0.0002102107190507765
Sergio Leonel Agüero del Castillo,Argentina,7580,43,92,112.0,37.0,8.54400374531753,44.493602523459614,Head,Open Play,Goal,1,0.19387953,0.12983139475137356,0.3689421785197739
Ángel Fabián Di María Hernández,Argentina,7580,43,94,113.0,38.0,7.280109889280518,52.298860701385024,Right Foot,Open Play,Wayward,0,0.31958774,0.36428283486752805,2.298250457698825e-06
Mathias Jørgensen Jatta,Denmark,7581,43,0,115.0,34.0,7.810249675906654,37.554396904991115,Left Foot,Open Play,Goal,1,0.12611686,0.3312258290320506,0.2862163229883248
Mario Mandžukić,Croatia,7581,43,3,112.0,36.0,8.94427190999916,41.322619636105216,Right Foot,Open Play,Goal,1,0.26349646,0.26443725406352137,0.6121559307820902
Ivan Perišić,Croatia,7581,43,11,101.0,55.0,24.20743687382041,13.65220792927406,Left Foot,Free Kick,Blocked,0,0.06305066,0.0923969590676109,0.0002644934257242192
Ivan Perišić,Croatia,7581,43,18,103.0,24.0,23.345235059857504,13.174796186194072,Right Foot,Open Play,Blocked,0,0.030144284,0.032722641859492904,1.5982597531143363e-05
Christian Dannemann Eriksen,Denmark,7581,43,22,96.0,37.0,24.186773244895647,17.08457144835793,Right Foot,Open Play,Blocked,0,0.037469286,0.03274688740056169,0.09946936103105437
Martin Braithwaite Christensen,Denmark,7581,43,26,111.0,50.0,13.45362404707371,21.45822334363892,Right Foot,Open Play,Saved,0,0.13162047,0.07837646679767901,0.08670434739759043
Ivan Rakitić,Croatia,7581,43,28,94.0,32.0,27.202941017470888,14.677783940291329,Right Foot,Open Play,Saved,0,0.038346656,0.022022405894631805,0.11083297526521083
Ivan Perišić,Croatia,7581,43,28,110.0,32.0,12.806248474865697,25.921678877770628,Left Foot,Open Play,Wayward,0,0.16490108,0.17232358368963147,0.0012965647303772715
Ivan Perišić,Croatia,7581,43,28,111.0,34.0,10.816653826391969,32.451478180083946,Right Foot,Open Play,Off T,0,0.120503984,0.1883745462180037,0.03147538389279771
Ante Rebić,Croatia,7581,43,31,97.0,30.0,25.079872407968907,15.29564376495556,Right Foot,Open Play,Blocked,0,0.030320106,0.028379342402697173,4.247328841108811e-05
Christian Dannemann Eriksen,Denmark,7581,43,33,96.0,57.0,29.410882339705484,11.656202046895997,Left Foot,Open Play,Off T,0,0.016978217,0.021051208544412184,0.00012368994005066555
Dejan Lovren,Croatia,7581,43,38,115.0,39.0,5.0990195135927845,70.99718790034676,Head,Open Play,Off T,0,0.18463199,0.21958870207816378,0.0011606915741227237
Ivan Rakitić,Croatia,7581,43,43,104.0,31.0,18.35755975068582,19.896374808405774,Left Foot,Open Play,Saved,0,0.07601792,0.08630138186984888,0.2112413631154541
Ivan Perišić,Croatia,7581,43,45,98.0,62.0,31.11269837220809,9.575534582303764,Right Foot,Open Play,Off T,0,0.011261932,0.008188248333771995,0.0004166881863916317
Martin Braithwaite Christensen,Denmark,7581,43,55,115.0,52.0,13.0,13.236053935984758,Right Foot,Open Play,Off T,0,0.0686043,0.10041337959551416,0.002274728561567254
Ivan Perišić,Croatia,7581,43,63,108.0,21.0,22.47220505424423,10.130714202071335,Right Foot,Open Play,Blocked,0,0.012094772,0.033507282371775145,2.525085126716491e-06
Ante Rebić,Croatia,7581,43,64,102.0,26.0,22.80350850198276,14.578756113805929,Right Foot,Open Play,Blocked,0,0.030008089,0.03595446162401153,2.544704481453979e-05
Nicolai Jørgensen,Denmark,7581,43,71,107.0,50.0,16.401219466856727,20.41999992776933,Right Foot,Open Play,Saved,0,0.070741735,0.08279157381858841,0.08360376787857327
Christian Dannemann Eriksen,Denmark,7581,43,73,101.0,30.0,21.470910553583888,17.261106774339446,Right Foot,Open Play,Off T,0,0.04147935,0.044436226579004756,0.0003338224680868565
Luka Modrić,Croatia,7581,43,76,96.0,51.0,26.40075756488817,14.412597666750242,Right Foot,Open Play,Off T,0,0.027416315,0.023948539287906856,6.449845388828517e-05
Ante Rebić,Croatia,7581,43,77,97.0,58.0,29.206163733020468,11.338743192573057,Left Foot,Open Play,Saved,0,0.012468111,0.021376281172691743,0.03874664165592143
Ivan Perišić,Croatia,7581,43,83,113.0,31.0,11.40175425099138,23.722344983450846,Head,Open Play,Off T,0,0.11325187,0.060024341693865654,0.004151304187026491
Josip Pivarić,Croatia,7581,43,85,98.0,30.0,24.166091947189145,15.760502198768412,Left Foot,Open Play,Blocked,0,0.038121704,0.0417876958623027,9.602788286355316e-05
Lasse Schöne,Denmark,7581,43,86,97.0,50.0,25.079872407968907,15.29564376495556,Right Foot,Open Play,Off T,0,0.036073588,0.028379342402697173,0.00021839393921041145
Ivan Rakitić,Croatia,7581,43,91,88.0,40.0,32.0,13.049702879215534,Right Foot,Open Play,Off T,0,0.020794695,0.012285520659085603,0.00012999723224272304
Martin Braithwaite Christensen,Denmark,7581,43,92,100.0,50.0,22.360679774997898,16.744460989314298,Right Foot,Open Play,Off T,0,0.039959002,0.039783535217982204,0.0003348792478452672
Thomas Delaney,Denmark,7581,43,91,78.0,47.0,42.579337712087536,9.694678825199773,Left Foot,Open Play,Blocked,0,0.005800442,0.004468724854965646,4.879428919944961e-05
Lasse Schöne,Denmark,7581,43,92,95.0,45.0,25.495097567963924,16.037967680960396,Right Foot,Open Play,Blocked,0,0.029309789,0.0275826564708858,0.00012729474702579568
Lasse Schöne,Denmark,7581,43,98,95.0,47.0,25.96150997149434,15.483744971964454,Right Foot,Open Play,Off T,0,0.027793115,0.02582604645794765,0.00023087737589317864
Mateo Kovačić,Croatia,7581,43,105,98.0,30.0,24.166091947189145,15.760502198768412,Right Foot,Open Play,Blocked,0,0.04311312,0.021007746380789085,2.3439845720307787e-05
Pione Sisto Ifolo Emirmija,Denmark,7581,43,107,106.0,20.0,24.413111231467404,9.976260890954915,Right Foot,Open Play,Off T,0,0.010282481,0.0268713896785312,0.00014802412529424635
Nicolai Jørgensen,Denmark,7581,43,112,112.0,27.0,15.264337522473747,14.93113137364117,Right Foot,Open Play,Off T,0,0.05426612,0.08232137537195346,0.0008958151219356946
Luka Modrić,Croatia,7581,43,115,109.0,41.0,11.045361017187261,36.55347528286595,Right Foot,Penalty,Saved,0,0.7835,0.76,0.76
Luka Modrić,Croatia,7581,43,118,97.0,33.0,24.041630560342615,16.604111585460284,Right Foot,Open Play,Saved,0,0.072142854,0.021749022456011916,0.03831879890001986
Andrej Kramarić,Croatia,7581,43,119,98.0,28.0,25.059928172283335,14.682690001241319,Right Foot,Open Play,Off T,0,0.034648996,0.028022357478611388,0.005984728344701253
Christian Dannemann Eriksen,Denmark,7581,43,120,108.0,40.0,12.0,33.92341177306582,Right Foot,Penalty,Saved,0,0.7835,0.76,0.76
Milan Badelj,Croatia,7581,43,120,108.0,40.0,12.0,33.92341177306582,Right Foot,Penalty,Saved,0,0.7835,0.76,0.76
Simon Thorup Kjær,Denmark,7581,43,121,108.0,40.0,12.0,33.92341177306582,Right Foot,Penalty,Goal,1,0.7835,0.76,0.76
Andrej Kramarić,Croatia,7581,43,122,108.0,40.0,12.0,33.92341177306582,Right Foot,Penalty,Goal,1,0.7835,0.76,0.76
Michael Krohn-Dehli,Denmark,7581,43,123,108.0,40.0,12.0,33.92341177306582,Right Foot,Penalty,Goal,1,0.7835,0.76,0.76
Luka Modrić,Croatia,7581,43,124,108.0,40.0,12.0,33.92341177306582,Right Foot,Penalty,Goal,1,0.7835,0.76,0.76
Lasse Schöne,Denmark,7581,43,125,108.0,40.0,12.0,33.92341177306582,Right Foot,Penalty,Saved,0,0.7835,0.76,0.76
Josip Pivarić,Croatia,7581,43,126,108.0,40.0,12.0,33.92341177306582,Left Foot,Penalty,Saved,0,0.7835,0.76,0.76
Nicolai Jørgensen,Denmark,7581,43,127,108.0,40.0,12.0,33.92341177306582,Right Foot,Penalty,Saved,0,0.7835,0.76,0.76
Ivan Rakitić,Croatia,7581,43,128,108.0,40.0,12.0,33.92341177306582,Right Foot,Penalty,Goal,1,0.7835,0.76,0.76
Gylfi Þór Sigurðsson,Iceland,7549,43,2,92.0,40.0,28.0,14.894307713247091,Right Foot,Free Kick,Saved,0,0.054394327,0.04858472680983065,0.31271006617360686
Gylfi Þór Sigurðsson,Iceland,7549,43,4,99.0,39.0,21.02379604162864,19.73049419222056,Right Foot,Open Play,Saved,0,0.10112726,0.03291873943575703,0.11778034454447481
Kenneth Josiah Omeruo,Nigeria,7549,43,7,104.0,39.0,16.0312195418814,25.67729328661793,Head,Open Play,Wayward,0,0.04417076,0.025062154375738624,0.027492254090960642
Birkir Bjarnason,Iceland,7549,43,20,114.0,27.0,14.317821063276353,12.910436783195934,Left Foot,Open Play,Blocked,0,0.06373091,0.112171526548076,0.00012874611850316746
Birkir Bjarnason,Iceland,7549,43,33,109.0,24.0,19.4164878389476,12.486608669718098,Right Foot,Open Play,Off T,0,0.029692495,0.04969628909632055,0.0029568702124738696
Alfreð Finnbogason,Iceland,7549,43,44,113.0,40.0,7.0,55.206279386696266,Other,Open Play,Off T,0,0.19456063,0.25288942286142446,0.003340923294854278
Jón Daði Böðvarsson,Iceland,7549,43,46,113.0,51.0,13.038404810405298,18.11777917817736,Head,Open Play,Off T,0,0.045343757,0.0439464185770984,0.0003311714418358332
Oghenekaro Etebo,Nigeria,7549,43,45,96.0,47.0,25.0,16.026420942143815,Right Foot,Open Play,Saved,0,0.03887468,0.029146844288076432,0.05808756729014277
Ahmed Musa,Nigeria,7549,43,48,112.0,46.0,10.0,34.06569721788727,Right Foot,Open Play,Goal,1,0.13957413,0.20979972748629627,0.5058366254354769
Onyinye Wilfred Ndidi,Nigeria,7549,43,56,84.0,26.0,38.62641583165593,10.10527464750541,Right Foot,Open Play,Saved,0,0.005955098,0.005355535639668114,0.019750658597807638
Victor Moses,Nigeria,7549,43,65,106.0,61.0,25.238858928247925,9.332286670890193,Right Foot,Open Play,Off T,0,0.008576407,0.024110112025320814,0.000670729771382031
Rúrik Gíslason,Iceland,7549,43,67,99.0,28.0,24.186773244895647,15.052271960594913,Right Foot,Open Play,Off T,0,0.043580372,0.020598515902524837,0.0024425249258443146
Victor Moses,Nigeria,7549,43,67,101.0,55.0,24.20743687382041,13.65220792927406,Left Foot,Open Play,Blocked,0,0.030264711,0.039545965709029386,6.290188526167527e-05
Oghenekaro Etebo,Nigeria,7549,43,68,95.0,38.0,25.079872407968907,16.555572785893233,Right Foot,Open Play,Blocked,0,0.049115922,0.029260943744339997,0.030974521058169762
William Troost-Ekong,Nigeria,7549,43,69,107.0,48.0,15.264337522473747,23.428273993435596,Head,Open Play,Off T,0,0.09659774,0.03903035606707638,0.0002922397935469721
Leon Aderemi Balogun,Nigeria,7549,43,71,112.0,43.0,8.54400374531753,44.493602523459614,Head,Open Play,Off T,0,0.07888537,0.12983139475137356,0.008767761328443882
Kelechi Promise Iheanacho,Nigeria,7549,43,73,98.0,54.0,26.076809620810597,13.581438280329596,Left Foot,Open Play,Blocked,0,0.025410693,0.03207277245193289,2.39960709310614e-05
Ahmed Musa,Nigeria,7549,43,73,101.0,27.0,23.021728866442675,15.067888365048153,Right Foot,Open Play,Post,0,0.043000102,0.035509305150931404,0.0006252006948992456
Victor Moses,Nigeria,7549,43,73,104.0,50.0,18.867962264113206,18.873095911633765,Right Foot,Open Play,Off T,0,0.0531975,0.06134321815792043,0.005491679146767847
Ahmed Musa,Nigeria,7549,43,74,113.0,41.0,7.0710678118654755,54.45906449436183,Right Foot,Open Play,Goal,1,0.5295454,0.382553496184,0.776822640437289
William Troost-Ekong,Nigeria,7549,43,78,92.0,39.0,28.0178514522438,14.875861040783997,Left Foot,Open Play,Blocked,0,0.027320247,0.026636260338803543,0.061518994143397183
Gylfi Þór Sigurðsson,Iceland,7549,43,82,108.0,40.0,12.0,33.92341177306582,Right Foot,Penalty,Off T,0,0.7835,0.76,0.76
Kelechi Promise Iheanacho,Nigeria,7549,43,83,98.0,48.0,23.40939982143925,16.763986910623107,Left Foot,Open Play,Off T,0,0.046937406,0.046522788814973286,0.0004713917613539611
Alfreð Finnbogason,Iceland,7549,43,87,112.0,27.0,15.264337522473747,14.93113137364117,Left Foot,Open Play,Saved,0,0.15761892,0.1064704892085228,0.13033342077674198
Onyinye Wilfred Ndidi,Nigeria,7549,43,88,91.0,42.0,29.068883707497267,14.319839828348513,Right Foot,Open Play,Blocked,0,0.033122007,0.017681133042294926,0.019182303810963627
Sverrir Ingi Ingason,Iceland,7549,43,89,107.0,41.0,13.038404810405298,31.284780529546936,Head,Open Play,Off T,0,0.078613296,0.060049941473200245,0.00308932320418199
Alex Iwobi,Nigeria,7549,43,96,103.0,39.0,17.029386365926403,24.222236280667662,Left Foot,Open Play,Blocked,0,0.061611153,0.1092489057456599,0.11293660813161975
Alex Iwobi,Nigeria,7529,43,12,89.0,40.0,31.0,13.466855344741944,Right Foot,Open Play,Blocked,0,0.018994473,0.01390784226179212,0.03183907001122409
Ivan Perišić,Croatia,7529,43,13,99.0,46.0,21.840329667841555,18.344271790850083,Right Foot,Open Play,Off T,0,0.06695514,0.04378297146433002,0.003000974340173179
Andrej Kramarić,Croatia,7529,43,15,86.0,35.0,34.36568055487916,12.032768216180228,Right Foot,Open Play,Off T,0,0.019367732,0.00914797962306427,0.00010739760867560599
Odion Jude Ighalo,Nigeria,7529,43,20,109.0,59.0,21.95449840010015,9.749885670865366,Right Foot,Open Play,Blocked,0,0.011507075,0.03516965693960969,5.397082286767971e-05
Oghenekaro Etebo,Nigeria,7529,43,21,93.0,41.0,27.018512172212592,15.418894103726267,Right Foot,Open Play,Off T,0,0.022628231,0.022895729826553284,0.00012322361780471407
Ante Rebić,Croatia,7529,43,31,101.0,23.0,25.495097567963924,12.323865239963839,Right Foot,Open Play,Blocked,0,0.028548675,0.025198351836447683,2.6225363460819517e-05
Mario Mandžukić,Croatia,7529,43,31,113.0,41.0,7.0710678118654755,54.45906449436183,Head,Open Play,Blocked,0,0.3240008,0.18489173091914526,0.21699966341188628
Odion Jude Ighalo,Nigeria,7529,43,33,106.0,33.0,15.652475842498529,23.868366629530648,Left Foot,Open Play,Blocked,0,0.16620727,0.12470608922344403,0.0002927707911310945
Andrej Kramarić,Croatia,7529,43,38,107.0,37.0,13.341664064126334,30.03277985822378,Head,Open Play,Off T,0,0.11621209,0.05641766706467783,0.001690648560313973
Šime Vrsaljko,Croatia,7529,43,41,104.0,59.0,24.839484696748443,10.980899596838723,Right Foot,Open Play,Off T,0,0.011776743,0.026250357482756406,0.0016564097744110674
Alex Iwobi,Nigeria,7529,43,45,104.0,31.0,18.35755975068582,19.896374808405774,Right Foot,Open Play,Blocked,0,0.06691181,0.06638704016688389,0.13345208021146135
Victor Moses,Nigeria,7529,43,45,91.0,47.0,29.832867780352597,13.612785682588049,Right Foot,Open Play,Off T,0,0.022370031,0.015935514264748058,0.00259895035656922
Victor Moses,Nigeria,7529,43,48,108.0,57.0,20.808652046684813,11.823558266352517,Left Foot,Open Play,Off T,0,0.03658591,0.054994119623349894,0.00040753073547575085
Ivan Rakitić,Croatia,7529,43,49,88.0,41.0,32.01562118716424,13.03724376275621,Right Foot,Open Play,Off T,0,0.018438444,0.012259921536891162,0.0004234286871783832
Alex Iwobi,Nigeria,7529,43,51,112.0,21.0,20.615528128088304,8.097273827564612,Right Foot,Open Play,Blocked,0,0.011302559,0.03921184142216182,9.236318298051166e-06
Odion Jude Ighalo,Nigeria,7529,43,58,108.0,34.0,13.416407864998739,27.799855950518225,Head,Open Play,Saved,0,0.13110706,0.05308367562035506,0.11740212997943865
Mario Mandžukić,Croatia,7529,43,62,112.0,44.0,8.94427190999916,41.322619636105216,Head,Open Play,Off T,0,0.10399987,0.11630885167688283,0.001354534654562895
Luka Modrić,Croatia,7529,43,70,109.0,41.0,11.045361017187261,36.55347528286595,Right Foot,Penalty,Goal,1,0.7835,0.76,0.76
Dejan Lovren,Croatia,7529,43,73,108.0,46.0,13.416407864998739,27.799855950518225,Head,Open Play,Blocked,0,0.07854937,0.05308367562035506,0.052090189414309256
Kelechi Promise Iheanacho,Nigeria,7529,43,76,108.0,52.0,16.97056274847714,17.73834835473307,Left Foot,Open Play,Off T,0,0.052039362,0.09502537818753926,0.0010451032988608433
Leon Aderemi Balogun,Nigeria,7529,43,81,106.0,40.0,14.0,29.301715644264668,Head,Open Play,Saved,0,0.11239032,0.05161004619006826,0.33218185396209443
Oghenekaro Etebo,Nigeria,7529,43,86,86.0,29.0,35.73513677041127,11.142375849705106,Right Foot,Open Play,Off T,0,0.0064550717,0.007651919079434498,0.001377338485192678
Victor Moses,Nigeria,7529,43,86,108.0,49.0,15.0,22.544033687271924,Right Foot,Open Play,Blocked,0,0.103822425,0.10061409294246376,0.00032207854935073764
Mateo Kovačić,Croatia,7529,43,91,111.0,52.0,15.0,17.29322905131749,Right Foot,Open Play,Saved,0,0.14311777,0.08934189435355368,0.12750251547618274
Mile Jedinak,Australia,7562,43,4,97.0,53.0,26.419689627245813,13.816181962235301,Right Foot,Open Play,Off T,0,0.027759347,0.023552224018880873,0.0013871290774639246
Tom Rogić,Australia,7562,43,11,95.0,46.0,25.709920264364882,15.779226552579393,Left Foot,Open Play,Blocked,0,0.037056766,0.023312446372095504,0.08305477483827188
André Martín Carrillo Díaz,Peru,7562,43,17,104.0,53.0,20.615528128088304,15.883441236865119,Right Foot,Open Play,Goal,1,0.03970575,0.03139006077102323,0.11657257469758758
Mathew Leckie,Australia,7562,43,20,112.0,42.0,8.246211251235321,47.00192772116288,Head,Open Play,Wayward,0,0.118186094,0.1411926352831049,0.2338175059307858
José Paolo Guerrero Gonzáles,Peru,7562,43,24,109.0,37.0,11.40175425099138,34.626629921099756,Head,Open Play,Saved,0,0.13641801,0.0773805006163016,0.18728451052065756
Tom Rogić,Australia,7562,43,26,105.0,40.0,15.0,27.424473717064068,Left Foot,Open Play,Saved,0,0.24210833,0.1437486842431021,0.21419352034331973
Víctor Yoshimar Yotún Flores,Peru,7562,43,32,83.0,33.0,37.656340767525464,10.913994983237918,Left Foot,Open Play,Off T,0,0.0056918976,0.008095380515161097,7.460128006589166e-05
Trent Sainsbury,Australia,7562,43,34,116.0,43.0,5.0,68.38033241616218,Head,Open Play,Off T,0,0.15594603,0.21047275707334243,0.007534051588458458
Trent Sainsbury,Australia,7562,43,39,115.0,34.0,7.810249675906654,37.554396904991115,Head,Open Play,Off T,0,0.11028426,0.12011119769343953,0.0008590396060686482
José Paolo Guerrero Gonzáles,Peru,7562,43,49,111.0,36.0,9.848857801796104,38.23799696523876,Left Foot,Open Play,Goal,1,0.15455943,0.2848567431969892,0.6632430355890546
Mile Jedinak,Australia,7562,43,51,113.0,50.0,12.206555615733702,20.69976602786677,Head,Open Play,Saved,0,0.07718142,0.05120175181894895,0.1640476989168013
Aaron Mooy,Australia,7562,43,54,96.0,61.0,31.89043743820395,9.92897250968405,Right Foot,Free Kick,Blocked,0,0.009029534,0.028000343632867325,5.367615648865225e-06
Trent Sainsbury,Australia,7562,43,55,113.0,52.0,13.892443989449804,15.923113216488037,Head,Open Play,Wayward,0,0.04171371,0.03793758630465152,5.603381525191718e-05
Mile Jedinak,Australia,7562,43,58,116.0,39.0,4.123105625617661,82.98213409490512,Head,Open Play,Wayward,0,0.25410923,0.2981851562685973,0.002997195897133992
Tim Cahill,Australia,7562,43,58,111.0,51.0,14.212670403551895,19.254439111516835,Head,Open Play,Wayward,0,0.058087178,0.03966724040264173,0.08258835362099577
Aziz Eraltay Behich,Australia,7562,43,58,107.0,32.0,15.264337522473747,23.428273993435596,Left Foot,Open Play,Off T,0,0.11772655,0.12843454462766019,0.002534559899538842
Tim Cahill,Australia,7562,43,59,110.0,35.0,11.180339887498949,33.260392835092176,Right Foot,Open Play,Blocked,0,0.18379883,0.18508085370874897,0.174541801347574
Mathew Leckie,Australia,7562,43,65,112.0,50.0,12.806248474865697,21.24773692030976,Right Foot,Open Play,Blocked,0,0.073874444,0.12238802680813819,0.00027540319918998554
Daniel Arzani,Australia,7562,43,66,96.0,31.0,25.632011235952593,15.267673523071693,Right Foot,Open Play,Off T,0,0.059451457,0.01758625103319222,0.0025180126836059883
Mile Jedinak,Australia,7562,43,82,93.0,36.0,27.294688127912362,15.117371469453545,Right Foot,Free Kick,Off T,0,0.062956445,0.05276094892165509,0.0021172968268895675
M'Baye Babacar Niang,Senegal,7571,43,0,96.0,26.0,27.784887978899608,13.038885366590744,Right Foot,Open Play,Off T,0,0.025465408,0.019811776721552963,0.0032947893988318293
Juan Fernando Quintero Paniagua,Colombia,7571,43,11,96.0,53.0,27.294688127912362,13.502763673982074,Left Foot,Free Kick,Saved,0,0.048187166,0.06634475180934152,0.16900166890979562
Keita Baldé Diao,Senegal,7571,43,26,107.0,23.0,21.400934559032695,12.08091091308103,Right Foot,Open Play,Saved,0,0.033191733,0.039555409448181436,0.05727459224493643
Ismaïla Sarr,Senegal,7571,43,27,104.0,59.0,24.839484696748443,10.980899596838723,Left Foot,Open Play,Saved,0,0.011666485,0.034570589314005744,0.07696399143771539
Salif Sané,Senegal,7571,43,36,90.0,41.0,30.01666203960727,13.896357589118052,Right Foot,Open Play,Off T,0,0.020333083,0.015716032368957692,0.0012090819815127774
Sadio Mané,Senegal,7571,43,63,95.0,51.0,27.313000567495326,14.025120781171355,Right Foot,Free Kick,Off T,0,0.047152,0.051309906487674264,0.0037692955521588492
Luis Fernando Muriel Fruto,Colombia,7571,43,64,105.0,49.0,17.4928556845359,20.568636306270157,Left Foot,Open Play,Blocked,0,0.06531282,0.09593814906342465,0.001005019394422339
Radamel Falcao García Zárate,Colombia,7571,43,65,114.0,43.0,6.708203932499369,54.26158063319094,Head,Open Play,Off T,0,0.11338981,0.1905146938275841,0.009148283045085316
Yerry Fernando Mina González,Colombia,7571,43,73,114.0,47.0,9.219544457292887,31.52370913448562,Head,Open Play,Goal,1,0.057972074,0.09074531562507201,0.25023052427366965
M'Baye Babacar Niang,Senegal,7571,43,76,113.0,52.0,13.892443989449804,15.923113216488037,Right Foot,Open Play,Saved,0,0.11951581,0.0657692843449421,0.27839997027049024
Ismaïla Sarr,Senegal,7571,43,78,108.0,51.0,16.278820596099706,19.245090043101133,Right Foot,Open Play,Off T,0,0.103540555,0.08163950083577014,0.009223906301531106
Mario Gavranović,Switzerland,7568,43,3,111.0,49.0,12.727922061357855,23.90889228521095,Right Foot,Open Play,Blocked,0,0.10680521,0.13073805652228215,0.0002929459996674671
Joel Nathaniel Campbell Samuels,Costa Rica,7568,43,5,99.0,54.0,25.238858928247925,13.847480810630872,Left Foot,Open Play,Saved,0,0.026525779,0.035436695367287864,0.12103078096156096
Celso Borges Mora,Costa Rica,7568,43,5,111.0,40.0,9.0,44.259873463524045,Head,Open Play,Saved,0,0.17932418,0.12337556172697361,0.23583874749713626
Cristian Gamboa Luna,Costa Rica,7568,43,5,98.0,50.0,24.166091947189145,15.760502198768412,Left Foot,Open Play,Saved,0,0.033930067,0.0417876958623027,0.1411755420705249
Daniel Colindres Solera,Costa Rica,7568,43,6,98.0,31.0,23.769728648009426,16.27507806241247,Left Foot,Open Play,Off T,0,0.036320034,0.029335480342951883,0.002191411155168294
Daniel Colindres Solera,Costa Rica,7568,43,9,103.0,18.0,27.80287754891569,9.303673559739345,Right Foot,Open Play,Post,0,0.009091367,0.018040575148825816,0.0002807790438161213
Mario Gavranović,Switzerland,7568,43,16,97.0,37.0,23.194827009486403,17.79286634336587,Right Foot,Open Play,Off T,0,0.046386905,0.03719680435131003,0.00039023429675562386
Bryan Oviedo,Costa Rica,7568,43,18,104.0,18.0,27.202941017470888,9.156639864237201,Left Foot,Open Play,Saved,0,0.00674315,0.02539308258676421,0.11016017933686524
Daniel Colindres Solera,Costa Rica,7568,43,23,109.0,29.0,15.556349186104045,19.403496830192204,Right Foot,Open Play,Blocked,0,0.07558924,0.05961878593773365,0.0001403404855209375
Blerim Džemaili,Switzerland,7568,43,30,113.0,43.0,7.615773105863909,48.96044180379007,Right Foot,Open Play,Goal,1,0.40283072,0.3364907928531168,0.3989589487812661
Blerim Džemaili,Switzerland,7568,43,32,105.0,42.0,15.132745950421556,26.9881992929818,Right Foot,Open Play,Blocked,0,0.11053042,0.10962197968108785,0.14869714960812028
Stephan Lichtsteiner,Switzerland,7568,43,38,91.0,51.0,31.016124838541646,12.613908697039292,Left Foot,Open Play,Blocked,0,0.018734163,0.017976054278044953,4.375544116277328e-06
Blerim Džemaili,Switzerland,7568,43,39,114.0,49.0,10.816653826391969,22.973069860031057,Head,Open Play,Wayward,0,0.06606949,0.041980361805638765,0.03191313125257997
Valon Behrami,Switzerland,7568,43,45,87.0,40.0,33.0,12.657515489922996,Left Foot,Open Play,Wayward,0,0.019102212,0.014370280573153107,0.00015131284920383574
Joel Nathaniel Campbell Samuels,Costa Rica,7568,43,47,108.0,36.0,12.649110640673518,30.928500850362962,Left Foot,Open Play,Off T,0,0.14703198,0.1937287070297289,0.003204214286336249
Ricardo Iván Rodríguez Araya,Switzerland,7568,43,48,91.0,21.0,34.66987164671943,10.126036383909627,Left Foot,Open Play,Off T,0,0.0070291637,0.011163771696778966,0.000960699720828008
Breel-Donald Embolo,Switzerland,7568,43,51,111.0,39.0,9.055385138137417,43.83945443926867,Head,Open Play,Wayward,0,0.06456128,0.08294424095803997,0.00037359820727511504
Breel-Donald Embolo,Switzerland,7568,43,51,119.0,53.0,13.038404810405298,2.676170434896404,Right Foot,Open Play,Saved,0,0.016501574,0.07863226625133714,0.25850446511380043
David Alberto Guzmán Pérez,Costa Rica,7568,43,53,97.0,28.0,25.942243542145693,14.318672352377224,Right Foot,Open Play,Blocked,0,0.026267286,0.025157635148119754,2.595531541082822e-05
Bryan Oviedo,Costa Rica,7568,43,53,109.0,29.0,15.556349186104045,19.403496830192204,Left Foot,Open Play,Off T,0,0.07032609,0.1141383420560187,0.007931342940927668
Kendall Jamaal Waston Manley,Costa Rica,7568,43,55,115.0,42.0,5.385164807134504,66.90903753469897,Head,Open Play,Goal,1,0.13123357,0.2732905902064714,0.5745894564758152
Celso Borges Mora,Costa Rica,7568,43,63,87.0,31.0,34.20526275297414,11.796807946223021,Right Foot,Open Play,Off T,0,0.013605404,0.009262790500704235,0.0004712336777075117
Josip Drmic,Switzerland,7568,43,70,96.0,32.0,25.298221281347036,15.661811615053614,Left Foot,Open Play,Blocked,0,0.02795779,0.03677714667479274,0.00012301815144921007
Josip Drmic,Switzerland,7568,43,77,112.0,41.0,8.06225774829855,48.61276617453667,Head,Open Play,Post,0,0.2170768,0.1488123542925901,0.008331579447087095
Celso Borges Mora,Costa Rica,7568,43,78,104.0,57.0,23.345235059857504,12.424588835492123,Right Foot,Open Play,Saved,0,0.036724538,0.032134148440131585,0.046908543352184764
Josip Drmic,Switzerland,7568,43,87,106.0,34.0,15.231546211727817,25.11680908815133,Right Foot,Open Play,Goal,1,0.116093524,0.1040715597551013,0.21350505465378314
Bryan Ruiz González,Costa Rica,7568,43,92,109.0,41.0,11.045361017187261,36.55347528286595,Left Foot,Penalty,Post,0,0.7835,0.76,0.76
Kylian Mbappé Lottin,France,7530,43,1,114.0,56.0,17.08800749063506,8.958546743587164,Left Foot,Open Play,Saved,0,0.011586021,0.05156036670739556,0.3018165618456805
Paul Pogba,France,7530,43,4,94.0,28.0,28.635642126552707,13.276236460380275,Right Foot,Free Kick,Saved,0,0.050655685,0.0435903488603416,0.13804571319818265
Antoine Griezmann,France,7530,43,5,95.0,43.0,25.179356624028344,16.42940903872379,Right Foot,Open Play,Saved,0,0.054453943,0.01904571743165742,0.08656111727062357
Antoine Griezmann,France,7530,43,7,109.0,31.0,14.212670403551895,23.118864658126963,Head,Open Play,Blocked,0,0.33887884,0.043515875320012304,0.0004097032659873669
Mathew Leckie,Australia,7530,43,11,110.0,34.0,11.661903789690601,30.838983774222697,Head,Open Play,Off T,0,0.06711661,0.046158357840905384,0.007474579564552848
Mathew Leckie,Australia,7530,43,16,105.0,32.0,17.0,21.72219498057148,Head,Open Play,Saved,0,0.072877616,0.030879827706330205,0.11031199523268084
Lucas Hernández Pi,France,7530,43,32,109.0,26.0,17.804493814764857,14.853658981864523,Left Foot,Open Play,Blocked,0,0.064092785,0.08151105649804917,0.08830772885322412
Aziz Eraltay Behich,Australia,7530,43,44,101.0,21.0,26.870057685088806,11.104464741761015,Right Foot,Open Play,Off T,0,0.012084869,0.020950890025200612,0.0015096075405899758
Antoine Griezmann,France,7530,43,57,108.0,40.0,12.0,33.92341177306582,Left Foot,Penalty,Goal,1,0.7835,0.76,0.76
Antoine Griezmann,France,7530,43,58,104.0,37.0,16.278820596099706,24.961631994485234,Left Foot,Open Play,Blocked,0,0.09026888,0.11989227801917696,0.3030383104734453
Antoine Griezmann,France,7530,43,58,104.0,43.0,16.278820596099706,24.961631994485234,Right Foot,Open Play,Off T,0,0.06915687,0.06281918511724728,0.0006636982153925367
Mile Jedinak,Australia,7530,43,61,109.0,41.0,11.045361017187261,36.55347528286595,Right Foot,Penalty,Goal,1,0.7835,0.76,0.76
Samuel Yves Umtiti,France,7530,43,68,86.0,30.0,35.4400902933387,11.325853529314111,Left Foot,Open Play,Blocked,0,0.007040045,0.010533321120284047,1.7069557007543752e-05
Benjamin Pavard,France,7530,43,71,95.0,42.0,25.079872407968907,16.555572785893233,Right Foot,Open Play,Off T,0,0.030792372,0.029260943744339997,0.005754578057548329
Lucas Hernández Pi,France,7530,43,83,100.0,31.0,21.93171219946131,17.384564076820485,Right Foot,Open Play,Off T,0,0.05179903,0.04236008178406635,0.0012749554090850206
Nabil Fekir,France,7530,43,87,100.0,63.0,30.479501308256342,9.084376427245722,Left Foot,Free Kick,Blocked,0,0.009332593,0.04221915073069308,5.887577516142222e-06
Josh Risdon,Australia,7530,43,93,97.0,47.0,24.041630560342615,16.604111585460284,Left Foot,Open Play,Blocked,0,0.044451967,0.04322983206047239,0.00044627708814159414
Matías Vecino Falero,Uruguay,7558,43,1,87.0,30.0,34.48187929913333,11.611367274575096,Right Foot,Open Play,Off T,0,0.012783561,0.008933625772114302,0.0001221677361692246
Luis Alberto Suárez Díaz,Uruguay,7558,43,9,101.0,36.0,19.4164878389476,20.932033582372885,Right Foot,Free Kick,Goal,1,0.12156405,0.13770603181990446,0.37425010492415417
Denis Cheryshev,Russia,7558,43,11,103.0,32.0,18.788294228055936,20.12416504247883,Right Foot,Open Play,Saved,0,0.08638874,0.0425837478959243,0.0689832918903515
Diego Sebastián Laxalt Suárez,Uruguay,7558,43,22,96.0,24.0,28.844410203711913,12.112474195709282,Left Foot,Open Play,Blocked,0,0.018971423,0.02269109285036186,1.1730749080852058e-05
Rodrigo Bentancur Colmán,Uruguay,7558,43,27,111.0,45.0,10.295630140987,35.42855212566624,Right Foot,Open Play,Saved,0,0.4325817,0.2098002273713396,0.23736265678661891
Edinson Roberto Cavani Gómez,Uruguay,7558,43,46,94.0,45.0,26.476404589747453,15.471399757937142,Right Foot,Free Kick,Blocked,0,0.06387195,0.058160682320064494,0.0002233434392846768
Rodrigo Bentancur Colmán,Uruguay,7558,43,58,111.0,57.0,19.235384061671343,10.46695386578791,Left Foot,Open Play,Blocked,0,0.012746202,0.06317611403019015,4.852319944470452e-05
Diego Roberto Godín Leal,Uruguay,7558,43,67,59.0,32.0,61.5223536610881,6.751815780681642,Right Foot,Open Play,Off T,0,0.0029846318,0.00035368148114492095,7.526216786915926e-06
Edinson Roberto Cavani Gómez,Uruguay,7558,43,68,105.0,33.0,16.55294535724685,22.847067357976737,Right Foot,Open Play,Off T,0,0.11581932,0.08613127802259153,0.0003104861983205266
Roman Zobnin,Russia,7558,43,69,96.0,55.0,28.30194339616981,12.57433134672206,Right Foot,Open Play,Blocked,0,0.022801261,0.012153246775115568,2.1073318105224234e-06
Artem Dzyuba,Russia,7558,43,73,105.0,52.0,19.209372712298546,17.159123116408203,Left Foot,Open Play,Off T,0,0.07099453,0.049664803677426594,0.004307070829715693
Cristian Gabriel Rodríguez Barrotti,Uruguay,7558,43,81,94.0,25.0,30.01666203960727,12.102104734702062,Left Foot,Open Play,Saved,0,0.024995795,0.01987559586552206,0.11071645903746984
José Martín Cáceres Silva,Uruguay,7558,43,83,116.0,42.0,4.47213595499958,77.28907464377035,Head,Open Play,Wayward,0,0.25120863,0.351317431279261,2.6877781248713546e-05
Edinson Roberto Cavani Gómez,Uruguay,7558,43,85,107.0,47.0,14.7648230602334,24.9427916000817,Left Foot,Open Play,Blocked,0,0.09139254,0.13950113248048485,0.0007011677311437138
Cristian Gabriel Rodríguez Barrotti,Uruguay,7558,43,89,101.0,22.0,26.1725046566048,11.6997885348843,Left Foot,Open Play,Saved,0,0.024050621,0.020026251468343526,0.08429153686553613
Diego Roberto Godín Leal,Uruguay,7558,43,89,114.0,39.0,6.082762530298219,61.74460200445838,Head,Open Play,Saved,0,0.20552692,0.1662051845440699,0.41082806466506677
Edinson Roberto Cavani Gómez,Uruguay,7558,43,89,119.0,39.0,1.4142135623730951,147.28520941760326,Left Foot,Open Play,Goal,1,0.7079995,0.9131429185828225,0.9636012349073941
Giorgian Daniel De Arrascaeta Benedetti,Uruguay,7558,43,94,113.0,44.0,8.06225774829855,44.79698948428266,Left Foot,Open Play,Wayward,0,0.37006214,0.36572186559050346,1.7270514420476634e-06
Lucas Torreira Di Pascua,Uruguay,7558,43,94,91.0,31.0,30.364452901377952,13.150306023738871,Right Foot,Open Play,Blocked,0,0.026021946,0.01483285212874892,6.966606867634953e-05
Hirving Rodrigo Lozano Bahena,Mexico,7583,43,1,111.0,52.0,15.0,17.29322905131749,Right Foot,Open Play,Blocked,0,0.05415287,0.08934189435355368,9.37862966172533e-05
Neymar da Silva Santos Junior,Brazil,7583,43,4,96.0,43.0,24.186773244895647,17.08457144835793,Right Foot,Open Play,Saved,0,0.05178059,0.03274688740056169,0.06795634328887669
Carlos Joel Salcedo Hernández,Mexico,7583,43,8,107.0,43.0,13.341664064126334,30.03277985822378,Head,Open Play,Wayward,0,0.054524276,0.037609580489612736,0.040001383464348124
Hirving Rodrigo Lozano Bahena,Mexico,7583,43,17,111.0,58.0,20.12461179749811,9.549507323591847,Left Foot,Open Play,Blocked,0,0.013404567,0.05614757544300742,2.959848388322051e-05
Héctor Miguel Herrera López,Mexico,7583,43,21,105.0,41.0,15.033296378372908,27.31418934907945,Left Foot,Open Play,Blocked,0,0.07629375,0.14293890186807462,0.14480249695774633
Neymar da Silva Santos Junior,Brazil,7583,43,24,116.0,30.0,10.770329614269007,15.927044512807306,Right Foot,Open Play,Saved,0,0.08700961,0.13372684851223973,0.14687486132738425
Gabriel Fernando de Jesus,Brazil,7583,43,25,112.0,48.0,11.313708498984761,27.06590322098299,Left Foot,Open Play,Blocked,0,0.1092268,0.14259621098266234,0.0011277853664963175
Philippe Coutinho Correia,Brazil,7583,43,26,102.0,30.0,20.591260281974,17.791062245351757,Right Foot,Open Play,Off T,0,0.047103178,0.04956566530664526,0.0019798429794983157
Carlos Alberto Vela Garrido,Mexico,7583,43,29,101.0,26.0,23.600847442411894,14.351153186382303,Left Foot,Open Play,Off T,0,0.052823946,0.028530920517265516,0.0011561213177041097
Gabriel Fernando de Jesus,Brazil,7583,43,32,111.0,30.0,13.45362404707371,21.45822334363892,Left Foot,Open Play,Saved,0,0.09010969,0.14736135618308885,0.4615001430648333
Philippe Coutinho Correia,Brazil,7583,43,32,115.0,32.0,9.433981132056603,25.831568792012174,Left Foot,Open Play,Wayward,0,0.23268503,0.23453818354301822,0.1743834398500454
Philippe Coutinho Correia,Brazil,7583,43,33,100.0,31.0,21.93171219946131,17.384564076820485,Left Foot,Open Play,Blocked,0,0.051265694,0.055495398486285756,8.742235206848093e-05
Philippe Coutinho Correia,Brazil,7583,43,37,93.0,31.0,28.460498941515414,13.93390530400062,Right Foot,Open Play,Blocked,0,0.030468581,0.01876252794620438,0.00012760906452384405
Neymar da Silva Santos Junior,Brazil,7583,43,39,90.0,27.0,32.69556544854363,11.751767289087763,Right Foot,Free Kick,Off T,0,0.017940922,0.026743554577255732,0.0012352673926217105
Gabriel Fernando de Jesus,Brazil,7583,43,46,102.0,48.0,19.697715603592208,19.378356630953085,Right Foot,Open Play,Blocked,0,0.039249714,0.03782526046242738,0.00018729213829984218
Philippe Coutinho Correia,Brazil,7583,43,47,107.0,31.0,15.811388300841896,21.909514130132212,Right Foot,Open Play,Saved,0,0.116319254,0.0911401114576971,0.23345748206989134
Jesús Daniel Gallardo Vasconcelos,Mexico,7583,43,49,95.0,33.0,25.96150997149434,15.483744971964454,Left Foot,Open Play,Off T,0,0.03874606,0.03401648813166812,0.0025755926415483824
Neymar da Silva Santos Junior,Brazil,7583,43,50,119.0,43.0,3.1622776601683795,114.8856320955483,Right Foot,Open Play,Goal,1,0.9257403,0.8149489038583877,0.713598550633662
José Andrés Guardado Hernández,Mexico,7583,43,51,92.0,33.0,28.861739379323623,14.04011869685162,Left Foot,Open Play,Blocked,0,0.037245482,0.023738466018193027,7.991664719064653e-05
Miguel Arturo Layún Prado,Mexico,7583,43,53,97.0,54.0,26.92582403567252,13.31096865740167,Right Foot,Open Play,Blocked,0,0.024707977,0.014472566171503814,1.1247137955534443e-05
Neymar da Silva Santos Junior,Brazil,7583,43,55,99.0,54.0,25.238858928247925,13.847480810630872,Right Foot,Open Play,Off T,0,0.033213302,0.02691382563305583,0.0006811380818512459
José Paulo Bezzera Maciel Júnior,Brazil,7583,43,58,107.0,43.0,13.341664064126334,30.03277985822378,Right Foot,Open Play,Saved,0,0.12308221,0.1403875708333313,0.4911593094753665
Hirving Rodrigo Lozano Bahena,Mexico,7583,43,60,91.0,41.0,29.017236257093817,14.36954225578945,Right Foot,Open Play,Blocked,0,0.03328007,0.017806530396809586,0.027891475769456938
Carlos Alberto Vela Garrido,Mexico,7583,43,60,100.0,56.0,25.612496949731394,12.834236987140041,Left Foot,Open Play,Saved,0,0.038836006,0.033171812296298744,0.1222982298989264
Willian Borges da Silva,Brazil,7583,43,62,106.0,54.0,19.79898987322333,15.145792654765689,Right Foot,Open Play,Saved,0,0.026730016,0.033773880558857786,0.1419293463881068
Neymar da Silva Santos Junior,Brazil,7583,43,67,104.0,40.0,16.0,25.76944914792543,Left Foot,Open Play,Off T,0,0.10312629,0.1255247331135471,0.0014741636212364597
José Andrés Guardado Hernández,Mexico,7583,43,69,93.0,41.0,27.018512172212592,15.418894103726267,Left Foot,Open Play,Blocked,0,0.030940883,0.030185650088563443,0.023393728660296213
Willian Borges da Silva,Brazil,7583,43,74,97.0,55.0,27.459060435491963,12.807268768484535,Left Foot,Open Play,Saved,0,0.025631027,0.026967014415083666,0.06500721677280251
Hugo Ayala Castro,Mexico,7583,43,86,109.0,29.0,15.556349186104045,19.403496830192204,Right Foot,Open Play,Wayward,0,0.04604762,0.08842215021276144,0.00041419164969064536
Neymar da Silva Santos Junior,Brazil,7583,43,87,112.0,33.0,10.63014581273465,30.45237044057419,Right Foot,Open Play,Saved,0,0.28769356,0.12849261385447822,0.12421512712331047
Roberto Firmino Barbosa de Oliveira,Brazil,7583,43,87,119.0,43.0,3.1622776601683795,114.8856320955483,Right Foot,Open Play,Goal,1,0.9220455,0.8149489038583877,0.770969746077636
Hirving Rodrigo Lozano Bahena,Mexico,7583,43,91,111.0,59.0,21.02379604162864,8.738439269675728,Right Foot,Open Play,Off T,0,0.013872243,0.03805970025163639,0.0015474453600444465
Raúl Alonso Jiménez Rodríguez,Mexico,7583,43,94,105.0,52.0,19.209372712298546,17.159123116408203,Right Foot,Open Play,Blocked,0,0.06792407,0.05677744731198815,0.00012394615861225492
Thomas Delaney,Denmark,7547,43,1,114.0,38.0,6.324555320336759,58.794748284818155,Head,Open Play,Off T,0,0.19775419,0.15259644567979064,0.0009227267138301841
Tom Rogić,Australia,7547,43,4,101.0,53.0,23.021728866442675,15.067888365048153,Left Foot,Open Play,Blocked,0,0.024034739,0.03097348099758591,1.7177476279634894e-05
Mathew Leckie,Australia,7547,43,4,113.0,42.0,7.280109889280518,52.298860701385024,Head,Open Play,Off T,0,0.13728113,0.17341004224750617,0.006975065033089412
Christian Dannemann Eriksen,Denmark,7547,43,6,104.0,39.0,16.0312195418814,25.67729328661793,Left Foot,Open Play,Goal,1,0.1393918,0.12487831720910395,0.48532531047847227
Pione Sisto Ifolo Emirmija,Denmark,7547,43,21,88.0,38.0,32.0624390837628,13.000006297648161,Left Foot,Open Play,Saved,0,0.026401442,0.016119009135071152,0.04374470021708102
Tom Rogić,Australia,7547,43,22,93.0,33.0,27.892651361962706,14.492965989032715,Left Foot,Open Play,Off T,0,0.029915893,0.026762448383854633,0.00020571760817964581
Nicolai Jørgensen,Denmark,7547,43,23,113.0,42.0,7.280109889280518,52.298860701385024,Head,Open Play,Off T,0,0.22533564,0.17341004224750617,0.002588809250561599
Robbie Kruse,Australia,7547,43,29,111.0,44.0,9.848857801796104,38.23799696523876,Right Foot,Open Play,Blocked,0,0.09697945,0.23069315404926943,0.3652684678062754
Aaron Mooy,Australia,7547,43,29,92.0,40.0,28.0,14.894307713247091,Left Foot,Open Play,Blocked,0,0.02370917,0.026701634795378543,0.030017250125080185
Mathew Leckie,Australia,7547,43,35,110.0,41.0,10.04987562112089,39.88126915256882,Head,Open Play,Blocked,0,0.06497701,0.06807954655941703,0.06829239065380473
Mile Jedinak,Australia,7547,43,37,109.0,41.0,11.045361017187261,36.55347528286595,Right Foot,Penalty,Goal,1,0.7835,0.76,0.76
Jens Stryger Larsen,Denmark,7547,43,42,108.0,32.0,14.422205101855956,24.293333882874293,Head,Open Play,Saved,0,0.085312515,0.029023872006176368,0.07642216022426895
Pione Sisto Ifolo Emirmija,Denmark,7547,43,50,107.0,40.0,13.0,31.4479055568056,Right Foot,Open Play,Blocked,0,0.09409239,0.1496537634596574,0.142624289710484
Aaron Mooy,Australia,7547,43,70,94.0,26.0,29.5296461204668,12.498218228161315,Right Foot,Open Play,Off T,0,0.021356815,0.010546883844277705,0.0012775733387426812
Tom Rogić,Australia,7547,43,71,94.0,47.0,26.92582403567252,14.973416436941688,Left Foot,Open Play,Saved,0,0.03067614,0.019928908622276087,0.05066332011451933
Pione Sisto Ifolo Emirmija,Denmark,7547,43,71,96.0,27.0,27.294688127912362,13.502763673982074,Right Foot,Open Play,Off T,0,0.024973137,0.01394436819878959,0.0001568538131691723
Mathew Leckie,Australia,7547,43,75,104.0,59.0,24.839484696748443,10.980899596838723,Left Foot,Open Play,Saved,0,0.008275843,0.02286919297990929,0.0970223362358975
Mathew Leckie,Australia,7547,43,78,108.0,42.0,12.165525060596439,33.127621304665844,Other,Open Play,Wayward,0,0.10484656,0.09703931540339066,2.156253590583087e-05
Andreas Evald Cornelius,Denmark,7547,43,82,106.0,34.0,15.231546211727817,25.11680908815133,Other,Open Play,Saved,0,0.14601058,0.038811627582831826,0.12059353262622444
Daniel Arzani,Australia,7547,43,87,114.0,24.0,17.08800749063506,8.958546743587164,Right Foot,Open Play,Saved,0,0.011980171,0.05892764648688018,0.24611823103003758
Mathew Leckie,Australia,7547,43,87,107.0,37.0,13.341664064126334,30.03277985822378,Left Foot,Open Play,Saved,0,0.07465897,0.17826163439685164,0.6043806360650736
Christian Dannemann Eriksen,Denmark,7547,43,89,97.0,47.0,24.041630560342615,16.604111585460284,Right Foot,Open Play,Off T,0,0.033656128,0.03289656130140315,0.0002206964732859052
Martin Braithwaite Christensen,Denmark,7547,43,91,105.0,29.0,18.601075237738275,18.26918871493129,Left Foot,Open Play,Saved,0,0.041516952,0.05449236836752562,0.18230253433767513
Aleksandar Mitrović,Serbia,7535,43,0,112.0,42.0,8.246211251235321,47.00192772116288,Head,Open Play,Blocked,0,0.07133871,0.1411926352831049,0.08978086163102474
Marcos Danilo Ureña Porras,Costa Rica,7535,43,1,119.0,52.0,12.041594578792296,3.1835820036623157,Right Foot,Open Play,Saved,0,0.016208809,0.08838521763930221,0.2256772920403762
Giancarlo González Castro,Costa Rica,7535,43,2,112.0,45.0,9.433981132056603,37.75986252514861,Head,Open Play,Saved,0,0.12289206,0.10216756776161764,0.1734384789634479
Aleksandar Kolarov,Serbia,7535,43,6,93.0,20.0,33.60059523282288,10.04625901831212,Left Foot,Open Play,Off T,0,0.007944309,0.012584567344027507,5.866050569267615e-05
Giancarlo González Castro,Costa Rica,7535,43,11,116.0,48.0,8.94427190999916,23.730799460123105,Head,Open Play,Off T,0,0.08181386,0.07815540051663143,0.003895913534722097
Aleksandar Mitrović,Serbia,7535,43,12,104.0,53.0,20.615528128088304,15.883441236865119,Right Foot,Open Play,Blocked,0,0.07326472,0.04724051680656387,7.084788843365619e-05
Aleksandar Mitrović,Serbia,7535,43,15,116.0,32.0,8.94427190999916,23.730799460123105,Head,Open Play,Wayward,0,0.08929103,0.07815540051663143,0.0003523950871731624
Marcos Danilo Ureña Porras,Costa Rica,7535,43,38,96.0,42.0,24.08318915758459,17.22644699427817,Left Foot,Open Play,Off T,0,0.050922204,0.043677477923480694,0.006101653564399749
Francisco Javier Calvo Quesada,Costa Rica,7535,43,41,101.0,29.0,21.95449840010015,16.53068796405916,Right Foot,Open Play,Off T,0,0.056129273,0.0413981568177293,0.0004627352196753236
Aleksandar Mitrović,Serbia,7535,43,49,109.0,39.0,11.045361017187261,36.55347528286595,Right Foot,Open Play,Saved,0,0.37645623,0.2003018467156014,0.2834490551902176
Aleksandar Mitrović,Serbia,7535,43,53,114.0,41.0,6.082762530298219,61.74460200445838,Head,Open Play,Off T,0,0.18045738,0.2337056140017751,0.0008407852709807861
Aleksandar Kolarov,Serbia,7535,43,55,94.0,59.0,32.202484376209235,10.532798063521316,Left Foot,Free Kick,Goal,1,0.009479726,0.03612071861842434,0.20194185333021306
Sergej Milinković-Savić,Serbia,7535,43,65,109.0,45.0,12.083045973594572,31.26694726260776,Head,Open Play,Off T,0,0.14211334,0.06654621576627438,0.0003748441269012228
Sergej Milinković-Savić,Serbia,7535,43,74,94.0,37.0,26.1725046566048,15.821727867023409,Right Foot,Open Play,Off T,0,0.040321272,0.025429855202243716,0.002374303305069757
Filip Kostić,Serbia,7535,43,75,118.0,42.0,2.8284271247461903,110.23146080377008,Right Foot,Open Play,Wayward,0,0.89477885,0.8029140668798178,0.021849303079173474
Nemanja Matić,Serbia,7535,43,76,100.0,36.0,20.396078054371138,19.982905413849682,Left Foot,Open Play,Blocked,0,0.07834383,0.06962767103784794,0.14559059594057244
Joel Nathaniel Campbell Samuels,Costa Rica,7535,43,78,102.0,57.0,24.758836806279895,12.393475578389735,Left Foot,Open Play,Blocked,0,0.02729148,0.03609080213986549,1.2792926804518007e-05
Celso Borges Mora,Costa Rica,7535,43,78,100.0,43.0,20.223748416156685,20.30783319643757,Right Foot,Open Play,Blocked,0,0.068592064,0.054766990959348484,0.15510559453950012
Filip Kostić,Serbia,7535,43,89,101.0,30.0,21.470910553583888,17.261106774339446,Left Foot,Open Play,Off T,0,0.028779607,0.038805990559825275,0.001128843317750801
Cristian Gamboa Luna,Costa Rica,7535,43,90,79.0,33.0,41.593268686170845,9.916990416668234,Right Foot,Open Play,Saved,0,0.0066172387,0.0037926901483076,0.005190500020061404
Óscar Esau Duarte Gaitán,Costa Rica,7535,43,92,112.0,31.0,12.041594578792296,23.98762565158476,Head,Open Play,Blocked,0,0.059850305,0.056348013645703264,0.000364836808510099
Bryan Ruiz González,Costa Rica,7535,43,94,106.0,42.0,14.142135623730951,28.774850708538143,Left Foot,Open Play,Blocked,0,0.10570443,0.16085627153294696,0.1615057192946167
Cristhian Ricardo Stuani Curbelo,Uruguay,8649,43,4,112.0,56.0,17.88854381999832,10.812996704288256,Right Foot,Open Play,Wayward,0,0.013982514,0.05643346658367735,4.876173253965145e-09
Lucas Hernández Pi,France,8649,43,6,91.0,22.0,34.132096331752024,10.444324972700125,Left Foot,Open Play,Wayward,0,0.0074050077,0.007851401009881433,0.010146132314629854
Raphaël Varane,France,8649,43,10,112.0,48.0,11.313708498984761,27.06590322098299,Head,Open Play,Off T,0,0.052411623,0.04382973297690542,0.00017534582210948003
N'Golo Kanté,France,8649,43,11,96.0,45.0,24.515301344262525,16.645437212239056,Right Foot,Open Play,Blocked,0,0.035039734,0.020638291110586553,0.0002195595648784257
José María Giménez de Vargas,Uruguay,8649,43,13,109.0,32.0,13.601470508735444,25.136849549459175,Head,Open Play,Saved,0,0.07621632,0.048834654226164786,0.10114233001492182
Kylian Mbappé Lottin,France,8649,43,14,115.0,48.0,9.433981132056603,25.831568792012174,Head,Open Play,Off T,0,0.15214236,0.07787380372277253,0.0021099425043612998
Paul Pogba,France,8649,43,18,84.0,45.0,36.345563690772494,11.394134744829042,Right Foot,Open Play,Off T,0,0.006310853,0.004704910517904001,0.00018158296599477572
Matías Vecino Falero,Uruguay,8649,43,34,108.0,50.0,15.620499351813308,20.852441212812437,Right Foot,Open Play,Saved,0,0.16249157,0.09077390058195825,0.23031641314054632
Raphaël Varane,France,8649,43,39,109.0,44.0,11.704699910719626,33.081553315190696,Head,Open Play,Goal,1,0.13011009,0.0722906063397347,0.27533240564452827
Nahitan Michel Nández Acosta,Uruguay,8649,43,41,89.0,30.0,32.57299494980466,12.221938446161671,Left Foot,Open Play,Saved,0,0.015601887,0.014923268185835508,0.05835052546207867
José Martín Cáceres Silva,Uruguay,8649,43,43,108.0,38.0,12.165525060596439,33.127621304665844,Head,Open Play,Saved,0,0.07886938,0.046122210479156246,0.16907969737381223
Diego Roberto Godín Leal,Uruguay,8649,43,43,118.0,34.0,6.324555320336759,28.82332539662964,Left Foot,Open Play,Off T,0,0.20940804,0.320883572719056,0.025477071521882236
Benjamin Pavard,France,8649,43,52,86.0,51.0,35.73513677041127,11.142375849705106,Right Foot,Open Play,Off T,0,0.006393214,0.0050145841647412925,0.00016029282463791752
Rodrigo Bentancur Colmán,Uruguay,8649,43,55,101.0,54.0,23.600847442411894,14.351153186382303,Left Foot,Open Play,Off T,0,0.030082064,0.04300174431101953,0.00061662084228295
José Martín Cáceres Silva,Uruguay,8649,43,58,104.0,62.0,27.202941017470888,9.156639864237201,Right Foot,Open Play,Off T,0,0.007943283,0.019237621977793096,0.001095538511826095
Antoine Griezmann,France,8649,43,60,97.0,21.0,29.832867780352597,10.87180041663505,Left Foot,Open Play,Goal,1,0.009682582,0.019689872261983148,0.05233971297100245
Cristian Gabriel Rodríguez Barrotti,Uruguay,8649,43,63,96.0,34.0,24.73863375370596,16.35604814256454,Left Foot,Open Play,Blocked,0,0.032165024,0.026369566537108775,0.03196226097983
Cristian Gabriel Rodríguez Barrotti,Uruguay,8649,43,63,99.0,35.0,21.587033144922902,18.759251680638936,Left Foot,Open Play,Off T,0,0.066435196,0.05950933395019739,0.0010569910726106876
Corentin Tolisso,France,8649,43,72,99.0,32.0,22.47220505424423,17.363965149225734,Right Foot,Open Play,Off T,0,0.06060878,0.039884339261953665,0.004143207278371443
Olivier Giroud,France,8649,43,75,102.0,52.0,21.633307652783937,16.163407255354326,Left Foot,Open Play,Off T,0,0.046135314,0.05569803705387837,0.0008921912381423183
Antoine Griezmann,France,8649,43,88,90.0,44.0,30.265491900843113,13.674158577267905,Left Foot,Free Kick,Off T,0,0.0325434,0.04823052909842553,0.0027621870274383955
Domagoj Vida,Croatia,8658,43,20,112.0,49.0,12.041594578792296,23.98762565158476,Head,Open Play,Off T,0,0.12795697,0.056348013645703264,0.010262338282855568
Ivan Rakitić,Croatia,8658,43,23,108.0,29.0,16.278820596099706,19.245090043101133,Left Foot,Open Play,Off T,0,0.06950906,0.10561160609564098,0.015919583276297
Ivan Perišić,Croatia,8658,43,27,105.0,32.0,17.0,21.72219498057148,Left Foot,Open Play,Goal,1,0.08394905,0.10362744344678525,0.33679762755713594
Antoine Griezmann,France,8658,43,37,108.0,40.0,12.0,33.92341177306582,Left Foot,Penalty,Goal,1,0.7835,0.76,0.76
Ante Rebić,Croatia,8658,43,39,108.0,41.0,12.041594578792296,33.72132196479854,Left Foot,Open Play,Wayward,0,0.10217809,0.21650967593760173,0.211933813649384
Ivan Perišić,Croatia,8658,43,42,117.0,34.0,6.708203932499369,34.79311695804624,Head,Open Play,Blocked,0,0.11224287,0.08637932884096301,0.0008612291380606568
Dejan Lovren,Croatia,8658,43,42,113.0,26.0,15.652475842498529,12.475130583241754,Right Foot,Open Play,Blocked,0,0.046404753,0.07465071767621068,7.920236130195869e-05
Domagoj Vida,Croatia,8658,43,45,115.0,40.0,5.0,72.40825544168311,Head,Open Play,Off T,0,0.14083989,0.31085727235597166,0.001774575223127564
Antoine Griezmann,France,8658,43,46,95.0,45.0,25.495097567963924,16.037967680960396,Left Foot,Open Play,Saved,0,0.03339769,0.0363094235200856,0.05454810721511958
Ante Rebić,Croatia,8658,43,47,108.0,26.0,18.439088914585774,15.05344601085839,Left Foot,Open Play,Saved,0,0.07285214,0.07655295193682235,0.2895249058021234
Dejan Lovren,Croatia,8658,43,47,110.0,33.0,12.206555615733702,28.360417201979594,Head,Open Play,Wayward,0,0.055352274,0.040967101948540856,0.00040949257019904414
Šime Vrsaljko,Croatia,8658,43,49,91.0,48.0,30.083217912982647,13.39208653501498,Right Foot,Open Play,Off T,0,0.017269997,0.015405416066326744,9.053481639876246e-05
Kylian Mbappé Lottin,France,8658,43,51,115.0,55.0,15.811388300841896,8.79330805284658,Right Foot,Open Play,Saved,0,0.01856424,0.06737584953338975,0.07174661706444646
Paul Pogba,France,8658,43,58,99.0,41.0,21.02379604162864,19.73049419222056,Right Foot,Open Play,Blocked,0,0.052249614,0.04950165489196448,0.050900621319245616
Paul Pogba,France,8658,43,58,102.0,39.0,18.027756377319946,22.920772146751357,Left Foot,Open Play,Goal,1,0.08626537,0.09569222780299555,0.24827789817784301
Olivier Giroud,France,8658,43,60,112.0,29.0,13.601470508735444,18.842206689714867,Left Foot,Open Play,Wayward,0,0.06951273,0.13730094937522652,0.10332588654488886
Ante Rebić,Croatia,8658,43,63,96.0,29.0,26.40075756488817,14.412597666750242,Right Foot,Open Play,Blocked,0,0.034007873,0.023948539287906856,2.4702319965830007e-05
Kylian Mbappé Lottin,France,8658,43,64,94.0,40.0,26.0,16.02566451858757,Right Foot,Open Play,Goal,1,0.04485787,0.026056311711019027,0.06694502644735739
Mario Mandžukić,Croatia,8658,43,68,114.0,43.0,6.708203932499369,54.26158063319094,Right Foot,Open Play,Goal,1,0.5631902,0.3913019806421081,0.621152841150599
Šime Vrsaljko,Croatia,8658,43,75,78.0,40.0,42.0,9.960673335961664,Right Foot,Open Play,Off T,0,0.0050148317,0.0036235829211070385,2.4911307341822432e-05
Ivan Rakitić,Croatia,8658,43,77,101.0,30.0,21.470910553583888,17.261106774339446,Left Foot,Open Play,Blocked,0,0.042465996,0.038805990559825275,0.0002976821303570118
Nabil Fekir,France,8658,43,86,98.0,61.0,30.4138126514911,10.018258367209068,Left Foot,Open Play,Saved,0,0.009616094,0.011875679595669665,0.04232984495223073
Ivan Rakitić,Croatia,8658,43,88,90.0,24.0,34.0,10.879162451191295,Right Foot,Open Play,Off T,0,0.007053695,0.00926933909759361,0.0008964124713307765
Yuri Zhirkov,Russia,7582,43,4,91.0,21.0,34.66987164671943,10.126036383909627,Left Foot,Open Play,Blocked,0,0.006913921,0.007324964972341028,9.368397785874095e-07
Roman Zobnin,Russia,7582,43,13,96.0,52.0,26.832815729997478,13.962108768994584,Right Foot,Open Play,Off T,0,0.023523824,0.01486273536840076,0.00045973631178819886
Aleksandr Golovin,Russia,7582,43,35,104.0,31.0,18.35755975068582,19.896374808405774,Right Foot,Open Play,Off T,0,0.13442212,0.04441186966021812,0.0011933223611522634
Artem Dzyuba,Russia,7582,43,39,110.0,33.0,12.206555615733702,28.360417201979594,Head,Open Play,Blocked,0,0.062742114,0.06134721280123987,0.00018406432935547443
Artem Dzyuba,Russia,7582,43,40,108.0,40.0,12.0,33.92341177306582,Right Foot,Penalty,Goal,1,0.7835,0.76,0.76
Francisco Román Alarcón Suárez,Spain,7582,43,44,100.0,27.0,23.853720883753127,14.76172331749696,Right Foot,Open Play,Blocked,0,0.03204402,0.032128878689102434,0.034173668483557566
Diego da Silva Costa,Spain,7582,43,45,117.0,51.0,11.40175425099138,10.66553815490682,Right Foot,Open Play,Saved,0,0.0372205,0.1117772162758076,0.3252081019495783
Diego da Silva Costa,Spain,7582,43,45,113.0,47.0,9.899494936611665,31.200869115942954,Head,Open Play,Saved,0,0.05935931,0.08386146621632828,0.23192825287586924
Marco Asensio Willemsen,Spain,7582,43,46,111.0,47.0,11.40175425099138,29.465894784837182,Right Foot,Open Play,Wayward,0,0.10353613,0.16760727415849644,0.0005530224523019073
Jordi Alba Ramos,Spain,7582,43,46,110.0,34.0,11.661903789690601,30.838983774222697,Other,Open Play,Saved,0,0.100053154,0.09711130539989252,0.17685664720014624
Diego da Silva Costa,Spain,7582,43,50,109.0,34.0,12.529964086141668,29.27965685780532,Head,Open Play,Off T,0,0.05231667,0.04040936037496313,0.0023481346774014682
Sergio Busquets i Burgos,Spain,7582,43,52,97.0,33.0,24.041630560342615,16.604111585460284,Left Foot,Open Play,Wayward,0,0.02997144,0.04322983206047239,2.1966975344971386e-05
David Josué Jiménez Silva,Spain,7582,43,59,111.0,46.0,10.816653826391969,32.451478180083946,Head,Open Play,Off T,0,0.16787043,0.07831724005846619,0.0005754237146395922
Sergio Busquets i Burgos,Spain,7582,43,81,109.0,41.0,11.045361017187261,36.55347528286595,Right Foot,Open Play,Blocked,0,0.065492,0.2003018467156014,0.25037806393224193
Andrés Iniesta Luján,Spain,7582,43,84,99.0,34.0,21.840329667841555,18.344271790850083,Right Foot,Open Play,Saved,0,0.042886272,0.04378297146433002,0.11821363275620848
Iago Aspas Juncal,Spain,7582,43,84,115.0,26.0,14.866068747318506,9.99832521240544,Left Foot,Open Play,Saved,0,0.023757927,0.09932569621084085,0.212213322819709
Gerard Piqué Bernabéu,Spain,7582,43,88,112.0,35.0,9.433981132056603,37.75986252514861,Head,Open Play,Off T,0,0.06795463,0.06922668928891412,0.003926752288692769
Sergio Ramos García,Spain,7582,43,89,112.0,42.0,8.246211251235321,47.00192772116288,Head,Open Play,Off T,0,0.072778836,0.09702908203627872,0.005186096498401793
Fyodor Smolov,Russia,7582,43,92,104.0,24.0,22.627416997969522,13.218884641776974,Right Foot,Open Play,Blocked,0,0.03283686,0.03548243970812972,0.037872734294853605
Denis Cheryshev,Russia,7582,43,92,112.0,39.0,8.06225774829855,48.61276617453667,Head,Open Play,Off T,0,0.22104914,0.1488123542925901,0.0038690080094621097
Jordi Alba Ramos,Spain,7582,43,92,95.0,26.0,28.653097563788805,12.767396414108195,Left Foot,Open Play,Blocked,0,0.025320211,0.023558954875236744,2.693332644507255e-06
Jorge Resurrección Merodio,Spain,7582,43,96,84.0,40.0,36.0,11.610249886693746,Right Foot,Open Play,Off T,0,0.011966425,0.007510276324822571,0.00025852705442958924
Marco Asensio Willemsen,Spain,7582,43,99,97.0,32.0,24.351591323771842,16.197206443157356,Left Foot,Open Play,Saved,0,0.05032709,0.04137086894967072,0.03947908408697056
Iago Aspas Juncal,Spain,7582,43,101,106.0,27.0,19.1049731745428,16.249498826123144,Left Foot,Open Play,Blocked,0,0.03584248,0.07330685749741159,1.2254977234450677e-05
Gerard Piqué Bernabéu,Spain,7582,43,105,108.0,40.0,12.0,33.92341177306582,Head,Open Play,Saved,0,0.074555546,0.07142462281632818,0.15714016591016486
Andrés Iniesta Luján,Spain,7582,43,106,99.0,33.0,22.135943621178654,17.876153541275468,Left Foot,Open Play,Blocked,0,0.06631583,0.05490884664638412,0.00012572638935643476
Rodrigo Moreno Machado,Spain,7582,43,108,114.0,54.0,15.231546211727817,11.360105361909392,Right Foot,Open Play,Saved,0,0.039532,0.05107774763218592,0.16710484244361842
Daniel Carvajal Ramos,Spain,7582,43,108,108.0,42.0,12.165525060596439,33.127621304665844,Left Foot,Open Play,Blocked,0,0.08271377,0.21160977662364114,0.20767270208692845
Rodrigo Moreno Machado,Spain,7582,43,108,101.0,44.0,19.4164878389476,20.932033582372885,Left Foot,Open Play,Off T,0,0.10102061,0.079015475818999,0.006065842894703655
Gerard Piqué Bernabéu,Spain,7582,43,111,108.0,59.0,22.47220505424423,10.130714202071335,Left Foot,Open Play,Blocked,0,0.013007193,0.029219441609069977,5.1224491364254246e-05
Aleksandr Erokhin,Russia,7582,43,116,113.0,45.0,8.602325267042627,40.21395716160434,Head,Open Play,Blocked,0,0.14143883,0.08006761914440974,0.21164413226743078
Rodrigo Moreno Machado,Spain,7582,43,120,99.0,35.0,21.587033144922902,18.759251680638936,Left Foot,Open Play,Saved,0,0.08526068,0.05950933395019739,0.10577344105433356
Andrés Iniesta Luján,Spain,7582,43,120,109.0,41.0,11.045361017187261,36.55347528286595,Right Foot,Penalty,Goal,1,0.7835,0.76,0.76
Fyodor Smolov,Russia,7582,43,120,109.0,41.0,11.045361017187261,36.55347528286595,Right Foot,Penalty,Goal,1,0.7835,0.76,0.76
Gerard Piqué Bernabéu,Spain,7582,43,121,109.0,41.0,11.045361017187261,36.55347528286595,Right Foot,Penalty,Goal,1,0.7835,0.76,0.76
Sergei Ignashevich,Russia,7582,43,122,109.0,41.0,11.045361017187261,36.55347528286595,Right Foot,Penalty,Goal,1,0.7835,0.76,0.76
Jorge Resurrección Merodio,Spain,7582,43,122,109.0,41.0,11.045361017187261,36.55347528286595,Right Foot,Penalty,Saved,0,0.7835,0.76,0.76
Aleksandr Golovin,Russia,7582,43,123,109.0,41.0,11.045361017187261,36.55347528286595,Right Foot,Penalty,Goal,1,0.7835,0.76,0.76
Sergio Ramos García,Spain,7582,43,124,109.0,41.0,11.045361017187261,36.55347528286595,Right Foot,Penalty,Goal,1,0.7835,0.76,0.76
Denis Cheryshev,Russia,7582,43,124,109.0,41.0,11.045361017187261,36.55347528286595,Left Foot,Penalty,Goal,1,0.7835,0.76,0.76
Iago Aspas Juncal,Spain,7582,43,125,109.0,41.0,11.045361017187261,36.55347528286595,Left Foot,Penalty,Saved,0,0.7835,0.76,0.76
Thomas Meunier,Belgium,7552,43,2,100.0,51.0,22.825424421026653,16.08827934878395,Left Foot,Open Play,Saved,0,0.042935207,0.04881058446171129,0.14423224175107216
Eden Hazard,Belgium,7552,43,6,108.0,40.0,12.0,33.92341177306582,Right Foot,Penalty,Goal,1,0.7835,0.76,0.76
Axel Witsel,Belgium,7552,43,11,109.0,24.0,19.4164878389476,12.486608669718098,Right Foot,Open Play,Blocked,0,0.04323456,0.04969628909632055,3.566791446256045e-05
Eden Hazard,Belgium,7552,43,12,110.0,44.0,10.770329614269007,35.50480843339541,Right Foot,Open Play,Saved,0,0.23471555,0.2011807888413494,0.43567317922855947
Yannick Ferreira Carrasco,Belgium,7552,43,14,101.0,21.0,26.870057685088806,11.104464741761015,Right Foot,Open Play,Saved,0,0.009488142,0.013793602018043997,0.048714053561272015
Romelu Lukaku Menama,Belgium,7552,43,15,104.0,33.0,17.46424919657298,21.882369513102276,Left Foot,Open Play,Goal,1,0.13771419,0.09911898408078612,0.263674495963165
Dylan Daniel Mahmoud Bronn,Tunisia,7552,43,17,112.0,41.0,8.06225774829855,48.61276617453667,Head,Open Play,Goal,1,0.15909006,0.1488123542925901,0.437702202148346
Yannick Ferreira Carrasco,Belgium,7552,43,18,107.0,33.0,14.7648230602334,24.9427916000817,Right Foot,Open Play,Saved,0,0.09656626,0.10877217667022704,0.2780305180306442
Toby Alderweireld,Belgium,7552,43,20,102.0,56.0,24.08318915758459,13.091080978164058,Right Foot,Open Play,Off T,0,0.042542275,0.030074044203904297,0.0002874171640164858
Axel Witsel,Belgium,7552,43,27,100.0,34.0,20.8806130178211,19.107276160474093,Left Foot,Open Play,Blocked,0,0.070710085,0.06475755616543316,0.18772855564366198
Wahbi Khazri,Tunisia,7552,43,29,106.0,69.0,32.202484376209235,5.717219115606428,Right Foot,Open Play,Off T,0,0.0056386488,0.006568433421614276,0.00034829384665394135
Ferjani Sassi,Tunisia,7552,43,30,101.0,45.0,19.6468827043885,20.46881869275759,Left Foot,Open Play,Off T,0,0.06670337,0.07628462523852371,0.0007039703217799515
Wahbi Khazri,Tunisia,7552,43,32,88.0,26.0,34.92849839314596,10.986266235350461,Right Foot,Open Play,Saved,0,0.009165923,0.008358699581907826,0.04904345813057244
Fakhreddine Ben Youssef,Tunisia,7552,43,38,96.0,37.0,24.186773244895647,17.08457144835793,Right Foot,Open Play,Off T,0,0.04770442,0.03274688740056169,0.0009318620833271323
Saîf-Eddine Khaoui,Tunisia,7552,43,41,117.0,27.0,13.341664064126334,7.599002705659684,Left Foot,Open Play,Blocked,0,0.011201895,0.11016623809778257,0.00012920338041890839
Romelu Lukaku Menama,Belgium,7552,43,47,112.0,45.0,9.433981132056603,37.75986252514861,Right Foot,Open Play,Goal,1,0.39485714,0.2371185249133545,0.19476636429030475
Toby Alderweireld,Belgium,7552,43,46,115.0,48.0,9.433981132056603,25.831568792012174,Right Foot,Open Play,Off T,0,0.07915054,0.18743468432285956,0.020014238951924508
Wahbi Khazri,Tunisia,7552,43,49,113.0,44.0,8.06225774829855,44.79698948428266,Right Foot,Open Play,Wayward,0,0.20639732,0.30269032042326943,6.396414317751374e-09
Anice Badri,Tunisia,7552,43,49,99.0,24.0,26.40075756488817,12.673124503547331,Left Foot,Open Play,Saved,0,0.025972955,0.030260266611303658,0.056595491897219
Eden Hazard,Belgium,7552,43,50,109.0,38.0,11.180339887498949,35.80957920976616,Left Foot,Open Play,Goal,1,0.9790341,0.24330248659545667,0.5212168848332301
Fakhreddine Ben Youssef,Tunisia,7552,43,53,112.0,37.0,8.54400374531753,44.493602523459614,Head,Open Play,Wayward,0,0.10399019,0.08885384659918269,6.3763082610487675e-06
Ferjani Sassi,Tunisia,7552,43,55,94.0,55.0,30.01666203960727,12.102104734702062,Right Foot,Open Play,Off T,0,0.022166368,0.009879625456408017,0.00015768816325043608
Anice Badri,Tunisia,7552,43,60,109.0,42.0,11.180339887498949,35.80957920976616,Right Foot,Open Play,Wayward,0,0.07002908,0.194886950305955,0.00020798017872861703
Yannick Ferreira Carrasco,Belgium,7552,43,60,102.0,29.0,21.095023109728988,16.976358966144755,Right Foot,Open Play,Off T,0,0.09572776,0.04599895804147459,0.0014712224250965163
Eden Hazard,Belgium,7552,43,63,97.0,30.0,25.079872407968907,15.29564376495556,Right Foot,Open Play,Off T,0,0.043140188,0.028379342402697173,0.007572849071460384
Wahbi Khazri,Tunisia,7552,43,65,101.0,16.0,30.610455730027933,8.563484510656023,Right Foot,Open Play,Blocked,0,0.0072267335,0.01288154511723865,9.013174148596564e-05
Naïm Sliti,Tunisia,7552,43,65,101.0,45.0,19.6468827043885,20.46881869275759,Right Foot,Open Play,Blocked,0,0.07565807,0.05853361108309553,0.0005680615244560077
Anice Badri,Tunisia,7552,43,66,100.0,30.0,22.360679774997898,16.744460989314298,Left Foot,Open Play,Saved,0,0.07457654,0.0521634176246221,0.053964663696087094
Saîf-Eddine Khaoui,Tunisia,7552,43,69,93.0,41.0,27.018512172212592,15.418894103726267,Left Foot,Open Play,Wayward,0,0.023171796,0.030185650088563443,0.00031233482095441344
Michy Batshuayi Tunga,Belgium,7552,43,75,114.0,29.0,12.529964086141668,17.005738961714126,Left Foot,Open Play,Blocked,0,0.46811458,0.14675051254752178,0.15434810239454197
Yannick Ferreira Carrasco,Belgium,7552,43,78,104.0,23.0,23.345235059857504,12.424588835492123,Right Foot,Open Play,Saved,0,0.03480479,0.032134148440131585,0.030936830002216646
Michy Batshuayi Tunga,Belgium,7552,43,79,114.0,39.0,6.082762530298219,61.74460200445838,Left Foot,Open Play,Post,0,0.61046416,0.525285260616164,0.03894314919193183
Thomas Meunier,Belgium,7552,43,79,108.0,58.0,21.633307652783937,10.936088267638508,Right Foot,Open Play,Off T,0,0.012196873,0.037503506318218555,0.0011382091774622407
Michy Batshuayi Tunga,Belgium,7552,43,80,113.0,39.0,7.0710678118654755,54.45906449436183,Left Foot,Open Play,Saved,0,0.2990258,0.4514487162232045,0.5267337332996559
Michy Batshuayi Tunga,Belgium,7552,43,80,113.0,54.0,15.652475842498529,12.475130583241754,Left Foot,Open Play,Blocked,0,0.050583683,0.09678695832655261,0.00010991617118162014
Axel Witsel,Belgium,7552,43,81,94.0,56.0,30.528675044947494,11.705153772890743,Right Foot,Open Play,Off T,0,0.015557862,0.014049441843457402,0.0018147915027432757
Michy Batshuayi Tunga,Belgium,7552,43,89,113.0,35.0,8.602325267042627,40.21395716160434,Left Foot,Open Play,Goal,1,0.4673073,0.3257574148189367,0.5588286962702262
Wahbi Khazri,Tunisia,7552,43,90,63.0,42.0,57.0350769263968,7.338923339217483,Right Foot,Open Play,Off T,0,0.0044252533,0.0006018254752085764,2.666987638092403e-05
Michy Batshuayi Tunga,Belgium,7552,43,91,103.0,37.0,17.26267650163207,23.616800596573686,Left Foot,Open Play,Off T,0,0.32505116,0.10522619674852766,0.0011809232848633497
Wahbi Khazri,Tunisia,7552,43,92,111.0,44.0,9.848857801796104,38.23799696523876,Right Foot,Open Play,Goal,1,0.27505946,0.23069315404926943,0.45132781740073663
Luis Jan Piers Advíncula Castrillón,Peru,7532,43,4,87.0,57.0,37.12142238654117,10.038412745395654,Right Foot,Open Play,Off T,0,0.0069104647,0.004161365517364252,0.0007700099670276736
Víctor Yoshimar Yotún Flores,Peru,7532,43,7,84.0,24.0,39.395431207184416,9.718868875288186,Left Foot,Open Play,Saved,0,0.005467236,0.0064408295619441626,0.02876738992669162
Édison Michael Flores Peralta,Peru,7532,43,10,87.0,41.0,33.015148038438355,12.646136898735245,Left Foot,Open Play,Off T,0,0.022084096,0.009420435476738731,0.000724466677057368
André Martín Carrillo Díaz,Peru,7532,43,12,103.0,58.0,24.758836806279895,11.724544378928572,Left Foot,Open Play,Saved,0,0.02998372,0.023500710902801057,0.09580595451371227
Renato Fabrizio Tapia Cortijo,Peru,7532,43,13,86.0,43.0,34.132096331752024,12.194976603981754,Right Foot,Open Play,Blocked,0,0.016538767,0.009433058327751206,0.007244472995444908
Alberto Junior Rodríguez Valdelomar,Peru,7532,43,14,107.0,37.0,13.341664064126334,30.03277985822378,Head,Open Play,Wayward,0,0.059586205,0.037609580489612736,2.9183259199839203e-07
Pione Sisto Ifolo Emirmija,Denmark,7532,43,19,113.0,26.0,15.652475842498529,12.475130583241754,Left Foot,Open Play,Blocked,0,0.055096734,0.09678695832655261,7.54352331878983e-05
Thomas Delaney,Denmark,7532,43,26,88.0,36.0,32.2490309931942,12.85312417891399,Left Foot,Open Play,Off T,0,0.037667256,0.010333857506397513,0.0006948524741739422
Jefferson Agustín Farfán Guadalupe,Peru,7532,43,28,108.0,51.0,16.278820596099706,19.245090043101133,Right Foot,Open Play,Blocked,0,0.10626122,0.08163950083577014,0.00012311493085598213
Christian Dannemann Eriksen,Denmark,7532,43,38,100.0,52.0,23.323807579381203,15.424807645992733,Right Foot,Free Kick,Blocked,0,0.07605611,0.08147552413401042,0.0004627074150276056
Lasse Schöne,Denmark,7532,43,38,94.0,43.0,26.1725046566048,15.821727867023409,Right Foot,Open Play,Saved,0,0.024234127,0.025429855202243716,0.06898645471485454
Thomas Delaney,Denmark,7532,43,40,102.0,24.0,24.08318915758459,13.091080978164058,Left Foot,Open Play,Off T,0,0.032256115,0.039556986672431745,0.00018439473188627535
Christian Alberto Cueva Bravo,Peru,7532,43,45,108.0,40.0,12.0,33.92341177306582,Right Foot,Penalty,Off T,0,0.7835,0.76,0.76
Yussuf Yurary Poulsen,Denmark,7532,43,46,115.0,45.0,7.0710678118654755,44.99655619840401,Head,Open Play,Off T,0,0.09912568,0.10476316908749794,0.0005146336441740779
Jefferson Agustín Farfán Guadalupe,Peru,7532,43,49,110.0,60.0,22.360679774997898,8.554870661825984,Right Foot,Open Play,Blocked,0,0.0068373373,0.03265818740323537,3.6105447476460356e-06
Jens Stryger Larsen,Denmark,7532,43,50,90.0,36.0,30.265491900843113,13.674158577267905,Right Foot,Open Play,Off T,0,0.019323658,0.009984120398580772,0.0035074723803548047
Christian Dannemann Eriksen,Denmark,7532,43,52,103.0,59.0,25.495097567963924,11.060403950771699,Left Foot,Open Play,Off T,0,0.009715938,0.03219751611192063,0.00035921550777274456
Édison Michael Flores Peralta,Peru,7532,43,56,114.0,50.0,11.661903789690601,19.70880966680355,Left Foot,Open Play,Off T,0,0.077727586,0.16900475779268007,0.0015713811782839713
Yussuf Yurary Poulsen,Denmark,7532,43,58,108.0,28.0,16.97056274847714,17.73834835473307,Left Foot,Open Play,Goal,1,0.24699534,0.09502537818753926,0.24072530212046245
Édison Michael Flores Peralta,Peru,7532,43,60,108.0,29.0,16.278820596099706,19.245090043101133,Left Foot,Open Play,Saved,0,0.12293178,0.10561160609564098,0.16449426380206264
José Paolo Guerrero Gonzáles,Peru,7532,43,63,113.0,41.0,7.0710678118654755,54.45906449436183,Head,Open Play,Saved,0,0.17922288,0.18489173091914526,0.2760907809866633
Alberto Junior Rodríguez Valdelomar,Peru,7532,43,68,113.0,50.0,12.206555615733702,20.69976602786677,Head,Open Play,Off T,0,0.072114944,0.0340697228506323,0.00047492584570283346
Luis Jan Piers Advíncula Castrillón,Peru,7532,43,72,109.0,59.0,21.95449840010015,9.749885670865366,Left Foot,Open Play,Saved,0,0.010184116,0.0461828421518601,0.2650743344271019
José Paolo Guerrero Gonzáles,Peru,7532,43,78,112.0,40.0,8.0,49.16818939087588,Right Foot,Open Play,Off T,0,0.13312599,0.32782064106951314,0.004457547777147015
Nicolai Jørgensen,Denmark,7532,43,81,104.0,49.0,18.35755975068582,19.896374808405774,Left Foot,Open Play,Blocked,0,0.11509085,0.08630138186984888,0.1279161755538065
Jefferson Agustín Farfán Guadalupe,Peru,7532,43,83,108.0,43.0,12.36931687685298,32.17837078204991,Right Foot,Open Play,Saved,0,0.1773644,0.16159976164684287,0.2852945616232336
Christian Dannemann Eriksen,Denmark,7532,43,85,105.0,32.0,17.0,21.72219498057148,Left Foot,Open Play,Saved,0,0.40600583,0.10362744344678525,0.3160230062000247
José Paolo Guerrero Gonzáles,Peru,7532,43,94,112.0,41.0,8.06225774829855,48.61276617453667,Head,Open Play,Wayward,0,0.11653745,0.10255003147503113,0.0003151496918732699
Khalid Boutaïb,Morocco,7560,43,13,107.0,45.0,13.92838827718412,27.784632361664983,Left Foot,Open Play,Goal,1,0.42943794,0.1608396338187258,0.14727871206841683
Andrés Iniesta Luján,Spain,7560,43,17,97.0,27.0,26.419689627245813,13.816181962235301,Left Foot,Open Play,Off T,0,0.03164082,0.031044528583917107,0.009621375058242189
Francisco Román Alarcón Suárez,Spain,7560,43,18,114.0,38.0,6.324555320336759,58.794748284818155,Right Foot,Open Play,Goal,1,0.3899508,0.42940148875604617,0.7736086434024028
Gerard Piqué Bernabéu,Spain,7560,43,22,112.0,45.0,9.433981132056603,37.75986252514861,Head,Open Play,Saved,0,0.060181323,0.06922668928891412,0.34749687888147945
Andrés Iniesta Luján,Spain,7560,43,23,102.0,34.0,18.973665961010276,20.81406042737262,Right Foot,Open Play,Blocked,0,0.11654905,0.06346962622166905,0.00029056387567021063
Khalid Boutaïb,Morocco,7560,43,24,114.0,34.0,8.48528137423857,36.84905585351558,Left Foot,Open Play,Saved,0,0.2923044,0.31043740565954125,0.49368460005675746
Diego da Silva Costa,Spain,7560,43,26,106.0,31.0,16.64331697709324,21.244308351504404,Left Foot,Open Play,Wayward,0,0.15321249,0.10636741243828486,0.21012001164690675
Sergio Busquets i Burgos,Spain,7560,43,36,112.0,38.0,8.246211251235321,47.00192772116288,Head,Open Play,Off T,0,0.092447676,0.1411926352831049,0.015707173463240562
Hakim Ziyech,Morocco,7560,43,42,94.0,30.0,27.85677655436824,14.012828265732182,Left Foot,Open Play,Off T,0,0.035891,0.026558235110245895,0.0018429663162719207
Diego da Silva Costa,Spain,7560,43,46,116.0,37.0,5.0,68.38033241616218,Right Foot,Open Play,Wayward,0,0.47844365,0.5269759337004984,0.0007944690308763073
Mbark Boussoufa,Morocco,7560,43,46,117.0,50.0,10.44030650891055,12.936250064949594,Head,Open Play,Off T,0,0.0452215,0.03438224494509498,0.0002715207657647152
Francisco Román Alarcón Suárez,Spain,7560,43,51,99.0,43.0,21.213203435596427,19.396184443153366,Right Foot,Open Play,Wayward,0,0.05123204,0.048100497292118516,0.09970086162143851
Nordin Amrabat,Morocco,7560,43,54,97.0,60.0,30.479501308256342,10.419077110768171,Right Foot,Open Play,Post,0,0.010095489,0.013687231754888167,0.0008561173260687838
Gerard Piqué Bernabéu,Spain,7560,43,55,87.0,53.0,35.4682957019364,10.983737523674948,Right Foot,Open Play,Off T,0,0.005666844,0.005150019796532899,0.004323323214960596
Nabil Dirar,Morocco,7560,43,56,110.0,52.0,15.620499351813308,17.610829455891675,Right Foot,Open Play,Wayward,0,0.10190532,0.08430311180043369,6.042522501588605e-05
Thiago Alcântara do Nascimento,Spain,7560,43,58,106.0,51.0,17.804493814764857,18.651828441073924,Left Foot,Open Play,Wayward,0,0.08270539,0.08890880025591931,4.600830744819766e-05
Francisco Román Alarcón Suárez,Spain,7560,43,61,115.0,37.0,5.830951894845301,60.6221530947599,Head,Open Play,Blocked,0,0.17241496,0.16633790929085496,0.2739428999721936
Gerard Piqué Bernabéu,Spain,7560,43,62,111.0,40.0,9.0,44.259873463524045,Head,Open Play,Off T,0,0.07709874,0.08423835807941796,0.0011492733246133778
David Josué Jiménez Silva,Spain,7560,43,66,110.0,52.0,15.620499351813308,17.610829455891675,Left Foot,Open Play,Wayward,0,0.124626815,0.10896454275040378,0.0011683956012193695
Thiago Alcântara do Nascimento,Spain,7560,43,68,101.0,31.0,21.02379604162864,17.9779894164501,Right Foot,Open Play,Off T,0,0.04259523,0.04748032788050879,0.008613318198260056
Sergio Ramos García,Spain,7560,43,77,88.0,27.0,34.539832078341085,11.231407396675984,Right Foot,Open Play,Off T,0,0.006282342,0.00879151791197895,0.003044068272831326
Hakim Ziyech,Morocco,7560,43,79,112.0,50.0,12.806248474865697,21.24773692030976,Left Foot,Open Play,Blocked,0,0.09008012,0.15628901193526787,0.0008111060962442666
Youssef En-Nesyri,Morocco,7560,43,80,110.0,40.0,10.0,40.20525157181436,Head,Open Play,Goal,1,0.066824906,0.06896339880750212,0.3356912245144426
Rodrigo Moreno Machado,Spain,7560,43,85,113.0,41.0,7.0710678118654755,54.45906449436183,Head,Open Play,Wayward,0,0.113147,0.18489173091914526,1.8579436674858182e-05
Marco Asensio Willemsen,Spain,7560,43,86,114.0,34.0,8.48528137423857,36.84905585351558,Head,Open Play,Off T,0,0.1921803,0.11038576611300252,0.0017273355120203315
Iago Aspas Juncal,Spain,7560,43,90,116.0,44.0,5.656854249492381,57.56827915681962,Right Foot,Open Play,Goal,1,0.41411763,0.4407775546688547,0.7692661704966325
Blerim Džemaili,Switzerland,7533,43,2,109.0,44.0,11.704699910719626,33.081553315190696,Right Foot,Open Play,Off T,0,0.13300222,0.175491371617026,0.01361353455472878
José Paulo Bezzera Maciel Júnior,Brazil,7533,43,10,115.0,36.0,6.4031242374328485,52.975722991213125,Left Foot,Open Play,Off T,0,0.5253904,0.46134560715615813,0.0075174386491433905
Neymar da Silva Santos Junior,Brazil,7533,43,15,91.0,35.0,29.427877939124322,13.9811349894898,Right Foot,Free Kick,Blocked,0,0.04032603,0.04061990466471255,0.051106477539306534
Philippe Coutinho Correia,Brazil,7533,43,19,99.0,21.0,28.319604517012593,11.030159282984068,Right Foot,Open Play,Goal,1,0.010917373,0.01167487107885565,0.1265427605332823
Stephan Lichtsteiner,Switzerland,7533,43,27,115.0,57.0,17.72004514666935,6.941862743785708,Head,Open Play,Wayward,0,0.008365875,0.013072884607366685,5.087093217917789e-07
Gabriel Fernando de Jesus,Brazil,7533,43,32,116.0,44.0,5.656854249492381,57.56827915681962,Head,Open Play,Wayward,0,0.17634274,0.22394314225621278,1.1394588768258675e-06
Steven Zuber,Switzerland,7533,43,39,105.0,26.0,20.518284528683193,15.076398246568523,Right Foot,Open Play,Blocked,0,0.06642043,0.046838413196625524,0.00010269871915479692
Thiago Emiliano da Silva,Brazil,7533,43,46,116.0,32.0,8.94427190999916,23.730799460123105,Head,Open Play,Off T,0,0.08788804,0.07815540051663143,0.005882943495070375
Blerim Džemaili,Switzerland,7533,43,45,88.0,23.0,36.235341863986875,10.217262837246896,Right Foot,Open Play,Off T,0,0.0074377093,0.004627255932296619,6.391398178879177e-05
Steven Zuber,Switzerland,7533,43,49,116.0,41.0,4.123105625617661,82.98213409490512,Head,Open Play,Goal,1,0.16874993,0.3939604157295327,0.7285240974780165
Philippe Coutinho Correia,Brazil,7533,43,56,97.0,33.0,24.041630560342615,16.604111585460284,Right Foot,Open Play,Blocked,0,0.03833949,0.03289656130140315,0.07090132465710483
Philippe Coutinho Correia,Brazil,7533,43,56,104.0,36.0,16.492422502470642,24.36541685688352,Right Foot,Open Play,Blocked,0,0.07456492,0.08973470251136186,0.0008737616810934443
Neymar da Silva Santos Junior,Brazil,7533,43,56,116.0,30.0,10.770329614269007,15.927044512807306,Right Foot,Open Play,Blocked,0,0.07011941,0.13372684851223973,0.00021354957162764512
Thiago Emiliano da Silva,Brazil,7533,43,58,110.0,43.0,10.44030650891055,37.439660167642,Head,Open Play,Wayward,0,0.10740602,0.06165231804922214,0.00019331602398967441
Carlos Henrique Casimiro,Brazil,7533,43,58,89.0,36.0,31.25699921617557,13.251198982828994,Right Foot,Open Play,Off T,0,0.027605115,0.01343578476806971,0.0017596061838865
Fernando Luiz Roza,Brazil,7533,43,65,94.0,41.0,26.019223662515376,16.002752415060378,Right Foot,Open Play,Blocked,0,0.026265554,0.02598564582727924,0.05698029853997225
Willian Borges da Silva,Brazil,7533,43,66,101.0,51.0,21.95449840010015,16.53068796405916,Right Foot,Open Play,Blocked,0,0.032883782,0.027451488276166367,0.06475389322234647
Willian Borges da Silva,Brazil,7533,43,66,100.0,57.0,26.248809496813376,12.226665523138628,Left Foot,Open Play,Off T,0,0.024012115,0.02011236724395075,0.008577545416638369
Philippe Coutinho Correia,Brazil,7533,43,69,108.0,32.0,14.422205101855956,24.293333882874293,Right Foot,Open Play,Off T,0,0.090432055,0.11104644128529437,0.0006024321546100515
Blerim Džemaili,Switzerland,7533,43,72,100.0,42.0,20.09975124224178,20.54618735632478,Left Foot,Open Play,Saved,0,0.058959655,0.048825275695462474,0.08960450141112607
Fernando Luiz Roza,Brazil,7533,43,76,92.0,52.0,30.463092423455635,12.63112282320164,Right Foot,Open Play,Off T,0,0.022279786,0.00951264564287871,0.0023549363813370845
Neymar da Silva Santos Junior,Brazil,7533,43,77,96.0,21.0,30.610455730027933,10.769651795795514,Right Foot,Open Play,Saved,0,0.009771554,0.013602078449226142,0.055114879098438437
Roberto Firmino Barbosa de Oliveira,Brazil,7533,43,81,114.0,54.0,15.231546211727817,11.360105361909392,Right Foot,Open Play,Off T,0,0.02486829,0.05107774763218592,0.004656433181215798
Neymar da Silva Santos Junior,Brazil,7533,43,87,109.0,38.0,11.180339887498949,35.80957920976616,Head,Open Play,Saved,0,0.14345361,0.08140641878785872,0.10228965640878654
Xherdan Shaqiri,Switzerland,7533,43,88,99.0,51.0,23.706539182259394,15.652973376398505,Left Foot,Open Play,Off T,0,0.029170832,0.04384773169038205,0.0014289352942686198
Roberto Firmino Barbosa de Oliveira,Brazil,7533,43,89,112.0,40.0,8.0,49.16818939087588,Head,Open Play,Saved,0,0.1586349,0.15149990725108253,0.25369796552052826
João Miranda de Souza Filho,Brazil,7533,43,90,105.0,40.0,15.0,27.424473717064068,Right Foot,Open Play,Off T,0,0.05075771,0.07630366122217302,0.0009002265487329029
Renato Soares de Oliveira Augusto,Brazil,7533,43,95,115.0,32.0,9.433981132056603,25.831568792012174,Left Foot,Open Play,Blocked,0,0.1243309,0.23453818354301822,0.23534074544330977
Oghenekaro Etebo,Nigeria,7564,43,6,98.0,38.0,22.090722034374522,18.742802726830092,Right Foot,Open Play,Blocked,0,0.06383541,0.04299878318268194,0.06366607621486965
Nicolás Alejandro Tagliafico,Argentina,7564,43,7,105.0,28.0,19.209372712298546,17.159123116408203,Left Foot,Open Play,Off T,0,0.103297286,0.049664803677426594,0.0016255215142825068
Ahmed Musa,Nigeria,7564,43,8,97.0,24.0,28.0178514522438,12.308721019061487,Right Foot,Open Play,Off T,0,0.023638628,0.01895461547228313,0.0016721461141701243
Lionel Andrés Messi Cuccittini,Argentina,7564,43,13,112.0,50.0,12.806248474865697,21.24773692030976,Right Foot,Open Play,Goal,1,0.20670193,0.08353423769615095,0.34732037617775136
Gonzalo Gerardo Higuaín,Argentina,7564,43,26,112.0,52.0,14.422205101855956,16.747495596862677,Right Foot,Open Play,Saved,0,0.13524082,0.09374413740307494,0.2262917839138771
Lionel Andrés Messi Cuccittini,Argentina,7564,43,33,100.0,29.0,22.825424421026653,16.08827934878395,Left Foot,Free Kick,Post,0,0.091842376,0.11259175620929873,0.002332477062582504
Ángel Fabián Di María Hernández,Argentina,7564,43,38,111.0,26.0,16.64331697709324,14.03192696864829,Left Foot,Open Play,Blocked,0,0.069989234,0.06099810101007683,3.437389875394335e-05
Oghenekaro Etebo,Nigeria,7564,43,40,93.0,49.0,28.460498941515414,13.93390530400062,Right Foot,Open Play,Wayward,0,0.023919689,0.01876252794620438,5.132867221373015e-10
Leon Aderemi Balogun,Nigeria,7564,43,47,103.0,48.0,18.788294228055936,20.12416504247883,Head,Open Play,Saved,0,0.09839518,0.024308222676713162,0.023831403121227723
Victor Moses,Nigeria,7564,43,50,109.0,41.0,11.045361017187261,36.55347528286595,Right Foot,Penalty,Goal,1,0.7835,0.76,0.76
Onyinye Wilfred Ndidi,Nigeria,7564,43,70,93.0,40.0,27.0,15.439413433275712,Right Foot,Open Play,Off T,0,0.0398082,0.015123646267008581,0.000391952604874253
Odion Jude Ighalo,Nigeria,7564,43,74,108.0,47.0,13.892443989449804,26.062095388807723,Right Foot,Open Play,Off T,0,0.13220388,0.12187187171116713,0.0007696643698737191
Nicolás Alejandro Tagliafico,Argentina,7564,43,78,105.0,23.0,22.67156809750927,12.37106353843314,Left Foot,Open Play,Wayward,0,0.028244063,0.03017124471690158,9.091310539884007e-09
Gonzalo Gerardo Higuaín,Argentina,7564,43,79,108.0,36.0,12.649110640673518,30.928500850362962,Left Foot,Open Play,Off T,0,0.12803131,0.1937287070297289,0.021423545844425188
Odion Jude Ighalo,Nigeria,7564,43,82,116.0,29.0,11.704699910719626,13.326845968842994,Right Foot,Open Play,Saved,0,0.09381688,0.11495559938207543,0.285395906231121
Oghenekaro Etebo,Nigeria,7564,43,83,94.0,53.0,29.068883707497267,12.89064922031921,Right Foot,Free Kick,Off T,0,0.046227314,0.04117331035685284,0.0013525246943933342
Faustino Marcos Alberto Rojo,Argentina,7564,43,85,107.0,37.0,13.341664064126334,30.03277985822378,Right Foot,Open Play,Goal,1,0.08721284,0.1403875708333313,0.4490409325310238
Bernardo Mota Veiga de Carvalho e Silva,Portugal,7579,43,1,115.0,50.0,11.180339887498949,18.15659659634386,Head,Open Play,Off T,0,0.05975101,0.05392447982509482,0.0014349083960498304
Cristiano Ronaldo dos Santos Aveiro,Portugal,7579,43,5,97.0,50.0,25.079872407968907,15.29564376495556,Right Foot,Open Play,Saved,0,0.030363295,0.028379342402697173,0.05781950385815341
Edinson Roberto Cavani Gómez,Uruguay,7579,43,6,114.0,46.0,8.48528137423857,36.84905585351558,Head,Open Play,Goal,1,0.17684262,0.11038576611300252,0.5221091042066582
José Miguel da Rocha Fonte,Portugal,7579,43,10,115.0,34.0,7.810249675906654,37.554396904991115,Head,Open Play,Off T,0,0.13387658,0.08191275551753742,0.0004930263384827647
Cristiano Ronaldo dos Santos Aveiro,Portugal,7579,43,11,95.0,20.0,32.01562118716424,10.253955665452931,Right Foot,Open Play,Blocked,0,0.008421112,0.01144524151066981,5.965709169363474e-07
Luis Alberto Suárez Díaz,Uruguay,7579,43,13,110.0,57.0,19.72308292331602,11.027910674057145,Right Foot,Open Play,Blocked,0,0.013191463,0.030831107252101832,5.340970228692134e-06
Gonçalo Manuel Ganchinho Guedes,Portugal,7579,43,15,97.0,47.0,24.041630560342615,16.604111585460284,Left Foot,Open Play,Blocked,0,0.036250863,0.04322983206047239,0.00021023376839061455
William Silva de Carvalho,Portugal,7579,43,15,92.0,38.0,28.071337695236398,14.820788043716872,Right Foot,Open Play,Blocked,0,0.024766764,0.020037077672680207,0.000197675293201125
Luis Alberto Suárez Díaz,Uruguay,7579,43,21,91.0,41.0,29.017236257093817,14.36954225578945,Right Foot,Free Kick,Saved,0,0.043902274,0.04290174176889966,0.087791434020593
Luis Alberto Suárez Díaz,Uruguay,7579,43,21,101.0,62.0,29.068883707497267,9.494447214499502,Right Foot,Open Play,Off T,0,0.00845468,0.01570325973544627,0.005219632840181578
Cristiano Ronaldo dos Santos Aveiro,Portugal,7579,43,31,95.0,33.0,25.96150997149434,15.483744971964454,Right Foot,Free Kick,Blocked,0,0.0663582,0.06151551271017827,0.0005023508861936133
Matías Vecino Falero,Uruguay,7579,43,34,111.0,37.0,9.486832980505138,40.695623908897176,Head,Open Play,Wayward,0,0.15864636,0.07369133534395624,0.00010810278600128876
Gonçalo Manuel Ganchinho Guedes,Portugal,7579,43,37,110.0,46.0,11.661903789690601,30.838983774222697,Head,Open Play,Wayward,0,0.059729163,0.046158357840905384,0.03388481222368112
Edinson Roberto Cavani Gómez,Uruguay,7579,43,46,113.0,25.0,16.55294535724685,11.123592872401678,Right Foot,Open Play,Off T,0,0.014627576,0.06568660726243825,0.0023458353783976068
Raphaël Adelino José Guerreiro,Portugal,7579,43,51,96.0,27.0,27.294688127912362,13.502763673982074,Left Foot,Open Play,Off T,0,0.020954607,0.02793690873521115,0.002300678278632117
Adrien Sebastian Perruchet Silva,Portugal,7579,43,53,100.0,44.0,20.396078054371138,19.982905413849682,Right Foot,Open Play,Blocked,0,0.06765104,0.05333625070297248,0.0002437188501266399
Kléper Laveran Lima Ferreira,Portugal,7579,43,54,112.0,43.0,8.54400374531753,44.493602523459614,Head,Open Play,Goal,1,0.15867314,0.12983139475137356,0.23224595368845471
Gonçalo Manuel Ganchinho Guedes,Portugal,7579,43,59,96.0,26.0,27.784887978899608,13.038885366590744,Right Foot,Open Play,Blocked,0,0.018775055,0.019811776721552963,1.4126562843315188e-05
Edinson Roberto Cavani Gómez,Uruguay,7579,43,61,103.0,26.0,22.02271554554524,14.781458337643473,Right Foot,Open Play,Goal,1,0.060342968,0.03939841002499586,0.12241307914765569
Bernardo Mota Veiga de Carvalho e Silva,Portugal,7579,43,69,103.0,40.0,17.0,24.299972687433765,Right Foot,Open Play,Off T,0,0.10598899,0.08494260657590949,0.009070166350254693
Cristiano Ronaldo dos Santos Aveiro,Portugal,7579,43,72,96.0,24.0,28.844410203711913,12.112474195709282,Right Foot,Open Play,Blocked,0,0.015912395,0.017179068295871125,1.2316605169473842e-05
Raphaël Adelino José Guerreiro,Portugal,7579,43,76,100.0,23.0,26.248809496813376,12.226665523138628,Left Foot,Open Play,Off T,0,0.019748691,0.030447141784365108,0.0027677247626069603
Cristiano Ronaldo dos Santos Aveiro,Portugal,7579,43,77,87.0,30.0,34.48187929913333,11.611367274575096,Right Foot,Open Play,Blocked,0,0.011308506,0.008933625772114302,0.010005503841293615
Manuel Henrique Tavares Fernandes,Portugal,7579,43,84,93.0,52.0,29.546573405388315,12.948395643534957,Right Foot,Open Play,Saved,0,0.025566515,0.016194483417160756,0.027539190663440436
Manuel Henrique Tavares Fernandes,Portugal,7579,43,86,90.0,19.0,36.61966684720111,9.392292427160664,Right Foot,Open Play,Off T,0,0.0060694856,0.006621364634648354,0.0009453135103769816
Cristiano Ronaldo dos Santos Aveiro,Portugal,7579,43,90,91.0,22.0,34.132096331752024,10.444324972700125,Right Foot,Open Play,Off T,0,0.0066069625,0.009032740212160462,0.00012872962520843231
Ricardo Andrade Quaresma Bernardo,Portugal,7579,43,94,110.0,54.0,17.204650534085253,14.521572760280584,Right Foot,Open Play,Saved,0,0.04317439,0.06629356717665728,0.37873000590989636
Rui Pedro dos Santos Patrício,Portugal,7579,43,94,109.0,39.0,11.045361017187261,36.55347528286595,Head,Open Play,Wayward,0,0.075629964,0.0565458681506591,0.11526775809701495
Amine Harit,Morocco,7577,43,1,103.0,30.0,19.72308292331602,18.330344628264307,Right Foot,Open Play,Off T,0,0.06519894,0.05519615748292702,0.0009305501018909143
Younès Belhanda,Morocco,7577,43,3,115.0,52.0,13.0,13.236053935984758,Head,Open Play,Off T,0,0.08541261,0.03926117458220807,0.0028196529495555225
Ayoub El Kaabi,Morocco,7577,43,7,102.0,42.0,18.110770276274835,22.724505268660117,Left Foot,Open Play,Off T,0,0.09036858,0.09444702968575752,0.0019608998412583203
Hakim Ziyech,Morocco,7577,43,18,111.0,27.0,15.811388300841896,15.559300548071565,Left Foot,Open Play,Blocked,0,0.058583494,0.06914408662488594,0.11402185834185763
Younès Belhanda,Morocco,7577,43,18,113.0,46.0,9.219544457292887,35.58745212572946,Left Foot,Open Play,Blocked,0,0.23379569,0.28613343014597525,0.0023463332092265674
Medhi Amine El Mouttaqi Benatia,Morocco,7577,43,18,110.0,44.0,10.770329614269007,35.50480843339541,Left Foot,Open Play,Saved,0,0.086651765,0.25067307605359507,0.3785849103004858
Sardar Azmoun,Iran,7577,43,24,113.0,34.0,9.219544457292887,35.58745212572946,Right Foot,Open Play,Wayward,0,0.20666395,0.23180577341616462,4.67728497365373e-09
Achraf Hakimi Mouh,Morocco,7577,43,25,104.0,23.0,23.345235059857504,12.424588835492123,Right Foot,Open Play,Blocked,0,0.02902798,0.032134148440131585,5.089281860583426e-06
Younès Belhanda,Morocco,7577,43,25,92.0,41.0,28.0178514522438,14.875861040783997,Right Foot,Open Play,Blocked,0,0.025924886,0.02018568630729491,0.06439356473195186
Amine Harit,Morocco,7577,43,29,110.0,24.0,18.867962264113206,12.060338914750597,Right Foot,Open Play,Saved,0,0.03535338,0.0522379949175605,0.1348507141799528
Roozbeh Cheshmi,Iran,7577,43,31,114.0,53.0,14.317821063276353,12.910436783195934,Right Foot,Open Play,Off T,0,0.04428437,0.08685502462975397,0.005368483233360313
Alireza Jahanbakhsh,Iran,7577,43,34,84.0,47.0,36.6742416417845,11.194005716705359,Right Foot,Free Kick,Off T,0,0.008141037,0.016843139048872767,0.00928528516296055
Omid Ebrahimi,Iran,7577,43,40,98.0,52.0,25.059928172283335,14.682690001241319,Right Foot,Open Play,Blocked,0,0.030170556,0.01849493520018082,9.775950758133066e-06
Sardar Azmoun,Iran,7577,43,42,109.0,51.0,15.556349186104045,19.403496830192204,Right Foot,Open Play,Saved,0,0.28293425,0.08842215021276144,0.14500526595446395
Alireza Jahanbakhsh,Iran,7577,43,42,108.0,52.0,16.97056274847714,17.73834835473307,Right Foot,Open Play,Saved,0,0.0775573,0.0732593517531055,0.31008334589275977
Ehsan Hajsafi,Iran,7577,43,43,98.0,35.0,22.561028345356956,18.000875117501245,Right Foot,Open Play,Blocked,0,0.04090494,0.04010268850668316,0.04179657448215392
Ehsan Hajsafi,Iran,7577,43,44,82.0,42.0,38.05259518088089,10.973102917184224,Left Foot,Free Kick,Off T,0,0.0068994747,0.01894120096018336,0.0006362543551352527
Amine Harit,Morocco,7577,43,48,112.0,30.0,12.806248474865697,21.24773692030976,Right Foot,Open Play,Wayward,0,0.10310785,0.12238802680813819,6.966863383931838e-08
Hakim Ziyech,Morocco,7577,43,79,99.0,34.0,21.840329667841555,18.344271790850083,Left Foot,Open Play,Saved,0,0.07760219,0.057333092504934784,0.13135718610985567
Romain Saïss,Morocco,7577,43,80,114.0,41.0,6.082762530298219,61.74460200445838,Head,Open Play,Off T,0,0.12999704,0.2337056140017751,0.0039945918012621465
Hakim Ziyech,Morocco,7577,43,86,97.0,50.0,25.079872407968907,15.29564376495556,Left Foot,Open Play,Blocked,0,0.032190975,0.037348488645728345,0.00012514728802467842
Manuel Marouan da Costa Trinidade,Morocco,7577,43,90,82.0,51.0,39.56008088970496,10.163594069477746,Right Foot,Open Play,Wayward,0,0.0059796465,0.0048188105597633995,1.9160134387957337e-09
Yasir Gharsan Al Shahrani,Saudi Arabia,7525,43,5,103.0,21.0,25.495097567963924,11.060403950771699,Right Foot,Open Play,Blocked,0,0.011306748,0.024433965764055467,3.893066233853603e-06
Aleksandr Samedov,Russia,7525,43,6,111.0,52.0,15.0,17.29322905131749,Right Foot,Open Play,Blocked,0,0.047829717,0.08934189435355368,0.00013665423598122233
Yuri Zhirkov,Russia,7525,43,8,107.0,26.0,19.1049731745428,15.14401840736931,Left Foot,Open Play,Blocked,0,0.02564916,0.07145129406633952,1.74683222689106e-05
Alan Dzagoev,Russia,7525,43,10,106.0,49.0,16.64331697709324,21.244308351504404,Right Foot,Open Play,Blocked,0,0.07510638,0.08223952615625166,0.00017920556152956353
Yury Gazinskiy,Russia,7525,43,11,112.0,47.0,10.63014581273465,30.45237044057419,Head,Open Play,Goal,1,0.14645855,0.07628555353590022,0.33756213054593615
Mohammad Ibrahim Al Sahlawi,Saudi Arabia,7525,43,21,103.0,29.0,20.248456731316587,17.419955448833274,Left Foot,Open Play,Blocked,0,0.055627532,0.06663992314858272,2.3432479371793585e-05
Salem Mohammed Al Dawsari,Saudi Arabia,7525,43,27,92.0,39.0,28.0178514522438,14.875861040783997,Right Foot,Open Play,Off T,0,0.03360385,0.02018568630729491,0.0019310704043015694
Yasir Gharsan Al Shahrani,Saudi Arabia,7525,43,30,110.0,42.0,10.198039027185569,38.93501443199597,Head,Open Play,Off T,0,0.09728895,0.09690966041367048,0.004167063090724738
Denis Cheryshev,Russia,7525,43,42,110.0,34.0,11.661903789690601,30.838983774222697,Left Foot,Open Play,Goal,1,0.24924015,0.21174683060866703,0.6434661483611347
Aleksandr Samedov,Russia,7525,43,51,97.0,50.0,25.079872407968907,15.29564376495556,Right Foot,Open Play,Off T,0,0.032339387,0.028379342402697173,0.0020412282237170973
Denis Cheryshev,Russia,7525,43,62,108.0,24.0,20.0,12.80079417489957,Left Foot,Open Play,Blocked,0,0.026239585,0.061436938223754095,1.035028696112847e-05
Denis Cheryshev,Russia,7525,43,64,107.0,39.0,13.038404810405298,31.284780529546936,Head,Open Play,Saved,0,0.12617204,0.060049941473200245,0.15699782596778736
Roman Zobnin,Russia,7525,43,67,104.0,56.0,22.627416997969522,13.218884641776974,Right Foot,Open Play,Saved,0,0.030546982,0.023479908126018068,0.03425478438501879
Artem Dzyuba,Russia,7525,43,70,115.0,37.0,5.830951894845301,60.6221530947599,Head,Open Play,Goal,1,0.29249918,0.23387712219101753,0.42390241781038523
Salem Mohammed Al Dawsari,Saudi Arabia,7525,43,72,97.0,25.0,27.459060435491963,12.807268768484535,Right Foot,Open Play,Off T,0,0.025765538,0.0204380226651806,0.00028502782115736794
Roman Zobnin,Russia,7525,43,76,110.0,42.0,10.198039027185569,38.93501443199597,Head,Open Play,Off T,0,0.089740254,0.09690966041367048,0.002710290257204314
Hattan Babhir,Saudi Arabia,7525,43,81,104.0,57.0,23.345235059857504,12.424588835492123,Left Foot,Open Play,Blocked,0,0.025213882,0.042238394164377385,0.0001435330202339363
Daler Kuzyaev,Russia,7525,43,83,86.0,38.0,34.058772731852805,12.246553636972953,Right Foot,Open Play,Off T,0,0.02450558,0.009524503434979906,0.0005508940914946416
Denis Cheryshev,Russia,7525,43,90,104.0,23.0,23.345235059857504,12.424588835492123,Left Foot,Open Play,Goal,1,0.040819477,0.042238394164377385,0.3727332950326361
Aleksandr Golovin,Russia,7525,43,93,99.0,52.0,24.186773244895647,15.052271960594913,Right Foot,Free Kick,Goal,1,0.0744545,0.07369742357711716,0.2587295315471449
Emil Peter Forsberg,Sweden,7566,43,4,114.0,17.0,23.769728648009426,4.552416481290643,Right Foot,Free Kick,Saved,0,0.007870639,0.06033104470639186,0.12453880371054275
Miguel Arturo Layún Prado,Mexico,7566,43,9,92.0,58.0,33.28663395418648,10.60558081600439,Left Foot,Open Play,Off T,0,0.006126076,0.008682604980331672,7.772605068522131e-05
Andreas Granqvist,Sweden,7566,43,11,112.0,36.0,8.94427190999916,41.322619636105216,Head,Open Play,Wayward,0,0.078457825,0.07921079257064938,0.1106404052086784
Marcus Berg,Sweden,7566,43,11,116.0,36.0,5.656854249492381,57.56827915681962,Right Foot,Open Play,Off T,0,0.31651607,0.34000608203426463,0.006893938350657418
Emil Peter Forsberg,Sweden,7566,43,14,96.0,56.0,28.844410203711913,12.112474195709282,Right Foot,Open Play,Off T,0,0.019455789,0.017179068295871125,0.0013798853296525916
Carlos Alberto Vela Garrido,Mexico,7566,43,16,104.0,46.0,17.08800749063506,22.800960208387572,Left Foot,Open Play,Off T,0,0.08026171,0.1052010413078329,0.0034525769966297806
Emil Peter Forsberg,Sweden,7566,43,17,110.0,38.0,10.198039027185569,38.93501443199597,Right Foot,Open Play,Off T,0,0.18495595,0.22666892593937615,0.007661276226153572
Carlos Alberto Vela Garrido,Mexico,7566,43,21,99.0,63.0,31.144823004794873,9.1290091579521,Left Foot,Open Play,Blocked,0,0.0071684807,0.016261908304937085,3.851504228609167e-05
José Andrés Guardado Hernández,Mexico,7566,43,22,116.0,40.0,4.0,84.91702692043046,Head,Open Play,Wayward,0,0.20374292,0.3114406655441468,2.372470700478126e-05
Héctor Miguel Herrera López,Mexico,7566,43,22,117.0,22.0,18.24828759089466,3.930611946806612,Right Foot,Open Play,Blocked,0,0.010197213,0.04608300791559615,5.219122305993086e-06
José Andrés Guardado Hernández,Mexico,7566,43,22,93.0,34.0,27.65863337187866,14.732823173292049,Left Foot,Open Play,Off T,0,0.03579779,0.02763462575470654,0.00015701733596997422
Emil Peter Forsberg,Sweden,7566,43,27,101.0,34.0,19.924858845171276,19.92867038892818,Right Foot,Open Play,Blocked,0,0.077959776,0.03737587081231243,0.00026896648953750964
Marcus Berg,Sweden,7566,43,30,115.0,42.0,5.385164807134504,66.90903753469897,Right Foot,Open Play,Saved,0,0.32448578,0.5067084928714026,0.8023823007528569
Emil Peter Forsberg,Sweden,7566,43,32,105.0,30.0,18.027756377319946,19.410921706192692,Right Foot,Open Play,Off T,0,0.08406631,0.06800865371945046,0.03658958555247971
Hirving Rodrigo Lozano Bahena,Mexico,7566,43,35,99.0,28.0,24.186773244895647,15.052271960594913,Right Foot,Open Play,Blocked,0,0.04393479,0.031175151109744722,3.2059166669261785e-05
Carlos Alberto Vela Garrido,Mexico,7566,43,38,106.0,54.0,19.79898987322333,15.145792654765689,Left Foot,Open Play,Off T,0,0.03696837,0.04437008623277112,0.006793940266337783
Carlos Joel Salcedo Hernández,Mexico,7566,43,39,104.0,28.0,20.0,16.853939870657733,Right Foot,Open Play,Blocked,0,0.036778748,0.05171487995756386,5.3108571790259665e-05
Miguel Arturo Layún Prado,Mexico,7566,43,44,105.0,61.0,25.80697580112788,9.550507015291918,Right Foot,Open Play,Saved,0,0.009557878,0.02273758782456756,0.021171195771922093
Marcus Berg,Sweden,7566,43,46,109.0,28.0,16.278820596099706,17.74603331770259,Left Foot,Open Play,Off T,0,0.10989964,0.06919569534029624,0.0028062177506448208
Viktor Claesson,Sweden,7566,43,49,109.0,41.0,11.045361017187261,36.55347528286595,Right Foot,Open Play,Wayward,0,0.33955482,0.2003018467156014,0.00045490271618919793
Ludwig Augustinsson,Sweden,7566,43,49,116.0,32.0,8.94427190999916,23.730799460123105,Left Foot,Open Play,Goal,1,0.23465483,0.23524176813407452,0.42083865632327305
Emil Peter Forsberg,Sweden,7566,43,51,103.0,36.0,17.46424919657298,23.110004084388503,Left Foot,Open Play,Off T,0,0.08776431,0.10189357431504344,0.022237840258554468
José Andrés Guardado Hernández,Mexico,7566,43,52,115.0,19.0,21.587033144922902,4.6231817997125,Left Foot,Open Play,Off T,0,0.008584143,0.04254610662496001,0.002459729565122485
Ludwig Augustinsson,Sweden,7566,43,53,106.0,25.0,20.518284528683193,14.11280542292802,Right Foot,Open Play,Off T,0,0.043391652,0.04577454170435758,0.0077061277353117335
Marcus Berg,Sweden,7566,43,58,108.0,29.0,16.278820596099706,19.245090043101133,Head,Open Play,Saved,0,0.097953424,0.020828929226245053,0.0949773271645342
Andreas Granqvist,Sweden,7566,43,61,109.0,41.0,11.045361017187261,36.55347528286595,Right Foot,Penalty,Goal,1,0.7835,0.76,0.76
Carlos Joel Salcedo Hernández,Mexico,7566,43,63,80.0,54.0,42.37924020083418,9.327773325292705,Right Foot,Open Play,Blocked,0,0.005298881,0.0034148838433639343,2.4496243244123737e-05
Marco Jhonfai Fabián De La Mora,Mexico,7566,43,65,90.0,48.0,31.04834939252005,13.007763871740213,Right Foot,Open Play,Blocked,0,0.022069821,0.013675939455553902,4.416044353487722e-05
Carlos Joel Salcedo Hernández,Mexico,7566,43,67,111.0,31.0,12.727922061357855,23.90889228521095,Head,Open Play,Off T,0,0.06593669,0.03473900232985278,0.000225006579240883
Javier Hernández Balcázar,Mexico,7566,43,69,106.0,40.0,14.0,29.301715644264668,Head,Open Play,Off T,0,0.111651056,0.05161004619006826,0.0034055078227713622
Héctor Alfredo Moreno Herrera,Mexico,7566,43,75,111.0,42.0,9.219544457292887,42.615768593997174,Head,Open Play,Blocked,0,0.06666666,0.07925503279469458,0.00075975473991995
Carlos Alberto Vela Garrido,Mexico,7566,43,80,96.0,54.0,27.784887978899608,13.038885366590744,Left Foot,Free Kick,Blocked,0,0.03963313,0.062249481726861386,2.6650150162013487e-05
Javier Hernández Balcázar,Mexico,7566,43,80,116.0,29.0,11.704699910719626,13.326845968842994,Right Foot,Open Play,Blocked,0,0.03585116,0.07825095443534937,0.0002788730561237819
Carlos Alberto Vela Garrido,Mexico,7566,43,80,117.0,42.0,3.605551275463989,91.03204731042231,Head,Open Play,Off T,0,0.7177226,0.45765412947654,0.014666204562734639
Hirving Rodrigo Lozano Bahena,Mexico,7566,43,88,98.0,51.0,24.596747752497688,15.227472227392244,Right Foot,Open Play,Off T,0,0.033147816,0.029906106622768987,0.0045558903358579594
Héctor Miguel Herrera López,Mexico,7566,43,92,91.0,48.0,30.083217912982647,13.39208653501498,Left Foot,Open Play,Saved,0,0.021690294,0.013401903465476494,0.06213828768839549
Hirving Rodrigo Lozano Bahena,Mexico,7566,43,92,102.0,21.0,26.1725046566048,11.099708801867573,Right Foot,Open Play,Saved,0,0.011917301,0.014929272940949177,0.027865420240079413
Viktor Claesson,Sweden,8651,43,11,86.0,43.0,34.132096331752024,12.194976603981754,Right Foot,Open Play,Off T,0,0.018292004,0.009433058327751206,0.0006594290234338004
Harry Kane,England,8651,43,18,97.0,46.0,23.769728648009426,16.973171424167795,Right Foot,Open Play,Off T,0,0.057993297,0.034211773718100705,0.00041076404351861746
Harry Maguire,England,8651,43,29,110.0,44.0,10.770329614269007,35.50480843339541,Head,Open Play,Goal,1,0.061832782,0.0568388317167631,0.09996592912018465
Jordan Brian Henderson,England,8651,43,34,94.0,58.0,31.622776601683793,10.918474480877878,Right Foot,Open Play,Off T,0,0.008420511,0.01216704709686022,0.0027230006958914844
Raheem Sterling,England,8651,43,44,111.0,51.0,14.212670403551895,19.254439111516835,Right Foot,Open Play,Blocked,0,0.11924116,0.06867726251426125,7.660752569331979e-05
Marcus Berg,Sweden,8651,43,46,113.0,48.0,10.63014581273465,27.222880258184833,Head,Open Play,Saved,0,0.1108226,0.04742943774576359,0.14632870602274917
Emil Peter Forsberg,Sweden,8651,43,51,97.0,13.0,35.4682957019364,7.703747012565286,Right Foot,Open Play,Off T,0,0.006110725,0.007243827048130454,0.0007704123024893152
Raheem Sterling,England,8651,43,53,115.0,32.0,9.433981132056603,25.831568792012174,Right Foot,Open Play,Blocked,0,0.08364045,0.1310136401565242,0.0006719499447592493
Jesse Lingard,England,8651,43,56,95.0,23.0,30.23243291566195,11.485946271843558,Right Foot,Open Play,Blocked,0,0.014800565,0.014452024314596662,5.123268722665763e-07
Jesse Lingard,England,8651,43,57,98.0,48.0,23.40939982143925,16.763986910623107,Right Foot,Open Play,Blocked,0,0.040688924,0.023445813055353412,0.00017095664519491227
Bamidele Alli,England,8651,43,58,116.0,32.0,8.94427190999916,23.730799460123105,Head,Open Play,Goal,1,0.14410557,0.07815540051663143,0.2146623636141027
Viktor Claesson,Sweden,8651,43,61,106.0,43.0,14.317821063276353,28.140188848686396,Right Foot,Open Play,Saved,0,0.13745673,0.12218601328024731,0.14413097136722514
Viktor Claesson,Sweden,8651,43,61,113.0,36.0,8.06225774829855,44.79698948428266,Left Foot,Open Play,Blocked,0,0.24123907,0.36572186559050346,0.004664707058132912
Ola Toivonen,Sweden,8651,43,61,105.0,47.0,16.55294535724685,22.847067357976737,Head,Open Play,Off T,0,0.0686475,0.02205528166985231,0.0002523905658623795
Harry Maguire,England,8651,43,65,111.0,30.0,13.45362404707371,21.45822334363892,Left Foot,Open Play,Off T,0,0.08273663,0.14736135618308885,0.02109811584921744
Bamidele Alli,England,8651,43,67,102.0,29.0,21.095023109728988,16.976358966144755,Left Foot,Open Play,Blocked,0,0.053019132,0.06019172073352635,0.09243629844912048
Bamidele Alli,England,8651,43,68,107.0,20.0,23.853720883753127,9.718915966685488,Right Foot,Open Play,Blocked,0,0.011284669,0.028431320217833917,4.555364558108312e-06
Marcus Berg,Sweden,8651,43,70,110.0,42.0,10.198039027185569,38.93501443199597,Left Foot,Open Play,Saved,0,0.16984412,0.28023185167326414,0.5775647285611462
Jesse Lingard,England,8651,43,81,98.0,43.0,22.20360331117452,18.560853323558305,Left Foot,Open Play,Blocked,0,0.0804723,0.055394555932994624,0.04189465787013615
Ludwig Augustinsson,Sweden,8651,43,89,100.0,50.0,22.360679774997898,16.744460989314298,Left Foot,Free Kick,Off T,0,0.08177389,0.11977408386158897,0.009920079090448768
Marco Reus,Germany,7567,43,5,113.0,22.0,19.313207915827967,8.109481439837984,Right Foot,Open Play,Off T,0,0.012952975,0.030071545098202562,0.00010322953365784136
Sami Khedira,Germany,7567,43,13,111.0,42.0,9.219544457292887,42.615768593997174,Head,Open Play,Saved,0,0.060433608,0.07925503279469458,0.504275967494533
Woo-Young Jung,South Korea,7567,43,18,87.0,49.0,34.20526275297414,11.796807946223021,Right Foot,Free Kick,Saved,0,0.019010931,0.02259407012472084,0.04949822794978428
Yong Lee,South Korea,7567,43,19,91.0,50.0,30.675723300355934,12.890036077490649,Right Foot,Open Play,Off T,0,0.018683761,0.014226129399501476,0.0009656382072498229
Heung-Min Son,South Korea,7567,43,24,108.0,51.0,16.278820596099706,19.245090043101133,Right Foot,Open Play,Off T,0,0.057621818,0.08163950083577014,0.0037616077148937615
Marco Reus,Germany,7567,43,32,97.0,42.0,23.08679276123039,17.953140047651985,Left Foot,Open Play,Blocked,0,0.06146504,0.04958248799939039,0.05394495921297998
Timo Werner,Germany,7567,43,38,108.0,51.0,16.278820596099706,19.245090043101133,Right Foot,Open Play,Blocked,0,0.05455867,0.08163950083577014,3.979604569173771e-05
Leon Goretzka,Germany,7567,43,38,112.0,43.0,8.54400374531753,44.493602523459614,Head,Open Play,Wayward,0,0.07476272,0.12983139475137356,0.0001236423802540912
Mats Hummels,Germany,7567,43,38,116.0,37.0,5.0,68.38033241616218,Right Foot,Open Play,Saved,0,0.3347433,0.5269759337004984,0.6476866318478951
Mesut Özil,Germany,7567,43,46,105.0,60.0,25.0,10.17776626249999,Left Foot,Open Play,Blocked,0,0.010117099,0.03330589070901949,8.176659626791415e-06
Heung-Min Son,South Korea,7567,43,47,99.0,53.0,24.698178070456937,14.448463924398597,Right Foot,Open Play,Off T,0,0.033090822,0.029015062759120035,0.0002461340558769327
Woo-Young Jung,South Korea,7567,43,45,89.0,38.0,31.064449134018133,13.412297867051976,Right Foot,Open Play,Saved,0,0.029391896,0.009054940443506057,0.015538901652021597
Leon Goretzka,Germany,7567,43,47,111.0,39.0,9.055385138137417,43.83945443926867,Head,Open Play,Saved,0,0.20739396,0.12156000764726968,0.1699394324109799
Toni Kroos,Germany,7567,43,48,85.0,38.0,35.05709628591621,11.901442964495443,Right Foot,Open Play,Off T,0,0.016595932,0.008425775116541679,7.474509178040937e-05
Timo Werner,Germany,7567,43,50,108.0,37.0,12.36931687685298,32.17837078204991,Right Foot,Open Play,Off T,0,0.09489199,0.16159976164684287,0.004983633203029173
Heung-Min Son,South Korea,7567,43,51,119.0,31.0,9.055385138137417,6.090342632299171,Right Foot,Open Play,Off T,0,0.049363878,0.12823098624776127,0.0019561342680516243
Joshua Kimmich,Germany,7567,43,53,103.0,56.0,23.345235059857504,13.174796186194072,Left Foot,Open Play,Blocked,0,0.033191342,0.04300371131434388,1.5222366180651511e-05
Sami Khedira,Germany,7567,43,53,94.0,52.0,28.635642126552707,13.276236460380275,Right Foot,Open Play,Blocked,0,0.022136997,0.018099956807362236,5.817013594421203e-05
Toni Kroos,Germany,7567,43,60,104.0,31.0,18.35755975068582,19.896374808405774,Left Foot,Open Play,Blocked,0,0.10291238,0.08630138186984888,0.0006179707366544551
Heung-Min Son,South Korea,7567,43,62,96.0,42.0,24.08318915758459,17.22644699427817,Right Foot,Open Play,Off T,0,0.04893264,0.03324092344650133,0.002241950148395705
Timo Werner,Germany,7567,43,63,112.0,28.0,14.422205101855956,16.747495596862677,Right Foot,Open Play,Off T,0,0.046130143,0.06332758056019551,0.0012897265342927725
Mario Gómez García,Germany,7567,43,67,113.0,39.0,7.0710678118654755,54.45906449436183,Head,Open Play,Saved,0,0.21808246,0.18489173091914526,0.34837196470149634
Toni Kroos,Germany,7567,43,69,94.0,39.0,26.019223662515376,16.002752415060378,Left Foot,Open Play,Off T,0,0.038651053,0.022637784713251164,0.0034560769074738476
Mario Gómez García,Germany,7567,43,70,115.0,43.0,5.830951894845301,60.6221530947599,Left Foot,Open Play,Blocked,0,0.18822618,0.525524001473216,0.5730886310826382
Heung-Min Son,South Korea,7567,43,77,102.0,29.0,21.095023109728988,16.976358966144755,Right Foot,Open Play,Off T,0,0.06689221,0.04599895804147459,0.000513845467962666
Thomas Müller,Germany,7567,43,81,112.0,44.0,8.94427190999916,41.322619636105216,Head,Open Play,Off T,0,0.1887936,0.07921079257064938,0.0006691464054717546
Marco Reus,Germany,7567,43,82,97.0,54.0,26.92582403567252,13.31096865740167,Right Foot,Open Play,Off T,0,0.026506644,0.021974308321987088,0.0009989124059167475
Julian Brandt,Germany,7567,43,83,109.0,29.0,15.556349186104045,19.403496830192204,Right Foot,Open Play,Blocked,0,0.13213639,0.08842215021276144,0.0001339109540579318
Toni Kroos,Germany,7567,43,83,95.0,33.0,25.96150997149434,15.483744971964454,Right Foot,Open Play,Off T,0,0.027463825,0.02582604645794765,0.0033836367385235914
Mats Hummels,Germany,7567,43,86,112.0,39.0,8.06225774829855,48.61276617453667,Other,Open Play,Off T,0,0.17120185,0.20253448094864135,0.011596945123868668
Toni Kroos,Germany,7567,43,87,98.0,41.0,22.02271554554524,18.85363219683729,Right Foot,Open Play,Saved,0,0.045900352,0.04343743845186907,0.10241788688143105
Woo-Young Jung,South Korea,7567,43,88,86.0,39.0,34.0147027033899,12.277706579222382,Right Foot,Open Play,Saved,0,0.01863953,0.009579923348290309,0.06162212058988179
Jae-Sung Lee,South Korea,7567,43,89,98.0,42.0,22.090722034374522,18.742802726830092,Left Foot,Open Play,Blocked,0,0.037488606,0.03754352085962019,0.04450487697446173
Young-Gwon Kim,South Korea,7567,43,91,115.0,42.0,5.385164807134504,66.90903753469897,Left Foot,Open Play,Goal,1,0.47288835,0.577066002828873,0.7690618145802467
Thomas Müller,Germany,7567,43,94,108.0,36.0,12.649110640673518,30.928500850362962,Head,Open Play,Wayward,0,0.11065246,0.062111899530134775,0.00012652565077498886
Mats Hummels,Germany,7567,43,94,115.0,47.0,8.602325267042627,31.12847266589543,Head,Open Play,Off T,0,0.08714318,0.09592741827680669,0.006691154899245104
Heung-Min Son,South Korea,7567,43,95,116.0,32.0,8.94427190999916,23.730799460123105,Left Foot,Open Play,Goal,1,0.92262584,0.23524176813407452,0.547263229157317
Thomas Müller,Germany,7567,43,97,99.0,35.0,21.587033144922902,18.759251680638936,Right Foot,Open Play,Blocked,0,0.041539717,0.045469688287080805,0.04706305857864322
Julian Brandt,Germany,7567,43,97,102.0,49.0,20.12461179749811,18.59613061636208,Right Foot,Open Play,Saved,0,0.08329194,0.05316555315981854,0.22949258888753227
Mats Hummels,Germany,7567,43,98,106.0,35.0,14.866068747318506,26.272381832912487,Left Foot,Open Play,Blocked,0,0.070449255,0.1421110092781384,0.0015102543161905199
Mats Hummels,Germany,7567,43,98,113.0,39.0,7.0710678118654755,54.45906449436183,Head,Open Play,Off T,0,0.1440755,0.18489173091914526,0.021082586667712108
Yūya Ōsako,Japan,7541,43,2,104.0,48.0,17.88854381999832,20.906387103103036,Left Foot,Open Play,Saved,0,0.3376846,0.06264304892899913,0.06853131416654572
Shinji Kagawa,Japan,7541,43,2,103.0,39.0,17.029386365926403,24.222236280667662,Left Foot,Open Play,Blocked,0,0.23730883,0.1092489057456599,0.1564857629029369
Shinji Kagawa,Japan,7541,43,5,108.0,40.0,12.0,33.92341177306582,Right Foot,Penalty,Goal,1,0.7835,0.76,0.76
Radamel Falcao García Zárate,Colombia,7541,43,11,112.0,43.0,8.54400374531753,44.493602523459614,Left Foot,Open Play,Saved,0,0.24035126,0.3512113556860688,0.6261246235913268
Takashi Inui,Japan,7541,43,14,108.0,30.0,15.620499351813308,20.852441212812437,Right Foot,Open Play,Off T,0,0.14577667,0.09077390058195825,0.0008649751974961589
Juan Fernando Quintero Paniagua,Colombia,7541,43,15,93.0,49.0,28.460498941515414,13.93390530400062,Left Foot,Open Play,Blocked,0,0.022535361,0.024769812011051127,0.0002580263194993089
Oscar Fabián Murillo Murillo,Colombia,7541,43,25,110.0,34.0,11.661903789690601,30.838983774222697,Head,Open Play,Wayward,0,0.10747917,0.046158357840905384,0.0978908814503314
Juan Guillermo Cuadrado Bello,Colombia,7541,43,25,101.0,60.0,27.586228448267445,10.538502924524062,Right Foot,Open Play,Blocked,0,0.008843584,0.019056880265687307,6.472494661140383e-06
Yūya Ōsako,Japan,7541,43,31,112.0,26.0,16.1245154965971,13.358339100688104,Right Foot,Open Play,Wayward,0,0.06617878,0.07244863115299016,2.0201650382394427e-09
Radamel Falcao García Zárate,Colombia,7541,43,33,109.0,45.0,12.083045973594572,31.26694726260776,Right Foot,Open Play,Saved,0,0.14382575,0.16298713525971445,0.3622145508216096
Juan Fernando Quintero Paniagua,Colombia,7541,43,38,100.0,60.0,28.284271247461902,10.543055491069975,Left Foot,Free Kick,Goal,1,0.010644076,0.05560429941433875,0.1512685874767042
Yūya Ōsako,Japan,7541,43,53,117.0,30.0,10.44030650891055,12.936250064949594,Left Foot,Open Play,Saved,0,0.083701745,0.16503446786869821,0.3527726986783017
Takashi Inui,Japan,7541,43,56,106.0,28.0,18.439088914585774,17.420506066813193,Right Foot,Open Play,Saved,0,0.060330503,0.062102405613545,0.20651458519327445
Maya Yoshida,Japan,7541,43,58,113.0,39.0,7.0710678118654755,54.45906449436183,Head,Open Play,Off T,0,0.120759696,0.12911452760656159,0.0038397293842519294
Hiroki Sakai,Japan,7541,43,60,110.0,57.0,19.72308292331602,11.027910674057145,Right Foot,Open Play,Off T,0,0.012992266,0.04641284320206807,0.0001426108174782628
Takashi Inui,Japan,7541,43,65,105.0,25.0,21.213203435596427,14.116361676252144,Right Foot,Open Play,Blocked,0,0.050535332,0.02812878949496315,0.0001423365705755563
Keisuke Honda,Japan,7541,43,70,96.0,60.0,31.240998703626616,10.342927701925763,Left Foot,Open Play,Saved,0,0.008464088,0.016573000596673035,0.06375073042417312
Hiroki Sakai,Japan,7541,43,72,114.0,49.0,10.816653826391969,22.973069860031057,Right Foot,Open Play,Blocked,0,0.09609399,0.15478164565508443,0.001603594501359825
Yūya Ōsako,Japan,7541,43,72,117.0,39.0,3.1622776601683795,98.78983915306922,Head,Open Play,Goal,1,0.1866343,0.4133800786001099,0.7572174103843269
James David Rodríguez Rubio,Colombia,7541,43,77,112.0,54.0,16.1245154965971,13.358339100688104,Left Foot,Open Play,Blocked,0,0.060488213,0.09399821646800652,0.00015460520085847475
Jefferson Andrés Lerma Solís,Colombia,7541,43,77,113.0,47.0,9.899494936611665,31.200869115942954,Other,Open Play,Wayward,0,0.056293465,0.11736910843267795,0.0005433050441143375
Carlos Arturo Bacca Ahumada,Colombia,7541,43,77,109.0,31.0,14.212670403551895,23.118864658126963,Right Foot,Open Play,Blocked,0,0.07248526,0.11053265825088487,0.000355806199444548
Oscar Fabián Murillo Murillo,Colombia,7541,43,77,111.0,42.0,9.219544457292887,42.615768593997174,Head,Open Play,Wayward,0,0.08330989,0.11637119303208526,0.0007249680611913081
Yūya Ōsako,Japan,7541,43,81,108.0,43.0,12.36931687685298,32.17837078204991,Head,Open Play,Wayward,0,0.13071316,0.06591511541951758,4.7219062075948523e-07
Eden Hazard,Belgium,8655,43,14,109.0,23.0,20.248456731316587,11.476404302069197,Left Foot,Open Play,Off T,0,0.02582844,0.03866663823689284,0.00030416414199108675
Blaise Matuidi,France,8655,43,17,92.0,38.0,28.071337695236398,14.820788043716872,Left Foot,Open Play,Saved,0,0.024187952,0.02644144362694556,0.09588248898530378
Eden Hazard,Belgium,8655,43,18,107.0,21.0,23.021728866442675,10.437049664246697,Right Foot,Open Play,Blocked,0,0.012269703,0.020982871146428106,0.024988048614117374
Toby Alderweireld,Belgium,8655,43,21,105.0,41.0,15.033296378372908,27.31418934907945,Left Foot,Open Play,Saved,0,0.103834964,0.14293890186807462,0.5215547210805394
Olivier Giroud,France,8655,43,22,103.0,48.0,18.788294228055936,20.12416504247883,Left Foot,Open Play,Off T,0,0.27923512,0.08289855074404011,0.0007551522077634514
Olivier Giroud,France,8655,43,30,108.0,44.0,12.649110640673518,30.928500850362962,Head,Open Play,Off T,0,0.08539717,0.062111899530134775,0.0004722265771294755
Olivier Giroud,France,8655,43,31,107.0,32.0,15.264337522473747,23.428273993435596,Left Foot,Open Play,Wayward,0,0.13975486,0.12843454462766019,0.00020803400782172388
Antoine Griezmann,France,8655,43,32,98.0,30.0,24.166091947189145,15.760502198768412,Right Foot,Open Play,Off T,0,0.039881397,0.03178768758201739,0.008945714202946983
Olivier Giroud,France,8655,43,33,109.0,36.0,11.704699910719626,33.081553315190696,Left Foot,Open Play,Off T,0,0.16416734,0.15596624049827432,0.0005842673860301914
Antoine Griezmann,France,8655,43,36,91.0,32.0,30.083217912982647,13.39208653501498,Left Foot,Open Play,Off T,0,0.026532186,0.020360141118654838,0.00011653078449910811
Antoine Griezmann,France,8655,43,38,96.0,50.0,26.0,14.849485098314487,Left Foot,Open Play,Blocked,0,0.028874304,0.033355936570307367,0.00034611456354923496
Benjamin Pavard,France,8655,43,38,114.0,53.0,14.317821063276353,12.910436783195934,Right Foot,Open Play,Saved,0,0.07446188,0.08685502462975397,0.1686426919295312
Blaise Matuidi,France,8655,43,41,105.0,30.0,18.027756377319946,19.410921706192692,Head,Open Play,Wayward,0,0.10427744,0.01716151704246342,5.7723408309790055e-05
Antoine Griezmann,France,8655,43,44,96.0,57.0,29.410882339705484,11.656202046895997,Left Foot,Free Kick,Blocked,0,0.028889349,0.050484190258426535,2.161010295587322e-05
Romelu Lukaku Menama,Belgium,8655,43,47,111.0,40.0,9.0,44.259873463524045,Head,Open Play,Off T,0,0.1676629,0.08423835807941796,0.003812221792552404
Olivier Giroud,France,8655,43,50,107.0,31.0,15.811388300841896,21.909514130132212,Right Foot,Open Play,Blocked,0,0.09775021,0.0911401114576971,0.0004231237840869652
Samuel Yves Umtiti,France,8655,43,50,118.0,47.0,7.280109889280518,20.287130172707865,Head,Open Play,Goal,1,0.0802673,0.05801728149685257,0.33196283211687727
Blaise Matuidi,France,8655,43,55,99.0,30.0,23.259406699226016,16.243728134586394,Left Foot,Open Play,Blocked,0,0.05599482,0.04671296440764291,0.00010731781093345797
Olivier Giroud,France,8655,43,55,112.0,34.0,10.0,34.06569721788727,Left Foot,Open Play,Blocked,0,0.10079972,0.26072031132436047,0.0030371703437914394
Toby Alderweireld,Belgium,8655,43,57,93.0,60.0,33.60059523282288,10.04625901831212,Right Foot,Open Play,Off T,0,0.006324989,0.009503703692072984,0.0010129534544354745
Kevin De Bruyne,Belgium,8655,43,60,107.0,38.0,13.152946437965905,30.80441838801523,Right Foot,Open Play,Wayward,0,0.07526151,0.14541382263906838,0.13900165422455382
Marouane Fellaini-Bakkioui,Belgium,8655,43,64,108.0,40.0,12.0,33.92341177306582,Head,Open Play,Off T,0,0.12076645,0.07142462281632818,0.0007420807040660737
Olivier Giroud,France,8655,43,66,100.0,32.0,21.540659228538015,17.99882172968464,Left Foot,Open Play,Off T,0,0.047261972,0.05874898890585841,0.01791457188760042
Kevin De Bruyne,Belgium,8655,43,75,95.0,34.0,25.709920264364882,15.779226552579393,Left Foot,Open Play,Off T,0,0.037019253,0.035232462885181594,0.007316580193594374
Paul Pogba,France,8655,43,78,108.0,42.0,12.165525060596439,33.127621304665844,Head,Open Play,Off T,0,0.06375324,0.06888266091638698,0.0026667684897268107
Axel Witsel,Belgium,8655,43,80,91.0,27.0,31.78049716414141,12.024486110241183,Right Foot,Open Play,Saved,0,0.017900085,0.012281456542281572,0.026426488840704518
Antoine Griezmann,France,8655,43,92,103.0,46.0,18.027756377319946,21.769421046266338,Right Foot,Open Play,Saved,0,0.084246874,0.07184265226162574,0.13998206848853828
Corentin Tolisso,France,8655,43,95,107.0,31.0,15.811388300841896,21.909514130132212,Left Foot,Open Play,Saved,0,0.15595363,0.11754485036861656,0.32551996264825434
Thomas Meunier,Belgium,8657,43,3,113.0,41.0,7.0710678118654755,54.45906449436183,Right Foot,Open Play,Goal,1,0.31685346,0.382553496184,0.4732808403135642
Raheem Sterling,England,8657,43,11,100.0,53.0,23.853720883753127,14.76172331749696,Left Foot,Open Play,Blocked,0,0.044181537,0.04223153969721728,2.1625946518703307e-05
Kevin De Bruyne,Belgium,8657,43,11,108.0,29.0,16.278820596099706,19.245090043101133,Right Foot,Open Play,Saved,0,0.05882345,0.08163950083577014,0.12219499630893176
Fabian Delph,England,8657,43,13,91.0,31.0,30.364452901377952,13.150306023738871,Right Foot,Open Play,Saved,0,0.036182866,0.01483285212874892,0.01783239101494421
Ruben Loftus-Cheek,England,8657,43,14,108.0,45.0,13.0,29.445095454491188,Head,Open Play,Saved,0,0.15455301,0.05774611067764564,0.11014716407414102
Harry Maguire,England,8657,43,19,108.0,37.0,12.36931687685298,32.17837078204991,Head,Open Play,Saved,0,0.057117913,0.04408878248743547,0.03723952787520909
Harry Kane,England,8657,43,22,104.0,41.0,16.0312195418814,25.67729328661793,Right Foot,Open Play,Off T,0,0.09063098,0.09700731383753156,0.0014263940946612655
Raheem Sterling,England,8657,43,23,97.0,29.0,25.495097567963924,14.813616505907321,Right Foot,Open Play,Off T,0,0.03685726,0.02677339416643611,0.00023513177113939208
Youri Tielemans,Belgium,8657,43,29,97.0,40.0,23.0,18.08338308358885,Right Foot,Open Play,Blocked,0,0.04268021,0.03827580128455324,0.027753619294603134
Eden Hazard,Belgium,8657,43,33,106.0,51.0,17.804493814764857,18.651828441073924,Right Foot,Open Play,Blocked,0,0.081707664,0.06843785410758761,0.00021773914698744695
Youri Tielemans,Belgium,8657,43,34,96.0,43.0,24.186773244895647,17.08457144835793,Right Foot,Open Play,Wayward,0,0.033672128,0.03274688740056169,0.00021926033737364214
Toby Alderweireld,Belgium,8657,43,34,110.0,34.0,11.661903789690601,30.838983774222697,Right Foot,Open Play,Off T,0,0.12817407,0.16821474555620938,0.008850520299606653
Kevin De Bruyne,Belgium,8657,43,44,104.0,52.0,20.0,16.853939870657733,Right Foot,Open Play,Blocked,0,0.052199118,0.05171487995756386,7.738493274630903e-05
Romelu Lukaku Menama,Belgium,8657,43,46,104.0,30.0,18.867962264113206,18.873095911633765,Left Foot,Open Play,Blocked,0,0.08785192,0.07987399146163517,0.00012691012018907738
Jesse Lingard,England,8657,43,53,109.0,54.0,17.804493814764857,14.853658981864523,Right Foot,Open Play,Off T,0,0.051518958,0.04184022878683704,0.00031998347842135215
Jesse Lingard,England,8657,43,55,107.0,58.0,22.20360331117452,11.222503680454933,Right Foot,Open Play,Blocked,0,0.010714026,0.035445860097949915,2.659398035783601e-06
Harry Kane,England,8657,43,65,100.0,48.0,21.540659228538015,17.99882172968464,Right Foot,Open Play,Wayward,0,0.03272615,0.04488016628965563,9.707711226935042e-05
Eric Dier,England,8657,43,68,94.0,50.0,27.85677655436824,14.012828265732182,Right Foot,Open Play,Saved,0,0.033268016,0.013246809877782087,0.04237066689600825
Eric Dier,England,8657,43,69,112.0,50.0,12.806248474865697,21.24773692030976,Right Foot,Open Play,Blocked,0,0.44786552,0.12238802680813819,0.16817403019736077
Harry Maguire,England,8657,43,69,110.0,40.0,10.0,40.20525157181436,Head,Open Play,Off T,0,0.09484852,0.10179269448741535,0.00040306852911248914
Eric Dier,England,8657,43,72,109.0,43.0,11.40175425099138,34.626629921099756,Head,Open Play,Off T,0,0.10776293,0.0773805006163016,0.000679492094699922
Harry Maguire,England,8657,43,73,111.0,33.0,11.40175425099138,29.465894784837182,Head,Open Play,Off T,0,0.11155334,0.04596730781460683,0.0006546396701927679
Dries Mertens,Belgium,8657,43,75,104.0,30.0,18.867962264113206,18.873095911633765,Right Foot,Open Play,Off T,0,0.10808491,0.06134321815792043,0.0003478521185703164
Thomas Meunier,Belgium,8657,43,79,109.0,55.0,18.601075237738275,13.608873385238708,Right Foot,Open Play,Saved,0,0.05185313,0.05578650893860596,0.26005642923092825
Marcus Rashford,England,8657,43,79,99.0,23.0,27.018512172212592,12.107133935634494,Right Foot,Open Play,Saved,0,0.025575599,0.02111477461275441,0.0678605585951412
Eden Hazard,Belgium,8657,43,81,112.0,35.0,9.433981132056603,37.75986252514861,Right Foot,Open Play,Goal,1,0.3587584,0.2371185249133545,0.5215142529878234
Denis Cheryshev,Russia,8652,43,1,109.0,56.0,19.4164878389476,12.486608669718098,Right Foot,Open Play,Blocked,0,0.05210773,0.03305043890894768,1.2082328250464416e-05
Artem Dzyuba,Russia,8652,43,4,110.0,52.0,15.620499351813308,17.610829455891675,Right Foot,Open Play,Blocked,0,0.059003275,0.08430311180043369,0.00012829019400442318
Ante Rebić,Croatia,8652,43,6,113.0,42.0,7.280109889280518,52.298860701385024,Head,Open Play,Off T,0,0.26405528,0.17341004224750617,0.011764032707919883
Mario Mandžukić,Croatia,8652,43,10,109.0,43.0,11.40175425099138,34.626629921099756,Right Foot,Open Play,Wayward,0,0.13234654,0.18638763453624205,9.751887916787772e-06
Ivan Rakitić,Croatia,8652,43,15,98.0,23.0,27.80287754891569,11.969765523515807,Right Foot,Free Kick,Off T,0,0.045481052,0.04630732498746276,0.008102413839627018
Ivan Perišić,Croatia,8652,43,27,109.0,50.0,14.866068747318506,21.19893488667229,Head,Open Play,Off T,0,0.08096986,0.03866304630434184,0.0002468167638967999
Denis Cheryshev,Russia,8652,43,30,94.0,34.0,26.68332812825267,15.239203379579005,Left Foot,Open Play,Goal,1,0.054310873,0.031201154237451928,0.2601310278600774
Ante Rebić,Croatia,8652,43,32,94.0,30.0,27.85677655436824,14.012828265732182,Right Foot,Open Play,Blocked,0,0.028538551,0.02012616595354939,4.4203593729411003e-05
Ivan Perišić,Croatia,8652,43,33,115.0,37.0,5.830951894845301,60.6221530947599,Head,Open Play,Wayward,0,0.19544125,0.16633790929085496,0.0015880646384446972
Sergei Ignashevich,Russia,8652,43,36,118.0,27.0,13.152946437965905,5.240892412233984,Right Foot,Open Play,Off T,0,0.013760027,0.08240151557418174,0.007491011085407519
Denis Cheryshev,Russia,8652,43,38,115.0,29.0,12.083045973594572,15.429981061203733,Left Foot,Open Play,Off T,0,0.07732279,0.1482732906578936,0.0027068473487725834
Andrej Kramarić,Croatia,8652,43,38,113.0,38.0,7.280109889280518,52.298860701385024,Head,Open Play,Goal,1,0.27280724,0.17341004224750617,0.2817061623231119
Luka Modrić,Croatia,8652,43,49,88.0,53.0,34.539832078341085,11.231407396675984,Right Foot,Open Play,Off T,0,0.007953062,0.00879151791197895,4.444001844150131e-05
Andrej Kramarić,Croatia,8652,43,51,105.0,40.0,15.0,27.424473717064068,Right Foot,Open Play,Saved,0,0.087689966,0.11220609272802518,0.30210735856809323
Ante Rebić,Croatia,8652,43,57,97.0,20.0,30.479501308256342,10.419077110768171,Right Foot,Open Play,Off T,0,0.010444446,0.013687231754888167,0.0010910806145704739
Ivan Perišić,Croatia,8652,43,59,112.0,44.0,8.94427190999916,41.322619636105216,Right Foot,Open Play,Post,0,0.15534396,0.26443725406352137,0.00406529634069009
Artem Dzyuba,Russia,8652,43,61,110.0,40.0,10.0,40.20525157181436,Head,Open Play,Saved,0,0.053181816,0.06896339880750212,0.1699992762341434
Andrej Kramarić,Croatia,8652,43,62,90.0,31.0,31.32091952673165,12.786804970210383,Right Foot,Open Play,Blocked,0,0.01865522,0.013186548037010873,0.00013192702855371744
Aleksandr Erokhin,Russia,8652,43,71,113.0,44.0,8.06225774829855,44.79698948428266,Head,Open Play,Off T,0,0.18855411,0.13712866030924192,0.009135035105933786
Luka Modrić,Croatia,8652,43,75,105.0,39.0,15.033296378372908,27.31418934907945,Left Foot,Open Play,Blocked,0,0.10036894,0.14293890186807462,0.197898055413347
Šime Vrsaljko,Croatia,8652,43,75,114.0,57.0,18.027756377319946,8.02287264836194,Right Foot,Open Play,Blocked,0,0.015816402,0.052034801357885484,3.81254891692634e-05
Mario Mandžukić,Croatia,8652,43,76,111.0,39.0,9.055385138137417,43.83945443926867,Head,Open Play,Off T,0,0.10643736,0.12156000764726968,0.05907773101976404
Fyodor Smolov,Russia,8652,43,93,117.0,64.0,24.186773244895647,2.2001174974282978,Right Foot,Open Play,Saved,0,0.005061581,0.022803280730728095,0.11997693472793336
Domagoj Vida,Croatia,8652,43,100,110.0,40.0,10.0,40.20525157181436,Head,Open Play,Goal,1,0.10867819,0.10179269448741535,0.3464606704410663
Ilya Kutepov,Russia,8652,43,103,115.0,37.0,5.830951894845301,60.6221530947599,Head,Open Play,Wayward,0,0.16742577,0.23387712219101753,1.6563556152815418e-05
Aleksandr Erokhin,Russia,8652,43,104,114.0,35.0,7.810249675906654,42.69474972272583,Head,Open Play,Off T,0,0.093245715,0.13436982546212128,0.0006655724072791361
Dejan Lovren,Croatia,8652,43,109,101.0,20.0,27.586228448267445,10.538502924524062,Right Foot,Open Play,Saved,0,0.00991792,0.01253834157578822,0.03464016361374886
Daler Kuzyaev,Russia,8652,43,111,103.0,52.0,20.808652046684813,16.51851606472843,Right Foot,Open Play,Saved,0,0.036457207,0.04695423171743331,0.1146439894612971
Mário Figueira Fernandes,Russia,8652,43,114,114.0,41.0,6.082762530298219,61.74460200445838,Head,Open Play,Goal,1,0.24134423,0.2337056140017751,0.5112367078967093
Luka Modrić,Croatia,8652,43,116,99.0,20.0,29.0,10.522259283728081,Right Foot,Open Play,Off T,0,0.009529337,0.016231706844818443,0.0022215195415382295
Roman Zobnin,Russia,8652,43,118,94.0,32.0,27.202941017470888,14.677783940291329,Right Foot,Open Play,Saved,0,0.029163998,0.014504487373429372,0.04519856693789457
Fyodor Smolov,Russia,8652,43,121,109.0,41.0,11.045361017187261,36.55347528286595,Right Foot,Penalty,Saved,0,0.7835,0.76,0.76
Marcelo Brozović,Croatia,8652,43,121,109.0,41.0,11.045361017187261,36.55347528286595,Right Foot,Penalty,Goal,1,0.7835,0.76,0.76
Alan Dzagoev,Russia,8652,43,122,109.0,41.0,11.045361017187261,36.55347528286595,Right Foot,Penalty,Goal,1,0.7835,0.76,0.76
Mateo Kovačić,Croatia,8652,43,123,109.0,41.0,11.045361017187261,36.55347528286595,Right Foot,Penalty,Saved,0,0.7835,0.76,0.76
Mário Figueira Fernandes,Russia,8652,43,124,109.0,41.0,11.045361017187261,36.55347528286595,Right Foot,Penalty,Off T,0,0.7835,0.76,0.76
Luka Modrić,Croatia,8652,43,125,109.0,41.0,11.045361017187261,36.55347528286595,Right Foot,Penalty,Goal,1,0.7835,0.76,0.76
Sergei Ignashevich,Russia,8652,43,125,109.0,41.0,11.045361017187261,36.55347528286595,Right Foot,Penalty,Goal,1,0.7835,0.76,0.76
Domagoj Vida,Croatia,8652,43,126,109.0,41.0,11.045361017187261,36.55347528286595,Right Foot,Penalty,Goal,1,0.7835,0.76,0.76
Daler Kuzyaev,Russia,8652,43,127,109.0,41.0,11.045361017187261,36.55347528286595,Right Foot,Penalty,Goal,1,0.7835,0.76,0.76
Ivan Rakitić,Croatia,8652,43,127,109.0,41.0,11.045361017187261,36.55347528286595,Right Foot,Penalty,Goal,1,0.7835,0.76,0.76
Olivier Giroud,France,7563,43,14,106.0,28.0,18.439088914585774,17.420506066813193,Left Foot,Open Play,Saved,0,0.08902341,0.0808427649450692,0.5273589718239827
Raphaël Varane,France,7563,43,15,112.0,42.0,8.246211251235321,47.00192772116288,Head,Open Play,Off T,0,0.07222413,0.09702908203627872,0.00028793799530477744
Ousmane Dembélé,France,7563,43,32,99.0,60.0,29.0,10.522259283728081,Right Foot,Open Play,Off T,0,0.009843999,0.016231706844818443,8.623820625152069e-05
Antoine Griezmann,France,7563,43,38,101.0,60.0,27.586228448267445,10.538502924524062,Left Foot,Open Play,Saved,0,0.010871868,0.02515599231660615,0.0707009557040844
Ousmane Dembélé,France,7563,43,44,96.0,59.0,30.610455730027933,10.769651795795514,Left Foot,Open Play,Off T,0,0.009946421,0.017987405756395607,0.0029508208258874273
Christian Dannemann Eriksen,Denmark,7563,43,46,95.0,51.0,27.313000567495326,14.025120781171355,Right Foot,Open Play,Blocked,0,0.019755723,0.02140637380228242,1.5188609196519039e-05
Antoine Griezmann,France,7563,43,50,92.0,53.0,30.870698080866262,12.305419938272571,Left Foot,Open Play,Saved,0,0.021117477,0.01192893047890888,0.055094411396151816
Christian Dannemann Eriksen,Denmark,7563,43,53,81.0,44.0,39.20459156782532,10.612541130556098,Right Foot,Free Kick,Saved,0,0.008512876,0.01245653284038182,0.0185039567669851
Thomas Lemar,France,7563,43,54,92.0,40.0,28.0,14.894307713247091,Left Foot,Open Play,Blocked,0,0.026648624,0.026701634795378543,0.020795903057044908
Christian Dannemann Eriksen,Denmark,7563,43,58,101.0,37.0,19.235384061671343,21.306381056670578,Right Foot,Open Play,Off T,0,0.07888575,0.06241663961534531,0.0006046474140352836
Viktor Fischer,Denmark,7563,43,62,91.0,33.0,29.832867780352597,13.612785682588049,Left Foot,Open Play,Blocked,0,0.026548343,0.021057084485490644,0.00021986348265549312
Henrik Dalsgaard,Denmark,7563,43,65,104.0,66.0,30.528675044947494,7.26588195326701,Left Foot,Open Play,Blocked,0,0.0052553928,0.01665734562506675,3.976345271442219e-05
Nabil Fekir,France,7563,43,69,101.0,19.0,28.319604517012593,10.001956570180235,Left Foot,Open Play,Off T,0,0.009661348,0.01506243335403115,0.0008294917542835725
Olivier Giroud,France,7563,43,73,108.0,33.0,13.892443989449804,26.062095388807723,Head,Open Play,Off T,0,0.09807604,0.03214239861958795,7.747038896140199e-05
Olivier Giroud,France,7563,43,78,102.0,54.0,22.80350850198276,14.578756113805929,Left Foot,Open Play,Off T,0,0.03951678,0.047201381194209545,0.02881358110311759
Nabil Fekir,France,7563,43,81,96.0,49.0,25.632011235952593,15.267673523071693,Left Foot,Open Play,Saved,0,0.031210398,0.0351031583267567,0.10266611489286279
Youssouf Sabaly,Senegal,7556,43,5,87.0,40.0,33.0,12.657515489922996,Right Foot,Open Play,Off T,0,0.018103616,0.010857058220288039,0.002705807812089853
Youssouf Sabaly,Senegal,7556,43,10,110.0,23.0,19.72308292331602,11.027910674057145,Right Foot,Open Play,Saved,0,0.018439204,0.04641284320206807,0.15288429771203463
Sadio Mané,Senegal,7556,43,10,116.0,38.0,4.47213595499958,77.28907464377035,Other,Open Play,Goal,1,0.57378894,0.44032693859811467,0.7955113209650682
M'Baye Babacar Niang,Senegal,7556,43,13,116.0,63.0,23.345235059857504,3.1525831414753545,Right Foot,Open Play,Saved,0,0.00702754,0.016919122699809094,0.06419230240836613
Makoto Hasebe,Japan,7556,43,15,95.0,34.0,25.709920264364882,15.779226552579393,Right Foot,Open Play,Blocked,0,0.030451886,0.026757350443836158,0.05862430761528166
Ismaïla Sarr,Senegal,7556,43,21,108.0,43.0,12.36931687685298,32.17837078204991,Right Foot,Open Play,Saved,0,0.13404049,0.16159976164684287,0.5616718548071604
Alfred John Momar N'Diaye,Senegal,7556,43,26,112.0,42.0,8.246211251235321,47.00192772116288,Head,Open Play,Wayward,0,0.11174557,0.09702908203627872,0.13091045326967574
Takashi Inui,Japan,7556,43,33,108.0,29.0,16.278820596099706,19.245090043101133,Right Foot,Open Play,Goal,1,0.03935943,0.05491247890220053,0.331426180213917
M'Baye Babacar Niang,Senegal,7556,43,38,102.0,53.0,22.20360331117452,15.361677345317302,Left Foot,Open Play,Saved,0,0.090780556,0.05135512991445598,0.1416324795561436
Genki Haraguchi,Japan,7556,43,39,101.0,57.0,25.495097567963924,12.323865239963839,Left Foot,Open Play,Off T,0,0.02924008,0.03319651068242426,0.0030175217480272235
Yūya Ōsako,Japan,7556,43,48,112.0,37.0,8.54400374531753,44.493602523459614,Head,Open Play,Saved,0,0.259631,0.12983139475137356,0.4458878161424329
M'Baye Babacar Niang,Senegal,7556,43,49,104.0,54.0,21.2602916254693,14.950785829283978,Right Foot,Open Play,Off T,0,0.064981826,0.0285538319381505,0.0024104327175574324
Papa Alioune N'Diaye,Senegal,7556,43,50,99.0,37.0,21.213203435596427,19.396184443153366,Right Foot,Open Play,Off T,0,0.08816641,0.048100497292118516,0.022766157073621108
M'Baye Babacar Niang,Senegal,7556,43,54,96.0,50.0,26.0,14.849485098314487,Left Foot,Open Play,Saved,0,0.023896396,0.033355936570307367,0.11802304607669886
Takashi Inui,Japan,7556,43,63,108.0,23.0,20.808652046684813,11.823558266352517,Right Foot,Open Play,Post,0,0.039034985,0.04197217907000245,0.0022338658268040205
M'Baye Babacar Niang,Senegal,7556,43,70,115.0,36.0,6.4031242374328485,52.975722991213125,Left Foot,Open Play,Wayward,0,0.40785682,0.46134560715615813,0.0006933876973794778
Moussa Wagué,Senegal,7556,43,70,114.0,52.0,13.416407864998739,14.76824088027571,Right Foot,Open Play,Goal,1,0.075420834,0.09954212266382433,0.24251046877772411
Yūya Ōsako,Japan,7556,43,74,111.0,43.0,9.486832980505138,40.695623908897176,Left Foot,Open Play,Blocked,0,0.095532015,0.30633058878121566,0.37476791885235144
Keisuke Honda,Japan,7556,43,77,113.0,43.0,7.615773105863909,48.96044180379007,Left Foot,Open Play,Goal,1,0.4889436,0.40249811929382767,0.8088077977018253
Cheikh N'Doye,Senegal,7556,43,83,115.0,43.0,5.830951894845301,60.6221530947599,Head,Open Play,Off T,0,0.13177194,0.16633790929085496,0.002224328340999659
Salif Sané,Senegal,7556,43,91,102.0,41.0,18.027756377319946,22.920772146751357,Head,Open Play,Blocked,0,0.052775476,0.028339104939387724,0.028891339179505485
Mame Biram Diouf,Senegal,7556,43,93,112.0,45.0,9.433981132056603,37.75986252514861,Left Foot,Open Play,Off T,0,0.079468675,0.29221767243879204,0.1414648175627598
Hussain Al Mogahwi,Saudi Arabia,7559,43,2,98.0,56.0,27.202941017470888,12.496669059709774,Right Foot,Open Play,Off T,0,0.026144106,0.020878063627853632,0.0002372067237781092
Salem Mohammed Al Dawsari,Saudi Arabia,7559,43,11,94.0,26.0,29.5296461204668,12.498218228161315,Right Foot,Open Play,Off T,0,0.018380644,0.016046911603838046,0.0013143186305874298
Marwan Mohsen,Egypt,7559,43,12,102.0,23.0,24.758836806279895,12.393475578389735,Left Foot,Open Play,Wayward,0,0.021711508,0.02388757837815404,1.4006529513155421e-06
Salem Mohammed Al Dawsari,Saudi Arabia,7559,43,14,99.0,44.0,21.37755832643195,19.112478232174677,Right Foot,Open Play,Off T,0,0.06795994,0.04692239694588696,0.001758523008961947
Mohamed Salah,Egypt,7559,43,21,101.0,48.0,20.615528128088304,18.66997020890223,Left Foot,Open Play,Goal,1,0.10416558,0.06595581647864611,0.17122673637038494
Mohamed Salah,Egypt,7559,43,23,107.0,38.0,13.152946437965905,30.80441838801523,Left Foot,Open Play,Off T,0,0.4475475,0.18435307210759572,0.0039289656967708055
Hattan Babhir,Saudi Arabia,7559,43,24,86.0,36.0,34.23448553724738,12.123483474001555,Left Foot,Open Play,Saved,0,0.015093114,0.012324810841778175,0.03663992892386802
Yasir Gharsan Al Shahrani,Saudi Arabia,7559,43,29,100.0,22.0,26.90724809414742,11.641298809723288,Right Foot,Open Play,Off T,0,0.026268508,0.01391842924810048,0.0026918341689576722
Mohammed Al Burayk,Saudi Arabia,7559,43,31,95.0,60.0,32.01562118716424,10.253955665452931,Right Foot,Open Play,Off T,0,0.009558939,0.01144524151066981,0.0006787407691054846
Mahmoud Ibrahim Hassan,Egypt,7559,43,32,105.0,30.0,18.027756377319946,19.410921706192692,Right Foot,Open Play,Off T,0,0.12628312,0.06800865371945046,0.002434165378243728
Mahmoud Ibrahim Hassan,Egypt,7559,43,33,101.0,29.0,21.95449840010015,16.53068796405916,Right Foot,Open Play,Off T,0,0.054578535,0.027451488276166367,0.0007325292199647409
Salman Mohammed Al Faraj,Saudi Arabia,7559,43,36,103.0,45.0,17.72004514666935,22.487891729925146,Left Foot,Open Play,Blocked,0,0.15514064,0.0978457911609452,0.0724629287567986
Fahad Mosaed Al Muwallad Al Harbi,Saudi Arabia,7559,43,40,108.0,40.0,12.0,33.92341177306582,Right Foot,Penalty,Saved,0,0.7835,0.76,0.76
Abdullah Ibrahim Otayf,Saudi Arabia,7559,43,40,104.0,45.0,16.76305461424021,23.637118232567815,Right Foot,Open Play,Blocked,0,0.11193772,0.08578071665864322,0.22422311582139073
Salman Mohammed Al Faraj,Saudi Arabia,7559,43,50,108.0,40.0,12.0,33.92341177306582,Left Foot,Penalty,Goal,1,0.7835,0.76,0.76
Hattan Babhir,Saudi Arabia,7559,43,53,112.0,54.0,16.1245154965971,13.358339100688104,Right Foot,Open Play,Off T,0,0.047208663,0.07244863115299016,0.013308313670708697
Mahmoud Ibrahim Hassan,Egypt,7559,43,56,108.0,40.0,12.0,33.92341177306582,Head,Open Play,Off T,0,0.10016992,0.04786742771700524,0.0008379292423122835
Hussain Al Mogahwi,Saudi Arabia,7559,43,57,100.0,61.0,29.0,10.031622421223814,Right Foot,Open Play,Blocked,0,0.010199119,0.016036989129724448,3.9211198230777315e-07
Hattan Babhir,Saudi Arabia,7559,43,59,90.0,49.0,31.32091952673165,12.786804970210383,Right Foot,Open Play,Off T,0,0.022161836,0.013186548037010873,0.0011222690677775869
Hussain Al Mogahwi,Saudi Arabia,7559,43,62,96.0,41.0,24.020824298928627,17.312674244671836,Right Foot,Open Play,Off T,0,0.03571275,0.03354248573001499,0.0029950054935101375
Hussain Al Mogahwi,Saudi Arabia,7559,43,68,110.0,49.0,13.45362404707371,23.592948898857642,Head,Open Play,Saved,0,0.09736647,0.04784284156884897,0.08711535885055838
Mohanad Aseri Abu Radiah,Saudi Arabia,7559,43,69,115.0,49.0,10.295630140987,21.565398651263155,Head,Open Play,Saved,0,0.10910001,0.06431090728842005,0.16753399705212751
Mohamed Naser Elsayed Elneny,Egypt,7559,43,70,98.0,51.0,24.596747752497688,15.227472227392244,Right Foot,Open Play,Off T,0,0.040299565,0.029906106622768987,0.0031926161595718485
Salman Mohammed Al Faraj,Saudi Arabia,7559,43,73,88.0,43.0,32.14031735997639,12.938406297424583,Left Foot,Free Kick,Off T,0,0.03069722,0.038538695196562514,0.004768482002385204
Amr Medhat Warda,Egypt,7559,43,76,102.0,22.0,25.45584412271571,11.729409762883616,Right Foot,Open Play,Blocked,0,0.028970212,0.024945648783815298,0.07929878662492407
Mohammed Al Burayk,Saudi Arabia,7559,43,80,95.0,30.0,26.92582403567252,14.421982345626256,Right Foot,Free Kick,Blocked,0,0.06562346,0.05403080093603953,0.00014274807444046431
Salem Mohammed Al Dawsari,Saudi Arabia,7559,43,80,116.0,30.0,10.770329614269007,15.927044512807306,Right Foot,Open Play,Saved,0,0.08890756,0.13372684851223973,0.3603939741203551
Abdullah Ibrahim Otayf,Saudi Arabia,7559,43,90,101.0,58.0,26.1725046566048,11.6997885348843,Right Foot,Open Play,Blocked,0,0.020325344,0.015151523151713607,1.1850780246209578e-05
Salem Mohammed Al Dawsari,Saudi Arabia,7559,43,94,116.0,53.0,13.601470508735444,9.682845500650831,Right Foot,Open Play,Goal,1,0.021029433,0.08700284839268352,0.2516062998382706
Mark Anthony Kaye,Canada,3857276,43,2,96.5,40.7,23.510423220350585,17.689706942187453,Left Foot,Open Play,Blocked,0,0.038882375,0.03125168119917003,0.03238329087821143
Hakim Ziyech,Morocco,3857276,43,3,83.9,45.0,36.444615514503646,11.363937748859653,Left Foot,Open Play,Goal,1,0.024477394,0.00940152154845684,0.05540122736760391
Abdelhamid Sabiri,Morocco,3857276,43,8,86.8,38.4,33.23853185686757,12.55330296537458,Right Foot,Free Kick,Blocked,0,0.02207015,0.025658440458311848,0.028548568855043435
Sofiane Boufal,Morocco,3857276,43,9,107.0,48.3,15.423683088030561,22.97140067935269,Left Foot,Open Play,Wayward,0,0.06158555,0.12513702331747967,2.6169963956087575e-09
Tajon Buchanan,Canada,3857276,43,14,113.3,34.9,8.420213774008356,40.459994985600794,Right Foot,Open Play,Off T,0,0.27914461,0.27205860661562603,0.0001834559140407205
Hakim Ziyech,Morocco,3857276,43,15,97.5,54.0,26.5,13.446565341031876,Left Foot,Open Play,Off T,0,0.022624016,0.03049294415829941,0.0011589909429379707
Youssef En-Nesyri,Morocco,3857276,43,22,107.6,53.2,18.110770276274838,16.093629252873214,Right Foot,Open Play,Goal,1,0.10405799,0.06237460161871195,0.12382756278211847
Abdelhamid Sabiri,Morocco,3857276,43,32,107.9,34.2,13.418271125595869,27.989353975286672,Right Foot,Open Play,Blocked,0,0.09711841,0.1333114344259968,0.001275657651935277
Youssef En-Nesyri,Morocco,3857276,43,47,106.8,46.7,14.803040228277437,25.157288555608435,Right Foot,Open Play,Wayward,0,0.094470315,0.10886511340377167,0.2706281461425426
Alphonso Davies,Canada,3857276,43,57,105.1,41.2,14.948244044034073,27.44000559237651,Left Foot,Open Play,Off T,0,0.051903803,0.14453241228082342,0.0009749398817334733
Atiba Hutchinson,Canada,3857276,43,70,112.2,37.7,8.132035415564786,47.27414292246459,Head,Open Play,Post,0,0.086874224,0.09879234777559653,0.0018481487650473438
Alistair Johnston,Canada,3857276,43,70,118.8,41.6,2.0000000000000027,136.92682389093153,Head,Open Play,Off T,0,0.638813,0.6764300695465322,0.08692921679804812
Harry Maguire,England,3857271,43,7,115.4,29.4,11.555085460523431,15.658684337513932,Left Foot,Open Play,Off T,0,0.23307544,0.1568777170918945,0.005552628899595924
Bukayo Saka,England,3857271,43,26,101.1,55.3,24.316660954991338,13.463006764276832,Left Foot,Open Play,Saved,0,0.028282227,0.03889341497029209,0.06661549110041327
Mason Mount,England,3857271,43,29,113.4,49.1,11.241441188744437,23.153329788418752,Right Foot,Open Play,Off T,0,0.06697492,0.14905553589178958,0.002151305877229522
Harry Maguire,England,3857271,43,31,110.5,40.7,9.525754563287887,41.95856673763438,Head,Open Play,Post,0,0.06988547,0.0755619926652055,0.003777802391681258
Jude Bellingham,England,3857271,43,34,112.0,38.0,8.246211251235321,47.00192772116288,Head,Open Play,Goal,1,0.08285139,0.09702908203627872,0.39055470830509026
Bukayo Saka,England,3857271,43,42,104.1,38.5,15.970597985047403,25.715932855521537,Left Foot,Open Play,Goal,1,0.061030492,0.12574998416282232,0.36805307397993015
Raheem Sterling,England,3857271,43,45,111.0,42.8,9.425497334358543,41.12830196279357,Right Foot,Open Play,Goal,1,0.1885282,0.2528727086610199,0.505613414513155
Alireza Jahanbakhsh,Iran,3857271,43,55,106.4,48.8,16.198765385053264,21.791538332586974,Right Foot,Open Play,Off T,0,0.11232807,0.08727376072600683,0.00499554159915135
Kieran Trippier,England,3857271,43,50,93.9,27.7,28.853076092507013,13.129222024770069,Right Foot,Free Kick,Blocked,0,0.042866398,0.042408011120057945,8.614363587912228e-05
Luke Shaw,England,3857271,43,58,97.9,25.1,26.653705183332388,13.066413579123457,Left Foot,Open Play,Blocked,0,0.021548782,0.029698490446900552,1.5280153410974644e-05
Saeid Ezatolahi Afagh,Iran,3857271,43,60,83.8,35.5,36.47862387755328,11.373702060491514,Right Foot,Open Play,Off T,0,0.0065368367,0.007068468434504524,1.2738586022185215e-05
Bukayo Saka,England,3857271,43,61,105.3,46.3,15.993123522314209,23.938323571383233,Left Foot,Open Play,Goal,1,0.080026746,0.12066908823528964,0.23185098596059575
Mehdi Taremi,Iran,3857271,43,64,109.7,48.0,13.041855696180662,25.695272752560694,Right Foot,Open Play,Goal,1,0.065701395,0.09019744003290173,0.29133828216851965
Mehdi Torabi,Iran,3857271,43,69,103.5,32.3,18.208239892971534,20.78871149919027,Right Foot,Open Play,Blocked,0,0.045791544,0.06887873796401482,0.00035422129771844993
Ahmad Nourollahi,Iran,3857271,43,69,97.8,34.8,22.800877176108823,17.78868246918578,Left Foot,Open Play,Off T,0,0.028478073,0.050959285539211245,0.0017108725879001188
Marcus Rashford,England,3857271,43,70,109.7,47.7,12.860015552090129,26.38496261190823,Left Foot,Open Play,Goal,1,0.40810898,0.1730931745911975,0.2037548328094518
Mehdi Taremi,Iran,3857271,43,76,105.1,54.6,20.860728654579642,14.498691504687313,Right Foot,Open Play,Off T,0,0.06202265,0.029533557856166567,0.002546672100284509
Marcus Rashford,England,3857271,43,83,108.6,50.7,15.634896865665606,19.857778510761037,Left Foot,Open Play,Blocked,0,0.0776978,0.1143716448950664,0.0004945508579440404
Jack Grealish,England,3857271,43,89,112.0,39.9,8.000624975587845,49.16258853408255,Right Foot,Open Play,Goal,1,0.6262809,0.32777391558842195,0.46800163801312444
Sardar Azmoun,Iran,3857271,43,97,110.9,30.5,13.155227098001763,22.645901154640814,Right Foot,Open Play,Saved to Post,0,0.35130003,0.12182391873027137,0.0029071227525280015
Mehdi Taremi,Iran,3857271,43,102,108.0,40.0,12.0,33.92341177306582,Right Foot,Penalty,Goal,1,0.7835,0.76,0.76
Ivan Perišić,Croatia,3857296,43,0,102.9,23.8,23.555254190944318,13.016816672164547,Right Foot,Open Play,Off T,0,0.03397081,0.03184315728199049,0.0004778153332034698
Yannick Ferreira Carrasco,Belgium,3857296,43,9,105.3,27.8,19.103141102970476,17.01924826592426,Right Foot,Open Play,Blocked,0,0.05519996,0.05724763241077863,5.262181916882071e-05
Yannick Ferreira Carrasco,Belgium,3857296,43,10,117.0,29.2,11.208925015361643,11.069779342975528,Right Foot,Open Play,Blocked,0,0.020840297,0.11502748565810343,0.0006390399760500342
Dries Mertens,Belgium,3857296,43,12,105.2,33.9,16.00781059358212,24.041385010366657,Right Foot,Open Play,Off T,0,0.1934709,0.0633051836700792,0.012467668507121903
Axel Witsel,Belgium,3857296,43,24,92.7,34.9,27.772288346479478,14.77095432533979,Right Foot,Open Play,Blocked,0,0.025340356,0.02069984505311845,0.05331970124241476
Marcelo Brozović,Croatia,3857296,43,32,99.8,36.6,20.48414020651099,20.0022032104324,Left Foot,Open Play,Blocked,0,0.054300383,0.06900408805874478,0.16403610406455876
Marko Livaja,Croatia,3857296,43,32,112.2,42.5,8.190848551890088,46.758601075204204,Head,Open Play,Off T,0,0.104244776,0.0970550922671671,0.01679291439213522
Dries Mertens,Belgium,3857296,43,41,116.9,49.2,9.708243919473801,15.676915040107012,Left Foot,Open Play,Wayward,0,0.108029366,0.18719375698837015,2.1403809056822808e-06
Borna Sosa,Croatia,3857296,43,44,94.9,25.7,28.887713651308573,12.612853828216961,Left Foot,Open Play,Off T,0,0.024362085,0.022858449225227395,0.0014525043101863305
Ivan Perišić,Croatia,3857296,43,48,108.5,38.0,11.672617529928752,34.41899451650448,Head,Open Play,Wayward,0,0.08771692,0.07482096450873933,3.151228945943735e-07
Josip Juranović,Croatia,3857296,43,48,103.1,51.5,20.44162420161373,17.006583898006866,Right Foot,Open Play,Off T,0,0.041306578,0.0494542277876954,0.0011922406214739626
Yannick Ferreira Carrasco,Belgium,3857296,43,47,100.9,28.3,22.398660674245676,15.977550599001527,Left Foot,Open Play,Wayward,0,0.026916144,0.05101120871611295,0.000455713756008582
Romelu Lukaku Menama,Belgium,3857296,43,48,117.5,34.2,6.315853069855248,34.633303077774364,Head,Open Play,Saved,0,0.1189759,0.08968837912264438,0.2837154810521009
Mateo Kovačić,Croatia,3857296,43,49,103.9,29.2,19.386851214160586,18.011927689002015,Right Foot,Open Play,Saved,0,0.07960723,0.056823927047088794,0.25272939447792514
Borna Sosa,Croatia,3857296,43,49,94.7,35.3,25.732858372128035,15.931435554074948,Left Foot,Open Play,Off T,0,0.024012579,0.03527197866892457,0.0029780310835893792
Kevin De Bruyne,Belgium,3857296,43,50,100.9,32.5,20.519746587129184,18.929844369787826,Left Foot,Open Play,Off T,0,0.048855886,0.04486206704580348,0.012488115997352821
Marcelo Brozović,Croatia,3857296,43,53,100.6,37.7,19.535864454894238,21.087872249706408,Left Foot,Open Play,Saved,0,0.10219261,0.05260419346443709,0.07795801274079016
Luka Modrić,Croatia,3857296,43,53,105.6,52.9,19.33313218286163,16.303976557419233,Left Foot,Open Play,Saved,0,0.071706615,0.04800928544388311,0.08970373186971387
Yannick Ferreira Carrasco,Belgium,3857296,43,59,112.8,36.3,8.095060222135476,45.31129199695888,Right Foot,Open Play,Blocked,0,0.09935363,0.3046098072714731,0.4557064779890803
Romelu Lukaku Menama,Belgium,3857296,43,59,110.7,45.1,10.606601717798211,34.48563910010342,Right Foot,Open Play,Post,0,0.19960539,0.1405411714787787,0.004089936693915954
Romelu Lukaku Menama,Belgium,3857296,43,61,113.1,42.1,7.21248916810279,52.59418862454324,Head,Open Play,Off T,0,0.30245224,0.17559623612676897,0.007205037444695648
Luka Modrić,Croatia,3857296,43,67,106.7,39.0,13.337541002748592,30.619165545185165,Right Foot,Open Play,Saved,0,0.07160131,0.14222407853452565,0.3233588853021276
Kevin De Bruyne,Belgium,3857296,43,68,111.9,60.4,21.949259668608413,7.2147558304194845,Right Foot,Open Play,Saved,0,0.0061408128,0.02188541050849796,0.001070395199336173
Jan Vertonghen,Belgium,3857296,43,77,112.6,36.5,8.18596359630313,45.29428426731724,Head,Open Play,Blocked,0,0.07045005,0.09394166634553128,0.20497650723326732
Thomas Meunier,Belgium,3857296,43,86,110.5,53.1,16.182088863926065,15.635824366067682,Right Foot,Open Play,Blocked,0,0.04308796,0.07590268536541925,0.17344688601113697
Romelu Lukaku Menama,Belgium,3857296,43,86,115.5,43.8,5.889821729050887,57.118938768285524,Left Foot,Open Play,Off T,0,0.4909717,0.501953807821202,0.011210773708848978
Romelu Lukaku Menama,Belgium,3857296,43,89,117.4,37.3,3.7483329627982607,88.03070657845903,Other,Open Play,Saved,0,0.5721495,0.5280044736759913,0.48537920151169905
Cody Mathès Gakpo,Netherlands,3857274,43,5,100.6,31.0,21.385976713725288,17.737576134247035,Left Foot,Open Play,Goal,1,0.059259485,0.05937669904975945,0.31066523501634485
Enner Remberto Valencia Lastra,Ecuador,3857274,43,10,107.0,30.0,16.401219466856727,20.41999992776933,Left Foot,Open Play,Blocked,0,0.062208217,0.10706252891419524,0.23137535173275647
Moisés Isaac Caicedo Corozo,Ecuador,3857274,43,23,94.8,37.9,25.287348615463824,16.417362751806177,Right Foot,Open Play,Blocked,0,0.030668529,0.028493546787533755,0.045002581273865416
Michael Steveen Estrada Martínez,Ecuador,3857274,43,26,112.1,34.6,9.569221493935652,36.49146799788222,Left Foot,Open Play,Wayward,0,0.069653474,0.2825322919919593,0.5276065273866747
Enner Remberto Valencia Lastra,Ecuador,3857274,43,31,100.6,23.5,25.467822835884505,12.601783352385363,Right Foot,Open Play,Saved,0,0.029882463,0.025447427810232123,0.107495773428776
Enner Remberto Valencia Lastra,Ecuador,3857274,43,46,110.2,47.9,12.58769240170731,26.314489987480066,Head,Open Play,Blocked,0,0.024015462,0.037390490743235416,0.00014701812887699898
Angelo Smit Preciado Quiñónez,Ecuador,3857274,43,47,100.6,54.0,23.924046480476505,14.254730455608149,Right Foot,Open Play,Blocked,0,0.022953799,0.02080812599218094,0.0002911074528247
Pervis Josué Estupiñán Tenorio,Ecuador,3857274,43,47,112.0,44.1,8.98943824718764,40.9794467775352,Left Foot,Open Play,Wayward,0,0.18923391,0.320187136849065,0.5097396065732103
Pervis Josué Estupiñán Tenorio,Ecuador,3857274,43,48,105.8,28.7,18.14745161172775,18.211464497182586,Left Foot,Open Play,Saved,0,0.08083876,0.0848994710082687,0.15891628816186398
Enner Remberto Valencia Lastra,Ecuador,3857274,43,48,116.0,38.1,4.428317965096905,78.0173307556879,Right Foot,Open Play,Goal,1,0.790909,0.6022455790470347,0.7484584597826918
Enner Remberto Valencia Lastra,Ecuador,3857274,43,58,102.0,37.5,18.172781845386247,22.57938206763775,Right Foot,Open Play,Blocked,0,0.09564507,0.0720788286148391,0.0804195081489326
Gonzalo Jordy Plata Jiménez,Ecuador,3857274,43,58,104.2,52.6,20.208908926510603,16.319858640540602,Left Foot,Open Play,Post,0,0.046335444,0.06522680742829046,0.0027325962105445977
Michael Steveen Estrada Martínez,Ecuador,3857274,43,63,105.1,38.0,15.033628969746465,27.15714365166931,Left Foot,Open Play,Wayward,0,0.13418972,0.09794081771444406,0.0009696260542195036
Teun Koopmeiners,Netherlands,3857274,43,65,96.5,40.9,23.517227727774376,17.679871081271116,Left Foot,Open Play,Off T,0,0.04520454,0.0469895043741936,0.015413845926131526
Moisés Isaac Caicedo Corozo,Ecuador,3857274,43,72,103.2,29.4,19.86454127333425,17.879627584996573,Right Foot,Open Play,Blocked,0,0.03323832,0.03581504270928664,5.9888211533640844e-05
Angelo Smit Preciado Quiñónez,Ecuador,3857274,43,80,95.3,57.9,30.50409808533929,11.152645915300912,Right Foot,Open Play,Off T,0,0.007451811,0.013898140766855834,0.002667517645694961
Angelo Smit Preciado Quiñónez,Ecuador,3857274,43,91,98.9,38.2,21.176638071233114,19.545761497002935,Head,Open Play,Saved,0,0.033830326,0.01830619513142024,0.06918414315222181
Sergio Busquets i Burgos,Spain,3857255,43,6,97.0,46.1,23.795167576632025,16.938149686971695,Left Foot,Open Play,Off T,0,0.03268242,0.04477584863170814,0.012237505918301134
Junya Ito,Japan,3857255,43,7,114.0,53.5,14.773286702694158,12.100808072838603,Right Foot,Open Play,Off T,0,0.04214545,0.08125720663158652,0.00116383064992966
Álvaro Borja Morata Martín,Spain,3857255,43,8,109.9,35.6,11.016805344563362,34.40013920669292,Head,Open Play,Saved,0,0.06376064,0.08018907496675667,0.08551112590842784
Álvaro Borja Morata Martín,Spain,3857255,43,11,115.3,38.3,4.997999599839924,71.39076326827066,Head,Open Play,Goal,1,0.33106714,0.22329223705029644,0.19758016269707604
Álvaro Borja Morata Martín,Spain,3857255,43,22,104.7,51.6,19.200260414900626,17.49775813457191,Right Foot,Open Play,Saved,0,0.10093839,0.05728924576885724,0.13441340027382845
Daichi Kamada,Japan,3857255,43,35,107.0,54.5,19.474342094150447,14.579769222192738,Right Foot,Open Play,Blocked,0,0.03356069,0.051897745038248615,2.8386980145601074e-05
Daniel Olmo Carvajal,Spain,3857255,43,41,102.8,35.2,17.857211428439772,22.398784165481405,Right Foot,Open Play,Blocked,0,0.10385344,0.07423852505189896,0.0008704716326019764
Ritsu Doan,Japan,3857255,43,47,100.5,55.8,25.09760944791356,13.03626399917993,Left Foot,Open Play,Goal,1,0.027777622,0.03530012075050527,0.15919759664355082
Ao Tanaka,Japan,3857255,43,50,118.7,40.2,1.3152946437965882,140.7947832134478,Other,Open Play,Goal,1,0.87261814,0.8470573821870844,0.8765442520435393
Takuma Asano,Japan,3857255,43,69,100.5,36.3,19.84792180556947,20.560777278237513,Right Foot,Open Play,Off T,0,0.13121767,0.05739406727062735,5.193209916015847e-05
Marco Asensio Willemsen,Spain,3857255,43,73,104.8,23.5,22.43412579085711,12.795854189219806,Left Foot,Open Play,Blocked,0,0.016301522,0.047111288333801724,9.876857857039867e-06
Daniel Olmo Carvajal,Spain,3857255,43,79,86.3,46.3,34.283815423607685,11.98568529778431,Right Foot,Open Play,Blocked,0,0.01649772,0.009223132124453574,8.973499236711464e-05
Ko Itakura,Japan,3857255,43,82,104.0,39.0,16.0312195418814,25.67729328661793,Head,Open Play,Saved,0,0.0504811,0.03784216011744593,0.056115792468088406
Marco Asensio Willemsen,Spain,3857255,43,84,96.8,52.1,26.165817395984405,14.197635442153066,Left Foot,Open Play,Blocked,0,0.02842248,0.03223297203992305,2.903283429364867e-05
Jordi Alba Ramos,Spain,3857255,43,88,97.9,27.0,25.64000780031082,14.100566037135572,Right Foot,Open Play,Blocked,0,0.0241939,0.02588827488585673,2.7758095545961125e-05
Marco Asensio Willemsen,Spain,3857255,43,88,94.8,61.9,33.38637446623997,9.508968721600949,Left Foot,Open Play,Saved,0,0.007735879,0.012725195446761319,0.01768878464412543
Daniel Olmo Carvajal,Spain,3857255,43,89,111.0,52.0,15.0,17.29322905131749,Right Foot,Open Play,Saved,0,0.12373556,0.08934189435355368,0.257791145379585
Daniel Olmo Carvajal,Spain,3857255,43,95,94.2,57.0,30.897249068485042,11.345463480062303,Right Foot,Open Play,Off T,0,0.008523117,0.013354031591526915,2.20618900013833e-05
Harry Kane,England,3857272,43,9,108.9,42.6,11.400438588054403,34.8763788797781,Right Foot,Open Play,Blocked,0,0.10607713,0.18735946846250207,0.2801179458077
John Stones,England,3857272,43,9,109.2,38.6,10.890362712049582,36.9230846032399,Head,Open Play,Wayward,0,0.04222343,0.05800930559252328,8.354301074617143e-07
Mason Mount,England,3857272,43,10,94.2,27.2,28.800694436072195,13.029862745357422,Right Foot,Open Play,Off T,0,0.019677445,0.017657814921547867,0.0038214131926315367
Haji Wright,United States,3857272,43,16,108.1,43.9,12.522779244241276,31.27216649753183,Head,Open Play,Off T,0,0.048006557,0.04241948920798508,0.0004429859133324392
Weston McKennie,United States,3857272,43,25,110.5,39.5,9.513148795220223,42.04711262203586,Right Foot,Open Play,Off T,0,0.18268152,0.25531194128159074,0.029218598395837833
Yunus Dimoara Musah,United States,3857272,43,28,93.0,25.1,30.838450025901107,11.90313932342359,Right Foot,Open Play,Saved,0,0.016826272,0.013629789433947754,0.07940362976380161
Christian Pulisic,United States,3857272,43,32,106.4,24.4,20.695893312442443,13.491835019656671,Left Foot,Open Play,Post,0,0.023374733,0.05790727139825734,0.003429335306135105
Sergino Dest,United States,3857272,43,40,108.6,51.2,15.981239000778388,19.025226624679814,Left Foot,Open Play,Blocked,0,0.056137927,0.1083628783758402,0.00016311805068959441
Christian Pulisic,United States,3857272,43,42,110.0,42.8,10.384603988597735,37.77780294116891,Head,Open Play,Off T,0,0.05394238,0.0625184009340866,0.0005829307860666583
Bukayo Saka,England,3857272,43,44,113.2,36.1,7.839005038906401,46.00817571525431,Left Foot,Open Play,Off T,0,0.08680134,0.2849855422479638,0.044413390201733544
Mason Mount,England,3857272,43,45,100.1,32.9,21.12865353021816,18.59277204237939,Right Foot,Open Play,Saved,0,0.0710417,0.047629160874903535,0.14499982548221993
Haji Wright,United States,3857272,43,48,106.5,28.3,17.864489917151285,17.911411147614608,Right Foot,Open Play,Blocked,0,0.0422633,0.06683453828914504,8.008813824225488e-05
Weston McKennie,United States,3857272,43,48,99.2,53.9,25.016994223927057,13.960708583680642,Right Foot,Open Play,Off T,0,0.032319076,0.02766768072649326,0.00465050955525979
Christian Pulisic,United States,3857272,43,57,98.8,24.7,26.144406667583798,13.038249309253871,Right Foot,Open Play,Blocked,0,0.025169194,0.023836196419764435,5.915871805251749e-06
Christian Pulisic,United States,3857272,43,61,95.3,40.1,24.700202428320303,16.85703428334579,Left Foot,Open Play,Blocked,0,0.033566043,0.040441890462933824,0.030968194382942345
Marcus Rashford,England,3857272,43,86,105.3,20.7,24.260667756679744,10.59626242590931,Right Foot,Open Play,Saved,0,0.009332121,0.027749794519066822,0.07378420693198136
Harry Maguire,England,3857272,43,90,109.9,37.5,10.404806581575647,37.93085449697126,Head,Open Play,Saved,0,0.05556727,0.06260626933446684,0.19565594445764584
Harry Kane,England,3857272,43,92,111.2,40.8,8.836288813749807,44.880882126893134,Head,Open Play,Off T,0,0.06991791,0.08692973922921272,0.003936140157532909
Yunus Dimoara Musah,United States,3857278,43,8,100.5,38.2,19.58290070444111,21.09089789856859,Left Foot,Open Play,Off T,0,0.045798708,0.07791592156133982,0.031604003777233505
Christian Pulisic,United States,3857278,43,10,110.1,35.6,10.83374358197572,34.8756969855112,Head,Open Play,Saved,0,0.080380306,0.05561640296676849,0.06710795775091231
Joshua Sargent,United States,3857278,43,27,99.0,32.1,22.43680012836055,17.416905455414554,Right Foot,Open Play,Blocked,0,0.040954046,0.040091787442274616,0.00022243245426055948
Timothy Weah,United States,3857278,43,27,109.7,35.9,11.086027241532467,34.548199470052694,Head,Open Play,Saved,0,0.12157792,0.07987425980314987,0.2576720766591508
Sergino Dest,United States,3857278,43,29,101.3,48.2,20.418863827353377,18.737589655122907,Left Foot,Open Play,Blocked,0,0.05512647,0.06747219836948501,0.0003169310511376468
Timothy Weah,United States,3857278,43,32,108.7,54.1,18.069310999592652,14.79833208464914,Right Foot,Open Play,Off T,0,0.04585104,0.060779455844538914,0.00804057176452278
Sergino Dest,United States,3857278,43,36,102.0,50.5,20.838665984174707,17.384158807675366,Right Foot,Open Play,Blocked,0,0.043695714,0.04777465922518099,6.359252438071491e-05
Christian Pulisic,United States,3857278,43,37,115.1,38.7,5.069516742254635,71.06563635614926,Right Foot,Open Play,Goal,1,0.5303789,0.5416863283952401,0.8736716956381149
Joshua Sargent,United States,3857278,43,41,114.2,56.9,17.867568385205637,7.902792657573233,Right Foot,Open Play,Wayward,0,0.011004616,0.05280264536973808,1.0623550582161484e-09
Joshua Sargent,United States,3857278,43,46,110.0,25.2,17.861690849412884,13.468317453308696,Left Foot,Open Play,Saved,0,0.05674209,0.07847727731179249,0.237959891941338
Saman Ghoddos,Iran,3857278,43,51,114.1,38.7,6.041522986797291,61.854435895052056,Head,Open Play,Off T,0,0.39133456,0.1672469627260254,0.027971499169076326
Yunus Dimoara Musah,United States,3857278,43,68,97.0,43.3,23.235533133543548,17.73300178671422,Right Foot,Free Kick,Off T,0,0.080397844,0.08670204708780606,0.008302164990590673
Saeid Ezatolahi Afagh,Iran,3857278,43,69,90.8,21.8,34.407557309405156,10.348843748307567,Right Foot,Open Play,Off T,0,0.006830182,0.00873227568623945,0.0007028125106186416
Morteza Pouraliganji,Iran,3857278,43,92,111.0,35.6,10.017983829094554,37.14579875031781,Head,Open Play,Off T,0,0.21722858,0.06408671993450166,0.0010347384876383207
Mehdi Taremi,Iran,3857278,43,97,111.1,39.5,8.914033879226627,44.59984728068634,Left Foot,Open Play,Saved,0,0.30539662,0.3421546547757882,0.28963897627489443
Haji Wright,United States,3857278,43,99,105.1,23.9,21.936727194365165,13.123449180723384,Left Foot,Open Play,Saved,0,0.057746947,0.050141120539087466,0.00045332281702361454
Noussair Mazraoui,Morocco,3857277,43,6,96.9,32.0,24.446063077722755,16.14228509976457,Right Foot,Open Play,Blocked,0,0.026111592,0.02054551811260976,8.87604376005561e-05
Hakim Ziyech,Morocco,3857277,43,12,101.9,43.3,18.398369492974094,22.1727027951903,Left Foot,Open Play,Blocked,0,0.052363984,0.09050807227808348,0.19357066649308052
Ivan Perišić,Croatia,3857277,43,16,82.9,33.6,37.64797471312367,10.94757280041524,Left Foot,Open Play,Off T,0,0.00976612,0.008109876357780946,0.0008604194320644883
Sofiane Boufal,Morocco,3857277,43,18,96.7,46.7,24.24417455802527,16.53810419455059,Left Foot,Open Play,Blocked,0,0.04188839,0.042207830899678604,0.0002880039409243534
Hakim Ziyech,Morocco,3857277,43,20,94.5,37.4,25.63220630378899,16.173129950035253,Left Foot,Free Kick,Blocked,0,0.06625415,0.08425534605876518,0.1530640704479674
Youssef En-Nesyri,Morocco,3857277,43,24,117.8,31.5,8.780091115700339,14.188873017879734,Left Foot,Open Play,Blocked,0,0.03416934,0.13897304212891268,0.000710741940030858
Nikola Vlašić,Croatia,3857277,43,45,114.7,35.7,6.824954212300618,49.45776883097513,Right Foot,Open Play,Saved,0,0.44776994,0.3599918740684758,0.5492442572782155
Nikola Vlašić,Croatia,3857277,43,46,105.2,33.9,16.00781059358212,24.041385010366657,Right Foot,Open Play,Blocked,0,0.06879163,0.09371205942215612,0.0006532884638853091
Luka Modrić,Croatia,3857277,43,46,98.8,39.3,21.211553455605276,19.56983624824677,Left Foot,Open Play,Off T,0,0.073204115,0.06316656759892864,0.0029134863491774798
Sofiane Boufal,Morocco,3857277,43,50,94.0,38.6,26.037665025881257,15.980816743505944,Left Foot,Open Play,Blocked,0,0.042848527,0.03413665859186495,0.05238802745651713
Noussair Mazraoui,Morocco,3857277,43,50,115.3,29.2,11.778370006074697,15.349489658002941,Head,Open Play,Saved,0,0.07962643,0.03139829302447584,0.000473732227118004
Dejan Lovren,Croatia,3857277,43,51,112.7,38.8,7.397972695272669,52.2769389420549,Left Foot,Open Play,Blocked,0,0.2503287,0.4287263460965908,0.5351938128951403
Achraf Hakimi Mouh,Morocco,3857277,43,64,88.5,31.5,32.626676202150904,12.372943885378922,Right Foot,Open Play,Saved,0,0.019376563,0.011249547556059782,0.0434030246045117
Neco Williams,Wales,3857273,43,2,99.5,23.0,26.63174797117155,12.169393419894169,Right Foot,Open Play,Off T,0,0.023614733,0.014549074823237567,0.0014545593405404632
Sardar Azmoun,Iran,3857273,43,6,97.2,31.2,24.439312592624205,15.951917354959384,Right Foot,Open Play,Saved,0,0.035244513,0.03097607094609546,0.03934197779748919
Kieffer Roberto Francisco Moore,Wales,3857273,43,11,111.6,44.5,9.529428104561159,38.45909137624233,Right Foot,Open Play,Saved,0,0.12850787,0.23829303258458231,0.5174079726605331
Ahmad Nourollahi,Iran,3857273,43,19,95.5,34.0,25.22399651125888,16.06282713627046,Right Foot,Open Play,Blocked,0,0.017788952,0.02845031801078638,0.00021415428560573555
Sardar Azmoun,Iran,3857273,43,22,109.6,34.7,11.672617529928756,31.7848535159937,Head,Open Play,Off T,0,0.07202582,0.04715526394262973,0.002875364029209502
Gareth Frank Bale,Wales,3857273,43,28,88.9,36.5,31.296325662927266,13.259778819129101,Left Foot,Open Play,Saved,0,0.02170084,0.017693265391575137,0.024383898196937613
Harry Wilson,Wales,3857273,43,41,105.5,25.4,20.576928828180364,14.513498857360096,Left Foot,Open Play,Blocked,0,0.030164797,0.06008622065785881,3.106008832275332e-05
Mehdi Taremi,Iran,3857273,43,48,105.7,38.8,14.350261321662401,28.531787767862824,Left Foot,Open Play,Wayward,0,0.08566745,0.15683963721388178,0.3080359886623083
Ahmad Nourollahi,Iran,3857273,43,49,86.4,48.2,34.58612438536587,11.74667223918048,Right Foot,Open Play,Saved,0,0.011584845,0.008857531294961647,0.02281686757645338
Sardar Azmoun,Iran,3857273,43,50,110.0,49.7,13.93161871427725,22.05305978238761,Right Foot,Open Play,Post,0,0.28799564,0.0755203863736901,0.002466902429225967
Ali Gholizadeh,Iran,3857273,43,51,97.2,48.0,24.162781296862327,16.30799263966488,Left Foot,Open Play,Post,0,0.04282673,0.04235470691423223,0.2946116285798532
Sardar Azmoun,Iran,3857273,43,51,111.0,36.2,9.769339793455849,38.76376241462205,Head,Open Play,Saved,0,0.21401532,0.10093132783862055,0.24127989569530778
Kieffer Roberto Francisco Moore,Wales,3857273,43,52,114.4,39.9,5.600892785976173,66.32324306432115,Head,Open Play,Off T,0,0.22100283,0.2655149585987476,0.06853297430395187
Ehsan Hajsafi,Iran,3857273,43,55,104.6,33.1,16.875129629131745,22.557831698444627,Left Foot,Open Play,Blocked,0,0.068153165,0.10695095935874939,0.0007691741012524
Mehdi Taremi,Iran,3857273,43,63,107.1,29.4,16.696406799069077,19.587051238150572,Right Foot,Open Play,Blocked,0,0.075855605,0.05289442868981518,8.193935644503088e-05
Ahmad Nourollahi,Iran,3857273,43,69,90.5,45.6,30.026821343592133,13.664476555516124,Right Foot,Open Play,Blocked,0,0.015279148,0.010257239153252487,0.00010352545519576253
Morteza Pouraliganji,Iran,3857273,43,71,100.8,38.5,19.258504614844842,21.46158747629263,Left Foot,Open Play,Blocked,0,0.05160931,0.08133440847608604,0.11640868498362773
Saeid Ezatolahi Afagh,Iran,3857273,43,72,99.5,49.3,22.510886255321,16.91812748169696,Right Foot,Open Play,Saved,0,0.047915842,0.03929106295246154,0.05886322573339373
Ahmad Nourollahi,Iran,3857273,43,74,85.8,53.5,36.768056788467895,10.593861641923867,Right Foot,Open Play,Blocked,0,0.0072957636,0.0067070200935449315,1.359618638357271e-05
Aaron Ramsey,Wales,3857273,43,82,104.0,53.9,21.194574777522664,15.042172968570949,Right Foot,Open Play,Wayward,0,0.025361432,0.04344360089456445,1.071770085422462e-05
Neco Williams,Wales,3857273,43,82,98.6,51.1,24.107467722678802,15.42409115749112,Right Foot,Open Play,Blocked,0,0.031851415,0.03173680544103982,0.0848725373892605
Ben Davies,Wales,3857273,43,82,101.7,30.8,20.482431496284807,18.25419366352744,Left Foot,Open Play,Saved,0,0.053537875,0.06626104174791789,0.1642579096076842
Karim Ansarifard,Iran,3857273,43,87,99.5,36.2,20.849220608934043,19.605287762907814,Right Foot,Open Play,Blocked,0,0.06399969,0.05030714373868158,0.0005463950020687913
Mehdi Torabi,Iran,3857273,43,87,99.1,39.0,20.923909768492127,19.82263350304998,Right Foot,Open Play,Off T,0,0.051057886,0.050155732680245285,0.0019508963218516024
Neco Williams,Wales,3857273,43,95,89.9,45.0,30.512456472726015,13.501905322515272,Right Foot,Open Play,Wayward,0,0.020104993,0.014712540323873584,1.011643745613002e-05
Brennan Johnson,Wales,3857273,43,95,114.4,52.4,13.605881081355955,13.425722086119618,Right Foot,Open Play,Saved Off Target,0,0.059788406,0.06398496521904672,0.0008912551649258705
Ramin Rezaeian,Iran,3857273,43,95,98.3,52.1,24.845522735495024,14.736622933715983,Right Foot,Open Play,Blocked,0,0.031046849,0.028740891715175132,3.572161467425734e-05
Alireza Jahanbakhsh,Iran,3857273,43,96,99.2,46.5,21.79197099851227,18.258730295780847,Right Foot,Open Play,Blocked,0,0.031239294,0.04392698540016814,0.000262135573393025
Alireza Jahanbakhsh,Iran,3857273,43,97,91.4,24.9,32.34145945995635,11.461224214805759,Right Foot,Open Play,Blocked,0,0.011336825,0.011362175070035991,2.1871000499784724e-05
Roozbeh Cheshmi,Iran,3857273,43,97,95.1,37.5,25.025187311986304,16.562660521339293,Right Foot,Open Play,Goal,1,0.03268815,0.0294455529836787,0.07884283657563917
Ramin Rezaeian,Iran,3857273,43,100,104.8,45.3,16.09751533622503,24.360139901617735,Right Foot,Open Play,Goal,1,0.19933115,0.09351106958388049,0.10968597574638841
Kingsley Coman,France,3857275,43,24,112.3,29.9,12.70039369468522,20.8610431236649,Left Foot,Open Play,Off T,0,0.08786314,0.15662310959751324,0.002375049178987368
Anis Ben Slimane,Tunisia,3857275,43,29,110.9,41.0,9.154780172128651,43.41048456388523,Head,Open Play,Saved,0,0.1007914,0.11921139892048067,0.3028267716315147
Wahbi Khazri,Tunisia,3857275,43,34,95.1,52.3,27.77228834647949,13.522245546815267,Left Foot,Open Play,Saved,0,0.016592033,0.02649294943384697,0.07203650686081367
Youssouf Fofana,France,3857275,43,46,99.9,53.4,24.157193545608724,14.469372624665056,Right Foot,Open Play,Blocked,0,0.041162748,0.030839711376266916,6.029636129819056e-05
Wahbi Khazri,Tunisia,3857275,43,46,97.9,19.8,29.940774873072336,10.38124275681273,Right Foot,Open Play,Off T,0,0.010898009,0.014537637413436113,0.002235968269626088
Aïssa Bilal Laïdouni,Tunisia,3857275,43,51,114.8,22.4,18.35211159512714,6.7127067348453595,Right Foot,Open Play,Off T,0,0.013856714,0.04868188273551679,0.002039352078173639
Wahbi Khazri,Tunisia,3857275,43,57,103.3,37.8,16.844286865284626,24.3322689373467,Left Foot,Open Play,Goal,1,0.15620883,0.07588528634580809,0.20871905334211857
Axel Disasi,France,3857275,43,79,111.3,41.5,8.828363381737299,44.61555670288877,Head,Open Play,Blocked,0,0.061025612,0.08647678811532977,0.09695351316341035
Adrien Rabiot,France,3857275,43,81,113.8,47.7,9.885848471426216,28.28662261890449,Right Foot,Open Play,Wayward,0,0.080746524,0.1888557939618408,0.000423134618168221
Ousmane Dembélé,France,3857275,43,81,95.9,53.5,27.623540685437117,13.241995554029252,Right Foot,Open Play,Saved,0,0.020325886,0.020276746080708945,0.04318097043034728
Adrien Rabiot,France,3857275,43,84,108.7,29.1,15.700318468107579,19.536990144793528,Left Foot,Open Play,Wayward,0,0.06369618,0.11280502119293533,3.0282133868318305e-06
Kylian Mbappé Lottin,France,3857275,43,88,116.8,24.7,15.631058825300352,5.791782866607184,Right Foot,Open Play,Saved,0,0.01194291,0.06404535326858692,0.0018328987316593832
Randal Kolo Muani,France,3857275,43,89,96.4,37.1,23.777510382712478,17.378608629445058,Right Foot,Open Play,Blocked,0,0.041042205,0.03451838170623148,0.06202646675414746
Kylian Mbappé Lottin,France,3857275,43,92,95.6,30.2,26.294486114012578,14.758245397812974,Right Foot,Free Kick,Blocked,0,0.06416701,0.05833268007092638,0.0002515890672350302
Kylian Mbappé Lottin,France,3857275,43,92,87.6,15.0,40.92383168766092,8.12436443238558,Right Foot,Open Play,Saved,0,0.005017159,0.003916830627594998,0.008931300041427542
Marcus Rashford,England,3857261,43,9,104.0,39.5,16.00781059358212,25.746352450205887,Right Foot,Open Play,Saved,0,0.28441095,0.0973955655080044,0.10785416564877189
Phil Foden,England,3857261,43,14,97.4,54.6,26.90576146478668,13.106715629722213,Left Foot,Open Play,Off T,0,0.02354375,0.02890102016888553,0.0002801248928163592
Harry Maguire,England,3857261,43,17,120.0,54.6,14.600000000000001,0.0,Head,Open Play,Off T,0,0.01084097,0.015703566944117394,0.00022690380199813314
Marcus Rashford,England,3857261,43,23,98.2,19.5,29.924738929521173,10.254235980967755,Right Foot,Open Play,Blocked,0,0.010357286,0.01451863492021195,8.080226169785329e-06
Phil Foden,England,3857261,43,37,105.5,47.4,16.279127740760558,22.87176591321736,Left Foot,Open Play,Off T,0,0.05725451,0.11448399489252781,0.006502241570682559
Joe Allen,Wales,3857261,43,38,94.1,47.0,26.829275055431527,15.023065577117263,Right Foot,Open Play,Blocked,0,0.022615774,0.02316375225044979,0.0001398254377370239
Marcus Rashford,England,3857261,43,38,108.4,35.0,12.631706139710497,30.15379874528343,Right Foot,Open Play,Off T,0,0.081256144,0.15094233334519722,0.0004523388828140625
Harry Kane,England,3857261,43,43,101.5,35.7,18.99315666233499,21.299438328004594,Left Foot,Open Play,Blocked,0,0.028181294,0.08333857305579272,0.0011648099176104361
Harry Kane,England,3857261,43,47,101.2,27.6,22.52110121641479,15.572369211277538,Right Foot,Open Play,Blocked,0,0.030065771,0.03799747403210861,3.90358382294751e-05
John Stones,England,3857261,43,47,112.8,55.4,17.0,10.82600427702264,Head,Open Play,Saved,0,0.006450981,0.015612235603008645,0.049471159698230856
Joe Allen,Wales,3857261,43,49,100.7,51.3,22.36470433517957,16.183940948092275,Left Foot,Open Play,Off T,0,0.04109325,0.05145223553392332,0.004205976034394183
Marcus Rashford,England,3857261,43,49,96.1,29.3,26.185874054535592,14.586098238714612,Right Foot,Free Kick,Goal,1,0.05780817,0.058785470505786454,0.347978516431899
Phil Foden,England,3857261,43,50,114.5,34.1,8.06597793203031,37.92786027292531,Left Foot,Open Play,Goal,1,0.44030064,0.32678096966303877,0.363881507735261
Kieffer Roberto Francisco Moore,Wales,3857261,43,55,90.1,22.3,34.74622281630048,10.38818582144917,Right Foot,Open Play,Saved,0,0.00753591,0.008409027435742105,0.02306556272453929
Marcus Rashford,England,3857261,43,67,109.9,50.3,14.425671561490642,20.792474176145213,Left Foot,Open Play,Goal,1,0.096602984,0.1319166756011649,0.17158796568553034
Marcus Rashford,England,3857261,43,71,110.3,52.4,15.743252522906442,16.84882124876228,Right Foot,Open Play,Saved,0,0.13184288,0.08177546766375446,0.000758754796578991
Brennan Johnson,Wales,3857261,43,72,104.5,57.3,23.228000344411914,12.169155883867518,Right Foot,Open Play,Blocked,0,0.02192258,0.032356476615378486,5.964168856598634e-06
Jude Bellingham,England,3857261,43,76,104.3,32.8,17.27223205031707,21.965942377668235,Right Foot,Open Play,Saved,0,0.25030845,0.07822307951615226,0.07334434077902241
Jude Bellingham,England,3857261,43,76,112.7,29.3,12.952991932368365,19.091916497280476,Left Foot,Open Play,Wayward,0,0.24362406,0.1471773791278973,0.114502023360988
Phil Foden,England,3857261,43,76,116.1,39.5,3.9319206502675055,85.86395268297645,Left Foot,Open Play,Off T,0,0.6100251,0.7215411851599879,0.02068032651888767
Harry Wilson,Wales,3857261,43,82,92.6,52.6,30.15824928605771,12.615859947915192,Left Foot,Free Kick,Blocked,0,0.031328887,0.04758740326011011,6.757617429613404e-05
Rubin Colwill,Wales,3857261,43,83,98.3,26.1,25.77013775671368,13.718230715020804,Right Foot,Open Play,Off T,0,0.025066664,0.02527618064540338,0.001762680393257936
Kieffer Roberto Francisco Moore,Wales,3857261,43,86,102.1,34.6,18.69679116854013,21.293945582220708,Right Foot,Open Play,Off T,0,0.058446433,0.06613004473819263,0.006206909138908225
John Stones,England,3857261,43,90,114.4,43.9,6.824221567329121,51.0171129584878,Left Foot,Open Play,Post,0,0.45507616,0.3367782993519271,0.01667589319477727
Phil Foden,England,3857261,43,93,111.0,48.5,12.379418403139947,25.223311578612165,Left Foot,Open Play,Blocked,0,0.09753507,0.17689638307827288,0.0008540906438033157
Bryan Mbeumo,Cameroon,3857290,43,9,109.4,22.7,20.289159667172022,11.024838429750783,Left Foot,Open Play,Saved,0,0.016072592,0.05710493007130378,0.0019848004117054554
Karl Brillant Toko Ekambi,Cameroon,3857290,43,9,108.7,32.1,13.787675656179323,25.084472270782594,Right Foot,Open Play,Off T,0,0.15900026,0.12055446287983682,0.004450803229895736
Granit Xhaka,Switzerland,3857290,43,11,88.1,28.2,34.01249770305028,11.541834122438198,Left Foot,Open Play,Off T,0,0.012105021,0.012459940491295405,0.0012350371265859128
Ngoran Suiru Fai Collins,Cameroon,3857290,43,25,98.8,59.8,29.008274681545608,10.614185923758528,Right Foot,Open Play,Off T,0,0.009452554,0.01625319275548618,0.0017780792199636668
Martin Hongla Yma II,Cameroon,3857290,43,29,110.6,53.8,16.69730517179344,14.534344198651562,Right Foot,Open Play,Saved,0,0.08237888,0.046907225504401656,0.15106317748943124
Nico Elvedi,Switzerland,3857290,43,39,113.3,38.7,6.824954212300623,55.91673273777785,Head,Open Play,Off T,0,0.19001445,0.13657850508724256,0.0010719164564712226
Jean-Eric Maxim Choupo-Moting,Cameroon,3857290,43,40,105.2,53.5,20.0322240402807,15.604650277468387,Right Foot,Open Play,Blocked,0,0.041722767,0.05002763863395583,4.118090402066349e-05
Manuel Obafemi Akanji,Switzerland,3857290,43,45,114.7,38.7,5.457105459856898,67.10460203037924,Head,Open Play,Off T,0,0.15555824,0.2726155646369885,0.0025193682761980103
Breel-Donald Embolo,Switzerland,3857290,43,47,111.9,39.5,8.115417426109387,48.49605975033779,Right Foot,Open Play,Goal,1,0.55189455,0.23623659618696569,0.38118987676262095
Nicolas Alexis Julio N'Koulou Ndoubena,Cameroon,3857290,43,49,116.1,35.1,6.262587324740473,47.867639869560215,Head,Open Play,Saved,0,0.24569963,0.1743406901502351,0.00640806888901606
Jean-Eric Maxim Choupo-Moting,Cameroon,3857290,43,56,119.2,47.9,7.9404030124421245,6.726118338537682,Right Foot,Open Play,Saved,0,0.0123953605,0.14525667837653244,0.002082138092518119
André-Frank Zambo Anguissa,Cameroon,3857290,43,65,107.5,44.3,13.21892582625381,29.557999603228545,Head,Open Play,Saved,0,0.046351306,0.0376920090263097,0.17420332499915112
Ruben Vargas,Switzerland,3857290,43,65,107.5,41.8,12.628935030318273,32.05921727135545,Right Foot,Open Play,Saved,0,0.1977995,0.15719190949777959,0.4648287219511559
Granit Xhaka,Switzerland,3857290,43,88,96.2,37.3,23.95266164750798,17.271218557090567,Left Foot,Open Play,Saved,0,0.048882935,0.04435756659386254,0.10463112265650752
Haris Seferović,Switzerland,3857290,43,94,108.0,45.8,13.328165665236908,28.138439591320292,Left Foot,Open Play,Blocked,0,0.27028984,0.1716504432553592,0.36537950335694697
Otávio Edmilson da Silva Monteiro,Portugal,3857298,43,4,96.6,34.3,24.084227203711567,16.81898989597599,Right Foot,Open Play,Off T,0,0.02513017,0.03291129944586366,4.799924348009534e-05
Rúben Diogo Da Silva Neves,Portugal,3857298,43,5,98.1,36.6,22.162355470481927,18.548186159261828,Right Foot,Open Play,Blocked,0,0.07171052,0.042462075774023784,0.08616480361475905
Cristiano Ronaldo dos Santos Aveiro,Portugal,3857298,43,9,107.7,39.2,12.325988804148734,33.02056456522969,Right Foot,Open Play,Saved,0,0.4577736,0.16516025085486583,0.1970164490806765
Cristiano Ronaldo dos Santos Aveiro,Portugal,3857298,43,12,116.3,43.7,5.232590180780456,62.691138512860796,Head,Open Play,Off T,0,0.2074416,0.18375358251073667,0.0003853883225417143
João Félix Sequeira,Portugal,3857298,43,27,104.2,35.6,16.401219466856723,24.3458232179393,Left Foot,Open Play,Off T,0,0.07848694,0.11681402301338979,0.014421304524515597
Otávio Edmilson da Silva Monteiro,Portugal,3857298,43,35,99.9,32.5,21.453671014537342,18.224348888425308,Right Foot,Open Play,Saved,0,0.045895047,0.04555640474917693,0.07615546295027306
Cristiano Ronaldo dos Santos Aveiro,Portugal,3857298,43,41,110.0,25.1,17.944637081869335,13.343360097748208,Left Foot,Open Play,Blocked,0,0.030432492,0.0775649273814855,3.015168453656803e-05
Alidu Seidu,Ghana,3857298,43,53,88.8,44.2,31.481423093627775,13.148340499024327,Left Foot,Open Play,Off T,0,0.015372672,0.017278931878261922,4.9413038508895816e-05
Mohammed Kudus,Ghana,3857298,43,54,92.9,31.0,28.55538478115817,13.89283063643555,Left Foot,Open Play,Off T,0,0.030134441,0.024482488333954635,0.00025505090137112546
Cristiano Ronaldo dos Santos Aveiro,Portugal,3857298,43,64,108.1,40.1,11.900420160649796,34.18984690946256,Right Foot,Penalty,Goal,1,0.7835,0.76,0.76
Iñaki Williams Arthuer,Ghana,3857298,43,66,91.1,47.3,29.807717121577767,13.589977210306165,Right Foot,Open Play,Blocked,0,0.020453067,0.0159720663756961,8.695535292823556e-05
Thomas Teye Partey,Ghana,3857298,43,68,92.4,52.5,30.29867983922731,12.589547051041661,Right Foot,Open Play,Off T,0,0.021057075,0.009682872417591316,0.002834035365555708
Mohammed Kudus,Ghana,3857298,43,71,90.8,34.5,29.713464961192262,13.810918037948682,Left Foot,Open Play,Saved,0,0.02159481,0.02144633196423075,0.053090850321300405
André Ayew Pelé,Ghana,3857298,43,72,115.6,39.8,4.404543109109054,79.43981684440662,Right Foot,Open Play,Goal,1,0.48524466,0.6113842377927707,0.6780710730401053
João Félix Sequeira,Portugal,3857298,43,77,107.5,52.6,17.748521065147937,16.87609105344102,Right Foot,Open Play,Goal,1,0.21504128,0.06605795105136929,0.2050255260156619
Rafael Alexandre Conceição Leão,Portugal,3857298,43,79,111.7,28.3,14.345033983926282,17.526389360933337,Right Foot,Open Play,Goal,1,0.15539157,0.09618202457183037,0.2583381976628589
Osman Bukari,Ghana,3857298,43,88,113.5,40.2,6.503076195155644,58.730511845777194,Head,Open Play,Goal,1,0.15547352,0.2122694066332377,0.43765190843088425
Mohamed Salisu,Ghana,3857298,43,91,106.9,30.6,16.123585209251686,21.250900218670353,Head,Open Play,Off T,0,0.02431712,0.022262766702783363,5.9442741708184076e-06
Rafael Alexandre Conceição Leão,Portugal,3857298,43,95,95.5,29.9,26.500188678573593,14.592542924616401,Right Foot,Open Play,Blocked,0,0.026070174,0.02378638338264384,9.871528214404877e-05
Osman Bukari,Ghana,3857298,43,97,103.3,12.6,32.08815981012311,6.859083743722631,Right Foot,Open Play,Off T,0,0.0063759447,0.010437001443498383,0.0009515051495515196
Boulaye Dia,Senegal,3857285,43,0,107.0,27.1,18.31420213932346,16.463186482109176,Left Foot,Open Play,Blocked,0,0.034865376,0.08013658686219248,5.214513179260072e-05
Vincent Janssen,Netherlands,3857285,43,3,103.2,34.3,17.74063133036702,22.2006045799669,Left Foot,Open Play,Blocked,0,0.12169348,0.097005583901882,0.0008687529595958653
Ismaïla Sarr,Senegal,3857285,43,8,97.5,44.1,22.870505022845474,17.908437097700492,Left Foot,Open Play,Off T,0,0.059537582,0.03374109992590678,0.001886771682140273
Daley Blind,Netherlands,3857285,43,16,112.8,32.9,10.111874208078344,30.67430489843314,Head,Open Play,Off T,0,0.04866169,0.054479960146474125,0.0006918133153503805
Vincent Janssen,Netherlands,3857285,43,18,98.3,44.3,22.121934815924217,18.45472146155274,Left Foot,Open Play,Blocked,0,0.03382374,0.03715523236171996,0.12494319003014394
Ismaïla Sarr,Senegal,3857285,43,24,102.7,25.9,22.318154045529838,14.642052417196505,Right Foot,Open Play,Blocked,0,0.034923773,0.0380022145209996,0.0003612534346620001
Virgil van Dijk,Netherlands,3857285,43,26,109.4,38.0,10.787029248129436,37.00097934589828,Head,Open Play,Off T,0,0.045367446,0.05877112240892807,0.00014146074232948295
Idrissa Gana Gueye,Senegal,3857285,43,28,100.9,48.4,20.86552180032888,18.3314873398225,Right Foot,Open Play,Blocked,0,0.025139945,0.048720089324291276,0.0001478978495995806
Krépin Diatta,Senegal,3857285,43,28,100.0,56.6,25.991537084212624,12.467145128939704,Left Foot,Open Play,Off T,0,0.03131155,0.03151769889204033,0.0001241505826628804
Youssouf Sabaly,Senegal,3857285,43,32,84.7,54.0,37.974860105074775,10.251785052403699,Right Foot,Open Play,Saved,0,0.0068181115,0.005791805856861479,0.005582694931268321
Steven Berghuis,Netherlands,3857285,43,39,97.2,47.3,23.940133667128926,16.60300144997376,Left Foot,Open Play,Off T,0,0.030127633,0.04371506922832222,0.001444314542202097
Virgil van Dijk,Netherlands,3857285,43,52,111.1,40.2,8.902246907382434,44.691048817609506,Head,Open Play,Off T,0,0.06871433,0.08595466794251264,0.00435056844390055
Youssouf Sabaly,Senegal,3857285,43,53,96.9,57.9,29.223620583356876,11.373300680253267,Right Foot,Open Play,Blocked,0,0.011074076,0.016160098252888055,5.275963183513253e-06
Krépin Diatta,Senegal,3857285,43,57,115.2,50.5,11.545128842936313,16.33363912161441,Right Foot,Open Play,Wayward,0,0.058196757,0.1248231464185872,1.1292766729837614e-05
Steven Berghuis,Netherlands,3857285,43,59,95.3,32.8,25.728000310945276,15.57786432749829,Left Foot,Open Play,Blocked,0,0.038496487,0.03499131352801793,0.1040229818887886
Boulaye Dia,Senegal,3857285,43,64,107.6,56.5,20.64000968992021,12.406469123920429,Right Foot,Open Play,Saved,0,0.04221427,0.043361197480683004,0.000692756890071653
Idrissa Gana Gueye,Senegal,3857285,43,72,103.3,40.4,16.704789732289363,24.710079950063985,Right Foot,Open Play,Saved,0,0.06520781,0.05963664714176526,0.12363583926445884
Cheikh Ahmadou Bamba Mbacke Dieng,Senegal,3857285,43,74,104.3,31.7,17.758941409892653,20.834958236647793,Left Foot,Open Play,Off T,0,0.07416881,0.09387603603006991,0.015047262689124
Ismaïla Sarr,Senegal,3857285,43,81,111.3,40.6,8.720665112249183,45.466923980829144,Head,Open Play,Off T,0,0.06430619,0.08917617048055387,0.009882966769898187
Cody Mathès Gakpo,Netherlands,3857285,43,83,112.3,39.0,7.764663547121668,50.23981280339243,Head,Open Play,Goal,1,0.28603274,0.1585613414750471,0.5569751459243552
Pape Gueye,Senegal,3857285,43,85,93.8,56.8,31.123624467596958,11.351859982423846,Left Foot,Open Play,Saved,0,0.008650101,0.017216562290642095,0.062373405183742875
Ismail Jakobs,Senegal,3857285,43,91,91.0,27.5,31.579265349276255,12.175693445505717,Left Foot,Open Play,Off T,0,0.014392905,0.016684813383892896,0.004964142797943179
Cheikh Ahmadou Bamba Mbacke Dieng,Senegal,3857285,43,92,112.8,35.7,8.386298349093002,42.790337276504125,Head,Open Play,Off T,0,0.16068545,0.1270986106182524,0.04594541207070885
Memphis Depay,Netherlands,3857285,43,98,101.2,50.1,21.341274563624356,17.29189292989576,Left Foot,Open Play,Saved,0,0.102816984,0.05904298068053371,0.06869707055675255
Davy Klaassen,Netherlands,3857285,43,98,109.5,34.8,11.717081547894084,31.814100175356163,Left Foot,Open Play,Goal,1,0.34814927,0.21477020709824834,0.5472083962145919
Joshua Sargent,United States,3857282,43,9,116.0,35.3,6.171709649683792,49.85611898920874,Head,Open Play,Post,0,0.25332773,0.1831749943141382,0.543449842883369
Ethan Ampadu,Wales,3857282,43,13,87.6,43.1,32.547964606100955,12.775434996475349,Right Foot,Open Play,Off T,0,0.013776194,0.011464377546499125,0.0015655689413714923
Sergino Dest,United States,3857282,43,28,90.9,56.6,33.501790996900446,10.872955800746373,Right Foot,Open Play,Off T,0,0.0066337776,0.00981024618907338,0.001100845047735478
Timothy Weah,United States,3857282,43,35,107.7,37.8,12.495199078045934,32.243482172991484,Right Foot,Open Play,Goal,1,0.20100605,0.1106112533265179,0.269586788962077
Ben Davies,Wales,3857282,43,44,114.7,37.5,5.860034129593442,61.637174302830104,Head,Open Play,Off T,0,0.14399761,0.16941463250236483,5.0606115560376335e-05
Kieffer Roberto Francisco Moore,Wales,3857282,43,60,93.4,42.2,26.690822392725178,15.565507404450624,Left Foot,Open Play,Blocked,0,0.032130886,0.03142240093845743,0.06220164988608246
Ben Davies,Wales,3857282,43,63,109.2,38.3,10.932977636490435,36.681205708951985,Head,Open Play,Saved,0,0.18666926,0.08524784451451228,0.17864533114548498
Kieffer Roberto Francisco Moore,Wales,3857282,43,64,116.3,43.4,5.024937810560446,66.36147846646601,Head,Open Play,Off T,0,0.19270518,0.27885143419632386,0.013724872585210952
Haji Wright,United States,3857282,43,74,106.6,46.9,15.072159765607585,24.647496027389007,Head,Open Play,Off T,0,0.027433796,0.027219274735905612,1.2587363404712543e-05
Brenden Aaronson,United States,3857282,43,76,116.3,46.7,7.653757247260986,30.938911338949115,Head,Open Play,Off T,0,0.09428854,0.07149165944820872,0.0015199545771216844
Gareth Frank Bale,Wales,3857282,43,81,108.0,40.0,12.0,33.92341177306582,Left Foot,Penalty,Goal,1,0.7835,0.76,0.76
Brennan Johnson,Wales,3857282,43,88,109.9,56.2,19.090573590125572,11.892691747905724,Right Foot,Open Play,Saved,0,0.042556882,0.05077991508203236,0.001209801197469031
Tyler Adams,United States,3857282,43,91,92.8,35.5,27.569729777420747,14.930377940310377,Right Foot,Open Play,Blocked,0,0.019808901,0.02126117662147527,0.0002940410633316879
Mohammed Al Burayk,Saudi Arabia,3857297,43,7,91.6,24.8,32.21179908046119,11.473743309605808,Right Foot,Open Play,Blocked,0,0.012477021,0.011534828678393063,8.992561717905655e-06
Mohammed Kanoo,Saudi Arabia,3857297,43,12,105.5,54.5,20.506096654409877,14.612816104610225,Right Foot,Open Play,Saved,0,0.03839731,0.046385775867338705,0.30063411368190385
Krystian Bielik,Poland,3857297,43,25,111.7,39.3,8.329465769183518,47.34058171912914,Head,Open Play,Blocked,0,0.075333446,0.09693030274448683,0.08146686851092017
Saleh Khalid Al Shehri,Saudi Arabia,3857297,43,32,108.5,45.0,12.539936203984453,30.335104242271534,Head,Open Play,Wayward,0,0.044610713,0.061980736381012286,1.1225075481855112e-09
Piotr Zieliński,Poland,3857297,43,38,111.9,44.7,9.364827814754522,38.58849566452129,Right Foot,Open Play,Goal,1,0.23496674,0.24234680442103132,0.51317450830202
Robert Lewandowski,Poland,3857297,43,40,112.9,58.5,19.81565038044424,7.802852991115207,Right Foot,Open Play,Wayward,0,0.009729679,0.042535346249927074,2.637304769742535e-09
Salem Mohammed Al Dawsari,Saudi Arabia,3857297,43,45,108.1,40.1,11.900420160649796,34.18984690946256,Right Foot,Penalty,Saved,0,0.7835,0.76,0.76
Mohammed Al Burayk,Saudi Arabia,3857297,43,45,112.7,32.9,10.183319694480772,30.614159504088402,Right Foot,Open Play,Saved,0,0.35719204,0.1925456980462835,0.5632780745042362
Saud Abdullah Abdul Hamid,Saudi Arabia,3857297,43,50,85.9,24.5,37.45744251814317,10.182902406961016,Right Foot,Open Play,Blocked,0,0.005913877,0.0061349813168266225,2.6667182212758788e-06
Mohammed Kanoo,Saudi Arabia,3857297,43,50,104.2,39.3,15.815498727514093,26.03770644127814,Right Foot,Open Play,Off T,0,0.03705331,0.10001514482669666,3.5502342648499445e-05
Salem Mohammed Al Dawsari,Saudi Arabia,3857297,43,53,97.6,21.6,28.988273491189506,11.215504800554717,Right Foot,Open Play,Off T,0,0.010959039,0.016532761729228372,0.00025474077065735677
Salem Mohammed Al Dawsari,Saudi Arabia,3857297,43,54,114.6,36.1,6.661080993352359,51.91751782821251,Left Foot,Open Play,Saved,0,0.16438472,0.44741721492354297,0.6482346517807392
Abdulelah Saad Hameed Al-Malki,Saudi Arabia,3857297,43,54,97.0,40.0,23.0,18.08338308358885,Right Foot,Open Play,Off T,0,0.0391187,0.03827580128455324,0.010460427511105106
Firas Tariq Nasser Al Albirakan,Saudi Arabia,3857297,43,59,112.9,27.5,14.375673897247388,15.051701376650065,Left Foot,Open Play,Off T,0,0.11089649,0.07964777676147757,0.003415082488772183
Mohammed Kanoo,Saudi Arabia,3857297,43,60,107.3,49.4,15.800316452527147,21.47919536596978,Right Foot,Open Play,Off T,0,0.07597345,0.0903576764185528,0.08197443488002291
Arkadiusz Milik,Poland,3857297,43,62,111.0,38.8,9.079647570252934,43.656480717395326,Head,Open Play,Post,0,0.13519733,0.12077513001839736,0.00472704923134256
Robert Lewandowski,Poland,3857297,43,65,115.1,44.4,6.585590330410787,50.11495437027134,Other,Open Play,Post,0,0.25903136,0.2381603762452926,0.00707154894552886
Nawaf Shaker Al Abid,Saudi Arabia,3857297,43,67,95.1,46.7,25.785654926722344,15.629749583371826,Left Foot,Free Kick,Blocked,0,0.0660456,0.081873852878877,0.0006368702593052749
Salem Mohammed Al Dawsari,Saudi Arabia,3857297,43,68,96.0,34.2,24.690889007891148,16.417307670313914,Right Foot,Open Play,Saved,0,0.03677261,0.030459270373467653,0.06371634011428906
Robert Lewandowski,Poland,3857297,43,72,107.3,49.0,15.565667348366407,22.104216412211375,Right Foot,Open Play,Blocked,0,0.09536816,0.09392659343653467,0.00027794779231354237
Abdulelah Saad Hameed Al-Malki,Saudi Arabia,3857297,43,77,103.2,34.7,17.61618573925695,22.49699324029633,Left Foot,Open Play,Off T,0,0.10027991,0.09892773182991993,0.000853298656754952
Krzysztof Piątek,Poland,3857297,43,80,107.4,41.4,12.677539193392377,32.04850121653501,Head,Open Play,Off T,0,0.02819521,0.042483469121925965,0.006702440195348065
Robert Lewandowski,Poland,3857297,43,81,107.2,44.6,13.60147050873544,28.634539649458493,Left Foot,Open Play,Goal,1,0.47824246,0.16895251325216745,0.15415074875675125
Abdulrahman Al-Obood,Saudi Arabia,3857297,43,86,118.0,48.2,8.44037913840368,14.202901236263454,Head,Open Play,Off T,0,0.041744728,0.044231597251370096,0.004076254998922128
Robert Lewandowski,Poland,3857297,43,89,109.9,48.1,12.94681427996864,25.612099375999293,Right Foot,Open Play,Saved,0,0.4181081,0.13272316370207624,0.0016359930743283307
Mohammed Kanoo,Saudi Arabia,3857297,43,95,95.3,32.9,25.700194551792794,15.61061218510488,Right Foot,Open Play,Off T,0,0.046656966,0.026676877132296682,0.0004348058900880888
Memphis Depay,Netherlands,3857294,43,0,114.9,52.7,13.685759021698432,12.115788601738172,Right Foot,Open Play,Off T,0,0.04113277,0.0911495512435156,0.00020805067684766279
Hassan Khalid Al Heidos,Qatar,3857294,43,2,89.6,52.0,32.6827171453048,11.91322467114259,Right Foot,Open Play,Saved,0,0.015712837,0.011051608613671268,0.03505636298448018
Daley Blind,Netherlands,3857294,43,3,114.1,29.0,12.482387592123555,16.870234073615944,Right Foot,Open Play,Saved,0,0.10723932,0.11485024569451875,0.0009054644786852798
Daley Blind,Netherlands,3857294,43,3,115.2,28.6,12.369316876852979,14.126943060114682,Right Foot,Open Play,Off T,0,0.042171385,0.07426536694192594,0.0043958871390785675
Cody Mathès Gakpo,Netherlands,3857294,43,6,93.2,29.5,28.783502219153245,13.532505642739913,Right Foot,Open Play,Blocked,0,0.023612352,0.011780336147623395,1.8067767078193975e-05
Frenkie de Jong,Netherlands,3857294,43,13,96.9,32.3,24.349537983296518,16.26657219276875,Right Foot,Open Play,Blocked,0,0.032602046,0.03152745591455506,0.00021994719586404158
Memphis Depay,Netherlands,3857294,43,13,107.4,31.3,15.311760186209808,22.64768653442962,Right Foot,Open Play,Off T,0,0.14338174,0.0976372507293971,0.00639310020195151
Davy Klaassen,Netherlands,3857294,43,18,113.0,44.5,8.32165848854662,42.532810160119716,Head,Open Play,Off T,0,0.08364612,0.0869777025943377,0.0016779884843148305
Abdelkarim Hassan Al Haj Fadlalla,Qatar,3857294,43,24,109.2,45.5,12.119818480488886,30.63421316392596,Right Foot,Open Play,Off T,0,0.067132466,0.16026936324072028,0.023218842404074482
Memphis Depay,Netherlands,3857294,43,25,113.6,30.5,11.454693361238443,21.68486584510661,Right Foot,Open Play,Blocked,0,0.0753362,0.09721336441229064,0.0002702452014385041
Cody Mathès Gakpo,Netherlands,3857294,43,25,103.3,39.8,16.701197561851668,24.719912059557597,Right Foot,Open Play,Goal,1,0.14035599,0.05967365950270651,0.16551415009033207
Ismaeel Mohammad Mohammad,Qatar,3857294,43,28,93.9,39.3,26.109385285755,15.953946842544585,Right Foot,Open Play,Saved,0,0.03016361,0.01694399114836521,0.028120852446413845
Memphis Depay,Netherlands,3857294,43,47,93.6,49.7,28.12561110447203,13.95538798001838,Right Foot,Open Play,Off T,0,0.029451067,0.019496691277638093,9.094971264323893e-05
Memphis Depay,Netherlands,3857294,43,48,116.4,34.2,6.826419266350399,38.436562077319465,Right Foot,Open Play,Saved,0,0.2959347,0.21816820097317272,0.5760355817738347
Frenkie de Jong,Netherlands,3857294,43,48,117.6,40.3,2.41867732448957,113.24391944367913,Right Foot,Open Play,Goal,1,0.6883914,0.8215882623804105,0.9162942258742803
Abdulaziz Hatem Mohammed Abdullah,Qatar,3857294,43,76,94.7,53.1,28.49034924320865,13.06082773992159,Right Foot,Open Play,Saved,0,0.024495702,0.018302940278160335,0.01720381720362279
Pedro Miguel Correia,Qatar,3857294,43,87,88.8,53.2,33.87742611238345,11.384085320705106,Right Foot,Open Play,Off T,0,0.00621196,0.009518247136796634,1.1924407615722606e-05
Steven Berghuis,Netherlands,3857294,43,91,102.2,59.1,26.108427758101406,11.03308499641027,Left Foot,Open Play,Post,0,0.010698183,0.030046395045347753,0.001887629173611583
Ousmane Dembélé,France,3857266,43,5,97.8,38.0,22.28990803031722,18.579449345743743,Right Foot,Open Play,Blocked,0,0.04759094,0.041899761068239776,0.055891717118978314
Adrien Rabiot,France,3857266,43,9,115.0,45.6,7.507329751649385,40.426616825710624,Head,Open Play,Blocked,0,0.10936305,0.09030487598100008,0.0009147488499646285
Raphaël Varane,France,3857266,43,12,112.4,46.9,10.264989040422785,31.16823196083018,Head,Open Play,Wayward,0,0.0425816,0.054207743185973704,0.0396459835672872
Olivier Giroud,France,3857266,43,14,111.9,38.9,8.174350127074318,47.979917154325754,Head,Open Play,Wayward,0,0.11903284,0.09993501432442901,1.0380128202960388e-05
Adrien Rabiot,France,3857266,43,20,108.9,44.3,11.903780911962377,32.34506791510337,Head,Open Play,Saved,0,0.04225832,0.06956564159667729,0.13561895094652007
Jules Koundé,France,3857266,43,29,109.0,56.2,19.581624038878903,12.275945401143646,Right Foot,Open Play,Blocked,0,0.02881258,0.032282665133467746,0.07661869632637242
Antoine Griezmann,France,3857266,43,32,118.2,23.1,16.995587662684688,2.7385810687612144,Left Foot,Open Play,Saved,0,0.010852635,0.044919599726170045,0.0006974803886296652
Aurélien Djani Tchouaméni,France,3857266,43,32,99.7,39.1,20.319940944796073,20.40272709645059,Right Foot,Open Play,Blocked,0,0.054124165,0.05431766921116243,0.049908535635816084
Ousmane Dembélé,France,3857266,43,32,108.2,48.0,14.256226709757387,24.46473447917751,Left Foot,Open Play,Blocked,0,0.046849832,0.14519720132440442,0.000586641733319407
Adrien Rabiot,France,3857266,43,33,100.1,24.5,25.22419473442116,13.163066776969751,Left Foot,Open Play,Blocked,0,0.02230111,0.034913341426340117,1.3295113705940575e-05
Andreas Evald Cornelius,Denmark,3857266,43,35,107.4,55.8,20.2089089265106,13.142868111080604,Right Foot,Open Play,Off T,0,0.048269883,0.04627527259373162,0.0008252223038761928
Olivier Giroud,France,3857266,43,36,108.6,45.2,12.529964086141673,30.16071702941516,Head,Open Play,Off T,0,0.045027424,0.041272216026121675,0.0004247742156492664
Kylian Mbappé Lottin,France,3857266,43,39,106.0,43.8,14.506550244630871,27.478302399810303,Right Foot,Open Play,Off T,0,0.18605462,0.11813734325183985,0.006260623595556942
Christian Dannemann Eriksen,Denmark,3857266,43,44,83.0,42.5,37.08436328157732,11.247989295177922,Right Foot,Open Play,Off T,0,0.006951803,0.006574438924216031,2.8219686333188824e-05
Kylian Mbappé Lottin,France,3857266,43,47,98.6,18.5,30.334963326168705,9.800856195695168,Right Foot,Open Play,Blocked,0,0.011081066,0.013703455533012679,6.0644225486743044e-05
Kylian Mbappé Lottin,France,3857266,43,55,104.1,30.1,18.730189534545563,19.030880780106294,Left Foot,Open Play,Saved,0,0.03630777,0.08134302113907269,0.42438504862471904
Antoine Griezmann,France,3857266,43,59,102.6,38.8,17.441330224498365,23.65270341856896,Left Foot,Open Play,Off T,0,0.21733604,0.1033865304740864,0.01838138293136494
Kylian Mbappé Lottin,France,3857266,43,60,110.8,31.3,12.662148316932639,24.623264021593464,Right Foot,Open Play,Goal,1,0.08505598,0.13365650644335259,0.1443744421519167
Joachim Andersen,Denmark,3857266,43,67,112.2,43.9,8.720665112249176,42.34243526612843,Head,Open Play,Wayward,0,0.082872435,0.08303157817517491,0.1645524955407474
Andreas Christensen,Denmark,3857266,43,67,113.0,37.6,7.3999999999999995,51.08718065823388,Head,Open Play,Goal,1,0.25384808,0.16717807931083614,0.3419924452090625
Jesper Lindstrøm,Denmark,3857266,43,72,107.4,33.0,14.413882197381795,25.385805309257055,Right Foot,Open Play,Saved,0,0.18929456,0.11386819972769724,0.2542467605404189
Christian Dannemann Eriksen,Denmark,3857266,43,73,93.3,45.1,27.18271509617831,15.077021684463608,Left Foot,Open Play,Blocked,0,0.0264413,0.02939174739959678,0.00036762418175278306
Aurélien Djani Tchouaméni,France,3857266,43,77,113.7,37.7,6.706713054842882,55.593135745522886,Head,Open Play,Blocked,0,0.22405402,0.1957287494699131,0.24148582682085737
Jules Koundé,France,3857266,43,78,110.7,40.7,9.326306878931229,42.77320162346543,Head,Open Play,Off T,0,0.106879756,0.07864654214543448,0.0006850036778284432
Adrien Rabiot,France,3857266,43,79,112.7,47.3,10.32375900532359,29.831840290700203,Left Foot,Open Play,Off T,0,0.080693014,0.23408406791769523,0.04573878557170104
Martin Braithwaite Christensen,Denmark,3857266,43,80,110.0,45.1,11.225417586887358,33.02409646079512,Right Foot,Open Play,Post,0,0.23786028,0.18341212310843083,0.574202639548148
Pierre-Emile Højbjerg,Denmark,3857266,43,83,87.2,48.7,33.93420103671221,11.91221672756011,Right Foot,Open Play,Off T,0,0.015153575,0.00958124947390642,4.388118396984989e-05
Kylian Mbappé Lottin,France,3857266,43,85,117.8,36.5,4.134005321718878,77.07940872182125,Other,Open Play,Goal,1,0.38353118,0.44865437944100073,0.7076825906576177
Joachim Andersen,Denmark,3857266,43,88,94.3,53.4,28.9836160614924,12.820609741240686,Left Foot,Open Play,Blocked,0,0.014218964,0.022727966137216313,1.3616948543691958e-05
Kylian Mbappé Lottin,France,3857266,43,90,99.4,25.5,25.191466809219342,13.643943065975824,Right Foot,Open Play,Saved,0,0.033781487,0.02692359693516355,0.07871458970778185
Joakim Mæhle,Denmark,3857266,43,96,87.5,42.4,32.588494902342454,12.78236713813087,Right Foot,Open Play,Off T,0,0.013632962,0.011413517870590483,0.0008376454909119583
Joshua Kimmich,Germany,3857284,43,13,93.0,31.2,28.397887245356827,13.99400212856372,Right Foot,Open Play,Blocked,0,0.022911863,0.01892371041178358,5.62046874818589e-05
Antonio Rüdiger,Germany,3857284,43,15,110.5,50.6,14.23411395205195,20.179369283449414,Head,Open Play,Off T,0,0.026021937,0.02682156839560663,0.0004782028818074825
Joshua Kimmich,Germany,3857284,43,19,96.9,39.6,23.10346294389652,18.001205839999088,Right Foot,Open Play,Saved,0,0.05193508,0.025010080015492247,0.11537617135021683
İlkay Gündoğan,Germany,3857284,43,25,99.7,29.6,22.808989455914084,16.339709970397713,Right Foot,Open Play,Blocked,0,0.042519,0.03748925741369772,9.472818592726583e-05
İlkay Gündoğan,Germany,3857284,43,27,94.4,42.8,25.75266976451179,16.086617870587208,Right Foot,Open Play,Saved,0,0.041637745,0.02682927914175563,0.03614173407799547
İlkay Gündoğan,Germany,3857284,43,28,105.3,36.8,15.044268011438778,26.809237751532283,Right Foot,Open Play,Blocked,0,0.12241382,0.11018176817677376,0.15933080410059294
İlkay Gündoğan,Germany,3857284,43,32,108.0,40.0,12.0,33.92341177306582,Right Foot,Penalty,Goal,1,0.7835,0.76,0.76
Serge Gnabry,Germany,3857284,43,37,93.1,48.2,28.12205540141048,14.212590632690388,Left Foot,Open Play,Blocked,0,0.028658802,0.02590491709280591,9.392918389190977e-05
Jamal Musiala,Germany,3857284,43,37,108.5,28.3,16.405486887014355,18.219310013240083,Right Foot,Open Play,Blocked,0,0.03933018,0.0786726054947961,9.137764526042779e-05
İlkay Gündoğan,Germany,3857284,43,40,93.3,39.0,26.718720029222958,15.589562366505527,Right Foot,Open Play,Saved,0,0.031919174,0.023780392362049766,0.07087433475878781
Joshua Kimmich,Germany,3857284,43,41,97.0,42.2,23.104977818643324,17.92601919152875,Right Foot,Open Play,Off T,0,0.05113006,0.03768997900379883,0.0049706975419637435
Jamal Musiala,Germany,3857284,43,44,101.9,45.1,18.804786624686805,21.277198909910975,Right Foot,Open Play,Off T,0,0.06614002,0.06533998012225219,0.008737584393731537
Joshua Kimmich,Germany,3857284,43,48,100.3,40.5,19.706344156134087,21.036794226220213,Left Foot,Open Play,Saved,0,0.047906045,0.07680398032712896,0.13040068660005735
Serge Gnabry,Germany,3857284,43,48,114.3,29.9,11.597413504743205,19.010324315472214,Left Foot,Open Play,Wayward,0,0.21508263,0.16760068092091632,0.29341104722835987
Daizen Maeda,Japan,3857284,43,50,111.0,34.3,10.653168542738824,33.35206014917398,Head,Open Play,Off T,0,0.07710243,0.08135506800323779,0.0006677334049528428
Serge Gnabry,Germany,3857284,43,46,108.3,57.9,21.384573879317774,10.920096749825227,Right Foot,Open Play,Post,0,0.013327111,0.03853726032906288,0.0028303888768855296
Daichi Kamada,Japan,3857284,43,49,103.3,47.4,18.26608879864543,20.89230765368288,Right Foot,Open Play,Blocked,0,0.06444196,0.0686177330350436,0.00033963551278428343
Jamal Musiala,Germany,3857284,43,50,107.2,41.0,12.839003076563223,31.744353640173124,Right Foot,Open Play,Off T,0,0.15860753,0.15298825902703309,0.00851113948886612
Takuma Asano,Japan,3857284,43,57,114.7,49.4,10.791200118615166,20.629417046961475,Head,Open Play,Off T,0,0.06737846,0.03979798682973827,0.0003037470810421456
İlkay Gündoğan,Germany,3857284,43,59,103.0,40.0,17.0,24.299972687433765,Right Foot,Open Play,Post,0,0.10696415,0.08494260657590949,0.0012466985886226427
Takuma Asano,Japan,3857284,43,60,106.4,25.8,19.662146373170955,14.935835516658166,Left Foot,Open Play,Off T,0,0.06586899,0.0669805583427175,0.0014083712062278593
Takuma Asano,Japan,3857284,43,65,106.9,26.5,18.811166896287954,15.729905396082913,Left Foot,Open Play,Blocked,0,0.029970925,0.07473726723366474,4.681143805514456e-05
Ko Itakura,Japan,3857284,43,66,112.6,51.3,13.507405376311175,17.766371627213726,Head,Open Play,Blocked,0,0.034016185,0.04138072070706185,0.08347938889155974
Takuma Asano,Japan,3857284,43,67,112.5,51.1,13.396268137059666,18.29360880464842,Right Foot,Open Play,Blocked,0,0.0360808,0.0732963732671104,0.0001155593221598979
Jonas Hofmann,Germany,3857284,43,69,111.1,48.5,12.306908628896213,25.26106660235698,Right Foot,Open Play,Saved,0,0.32657883,0.14038179920329466,0.001447240573298175
Serge Gnabry,Germany,3857284,43,69,103.3,57.9,24.48060456769808,11.785212612270756,Left Foot,Open Play,Saved,0,0.02483029,0.03668186241246546,0.0853175531539283
Serge Gnabry,Germany,3857284,43,70,112.2,43.5,8.549268974596597,43.72547061711234,Head,Open Play,Saved,0,0.11167552,0.12760959532698846,0.314636451911652
Serge Gnabry,Germany,3857284,43,70,117.7,49.5,9.774456506629921,11.582715131718386,Right Foot,Open Play,Saved,0,0.0550312,0.13444162948240268,0.0013323521106020728
Junya Ito,Japan,3857284,43,72,109.2,36.3,11.416216536138405,34.06149991338665,Right Foot,Open Play,Saved,0,0.06845111,0.18400411239420394,0.24723686930752695
Hiroki Sakai,Japan,3857284,43,72,113.4,46.3,9.124143795447324,34.668120846515116,Right Foot,Open Play,Off T,0,0.28772855,0.22967756608585796,0.050759996210841776
Takumi Minamino,Japan,3857284,43,74,112.8,24.4,17.18138527593163,10.593269901180355,Left Foot,Open Play,Saved,0,0.013784891,0.07895026952382958,0.22133436829741884
Ritsu Doan,Japan,3857284,43,74,112.1,41.5,8.041144197189855,48.44307933806867,Left Foot,Open Play,Goal,1,0.4777511,0.3876920356245743,0.5588057283200552
Antonio Rüdiger,Germany,3857284,43,79,115.5,39.4,4.539823785126467,77.64634732768842,Head,Open Play,Off T,0,0.18550046,0.2616554761759089,0.042218785309677376
Takuma Asano,Japan,3857284,43,82,117.7,50.2,10.456098698845572,9.953757482216204,Right Foot,Open Play,Goal,1,0.02668418,0.12115611828208248,0.4531380110118844
Niclas Füllkrug,Germany,3857284,43,89,106.9,41.0,13.138112497615472,31.059807343429796,Head,Open Play,Off T,0,0.031593546,0.0394290181894341,0.0003890632766984311
Antonio Rüdiger,Germany,3857284,43,93,86.2,37.2,33.91577803913688,12.277632389163438,Right Foot,Open Play,Off T,0,0.017847534,0.009688683800470412,1.898293597172313e-05
Leon Goretzka,Germany,3857284,43,94,100.3,40.9,19.720547659738056,21.008160448544658,Right Foot,Open Play,Off T,0,0.088851534,0.05880946254280816,0.0006023064657554013
Niklas Süle,Germany,3857284,43,97,116.5,31.6,9.099999999999998,20.258482436302593,Right Foot,Open Play,Blocked,0,0.07610536,0.172557300085981,0.0010087103891606153
Youssef Msakni,Tunisia,3857254,43,2,92.6,52.0,29.912539176739916,12.820207737792789,Right Foot,Open Play,Blocked,0,0.023819994,0.015487116102386147,6.031142738085531e-05
Issam Jebali,Tunisia,3857254,43,4,114.0,54.8,15.9699718221417,10.301324334842361,Left Foot,Open Play,Blocked,0,0.014059674,0.08912349048680614,4.273576107410219e-05
Mohamed Dräger,Tunisia,3857254,43,10,93.4,44.5,26.977953962448666,15.245541688959552,Right Foot,Open Play,Blocked,0,0.033114884,0.022903340233938033,0.06978452766970973
Youssef Msakni,Tunisia,3857254,43,11,114.7,29.6,11.67261752992875,17.525514805605773,Head,Open Play,Off T,0,0.04366076,0.05034264291457348,0.0048061065287211425
Kasper Dolberg,Denmark,3857254,43,22,115.3,32.5,8.850988645343527,27.91220199371178,Right Foot,Open Play,Blocked,0,0.124032564,0.2062696144699565,0.0014037984895094605
Joachim Andersen,Denmark,3857254,43,22,99.7,30.3,22.498444390668432,16.780350875550177,Left Foot,Open Play,Saved,0,0.02765422,0.05142774315488407,0.3202247419022395
Pierre-Emile Højbjerg,Denmark,3857254,43,32,95.4,19.0,32.34439673266453,9.890618857648015,Right Foot,Open Play,Saved,0,0.008709067,0.010925783202376747,0.022142489005676128
Yassine Meriah,Tunisia,3857254,43,38,111.4,49.3,12.666885963013952,23.175112277288857,Right Foot,Open Play,Blocked,0,0.046073906,0.1294579353060362,0.000350861544425612
Aïssa Bilal Laïdouni,Tunisia,3857254,43,38,115.0,52.2,13.18483977907961,12.850222718215273,Right Foot,Open Play,Off T,0,0.06712157,0.0976521669636728,0.010066331357543395
Issam Jebali,Tunisia,3857254,43,42,112.0,44.9,9.381364506296512,38.126067400236145,Right Foot,Open Play,Saved,0,0.4656446,0.23988263037960864,0.5388439066451848
Ellyes Joris Skhiri,Tunisia,3857254,43,42,99.8,40.9,20.220039564748635,20.501227731535796,Left Foot,Open Play,Off T,0,0.059586592,0.07181242552717879,0.0023650986747352516
Issam Jebali,Tunisia,3857254,43,45,112.1,47.5,10.893117092916981,28.782611888594833,Head,Open Play,Wayward,0,0.11338296,0.04782355305733876,0.0005560561857639728
Youssef Msakni,Tunisia,3857254,43,45,114.7,48.7,10.187246929372039,23.230623819035973,Right Foot,Open Play,Off T,0,0.07208876,0.1653975111187452,0.0014328168481179085
Mohamed Dräger,Tunisia,3857254,43,50,92.2,49.3,29.31433096626972,13.525940857929838,Right Foot,Open Play,Blocked,0,0.020917216,0.016864217536165158,8.512172341895628e-05
Ellyes Joris Skhiri,Tunisia,3857254,43,52,99.5,39.6,20.503902067655318,20.23816107359832,Right Foot,Open Play,Blocked,0,0.041405495,0.0530318750647299,0.04225586770385409
Dylan Daniel Mahmoud Bronn,Tunisia,3857254,43,52,103.9,36.4,16.497575579460147,24.485645310720553,Right Foot,Open Play,Blocked,0,0.059058707,0.08993191555900105,0.17206382601778306
Kasper Dolberg,Denmark,3857254,43,56,117.0,35.0,5.830951894845301,46.824151501629444,Head,Open Play,Wayward,0,0.25651878,0.1777720992110586,9.609299230410721e-05
Christian Dannemann Eriksen,Denmark,3857254,43,68,99.2,36.8,21.044714300745447,19.519864706040043,Left Foot,Open Play,Saved,0,0.08509644,0.0642388467943268,0.1642631352538635
Andreas Christensen,Denmark,3857254,43,69,117.4,37.0,3.9698866482558377,82.9182647820113,Head,Open Play,Wayward,0,0.27134958,0.30155712199822193,0.4947338493964252
Andreas Evald Cornelius,Denmark,3857254,43,69,118.2,43.9,4.2953463189829035,69.01285887765752,Head,Open Play,Post,0,0.5683119,0.31006926733203,0.008035360679686038
Mathias Jensen,Denmark,3857254,43,75,102.5,24.2,23.577319610167734,13.285971348882098,Right Foot,Open Play,Off T,0,0.02872357,0.03197246995926755,0.0002577139113939272
Andreas Evald Cornelius,Denmark,3857254,43,91,114.4,36.8,6.449806198638836,55.470222097897036,Head,Open Play,Saved,0,0.14539434,0.14040473160743577,0.29610684428915096
Joakim Mæhle,Denmark,3857254,43,91,95.0,30.2,26.852187992787478,14.499295325468523,Right Foot,Open Play,Blocked,0,0.028684001,0.022810359131852236,4.810330536773873e-05
Andreas Evald Cornelius,Denmark,3857254,43,96,108.8,46.4,12.89961239727768,28.18364022577796,Head,Open Play,Saved,0,0.022084296,0.037780565910968,0.319133268875041
Robert Lewandowski,Poland,3857265,43,6,110.6,37.2,9.808159868191387,39.725575980745276,Head,Open Play,Blocked,0,0.056964528,0.06961577779626099,0.000942148417833083
Héctor Alfredo Moreno Herrera,Mexico,3857265,43,11,114.5,42.4,6.000833275470998,60.67669058124013,Head,Open Play,Off T,0,0.1766503,0.16382742012928334,0.0170304012327028
Ernesto Alexis Vega Rojas,Mexico,3857265,43,25,113.2,34.6,8.68331733843696,38.75686052208266,Head,Open Play,Off T,0,0.098180205,0.07676095844013146,0.0011509758933524402
Ernesto Alexis Vega Rojas,Mexico,3857265,43,43,108.5,23.7,19.94843352245985,12.34774828624942,Left Foot,Open Play,Blocked,0,0.025630916,0.061127220018876806,2.0316175351787296e-05
Jorge Eduardo Sánchez Ramos,Mexico,3857265,43,44,110.1,60.7,22.945587811167538,8.038965803465446,Right Foot,Open Play,Saved,0,0.0069717234,0.030214208276415067,0.27944283833033673
Luis Gerardo Chávez Magallón,Mexico,3857265,43,46,92.1,56.9,32.61931942882929,11.00038383868205,Left Foot,Open Play,Blocked,0,0.008207667,0.009462254937039755,1.5033661029196304e-06
Hirving Rodrigo Lozano Bahena,Mexico,3857265,43,51,93.9,25.2,30.00416637735499,12.15723883758455,Right Foot,Open Play,Saved,0,0.02413981,0.015078778515515296,0.026271832317882975
Robert Lewandowski,Poland,3857265,43,57,108.1,40.0,11.900000000000006,34.19192403489305,Right Foot,Penalty,Saved,0,0.7835,0.76,0.76
Jakub Kamiński,Poland,3857265,43,57,113.4,48.8,10.999999999999995,24.179027562681096,Right Foot,Open Play,Blocked,0,0.10166888,0.15596544413928187,0.000582900927534727
Ernesto Alexis Vega Rojas,Mexico,3857265,43,59,107.9,29.9,15.761345120261783,20.649569815676266,Right Foot,Open Play,Blocked,0,0.0609232,0.08903086127371243,0.00021884614528631035
Henry Josué Martín Mex,Mexico,3857265,43,63,106.7,35.1,14.173919711921608,27.439233621682742,Head,Open Play,Saved,0,0.06434309,0.04844550025398293,0.06338413083527221
Ernesto Alexis Vega Rojas,Mexico,3857265,43,65,102.7,60.6,26.90074348414928,10.109415344182073,Right Foot,Open Play,Off T,0,0.009746956,0.020375928734602006,0.003765806609904817
Ernesto Alexis Vega Rojas,Mexico,3857265,43,79,93.0,24.5,31.132780152116194,11.682299972841752,Right Foot,Open Play,Off T,0,0.014301864,0.013109582014015518,0.00018103570669826283
Jakub Piotr Kiwior,Poland,3857265,43,81,113.3,41.7,6.912307863514186,54.96597564525312,Head,Open Play,Wayward,0,0.12449861,0.13263708567058038,0.0011663658033343523
Jakub Kamiński,Poland,3857265,43,93,109.4,24.8,18.531055015837598,13.23129133943419,Left Foot,Open Play,Saved,0,0.04959144,0.04872801373882154,0.0015920422452513035
Grzegorz Krychowiak,Poland,3857265,43,95,90.9,48.7,30.372685096974877,13.187065307322415,Right Foot,Open Play,Off T,0,0.02170277,0.014832418191363576,0.0009501110861561057
Carlos Uriel Antuna Romero,Mexico,3857265,43,95,101.9,56.4,24.424782496472712,12.79981567572751,Left Foot,Open Play,Saved,0,0.0400392,0.025048794609227144,0.0928381187232422
Ismaïla Sarr,Senegal,3857301,43,3,113.5,52.4,14.000357138301863,14.603676101480929,Right Foot,Open Play,Off T,0,0.07323868,0.06303269965644301,0.0011148510588522129
Nampalys Mendy,Senegal,3857301,43,8,93.8,39.3,26.20934947685654,15.893915999162845,Right Foot,Open Play,Off T,0,0.025409508,0.02536941918325532,0.00036203696826419163
Akram Hassan Afif,Qatar,3857301,43,14,92.5,41.5,27.54087870784082,15.118305207145742,Right Foot,Open Play,Off T,0,0.019990891,0.02142877960429684,0.0032717969014003727
Krépin Diatta,Senegal,3857301,43,15,111.2,26.7,15.947727110782903,14.968449406701996,Left Foot,Open Play,Saved,0,0.039485876,0.06720758770106468,0.0016922866507776346
Famara Diedhiou,Senegal,3857301,43,16,112.9,38.6,7.2367119605522445,53.13334806225326,Head,Open Play,Off T,0,0.14633009,0.1771488416070242,0.0025002052866999244
Idrissa Gana Gueye,Senegal,3857301,43,23,95.4,52.7,27.684833393033085,13.448166965087696,Right Foot,Open Play,Off T,0,0.029332913,0.02023885386803221,0.000208524445442306
Abdelkarim Hassan Al Haj Fadlalla,Qatar,3857301,43,25,93.6,20.3,32.940097146183405,10.22210887329109,Left Foot,Open Play,Blocked,0,0.009041326,0.013625361289340951,6.919229134628326e-07
Boulaye Dia,Senegal,3857301,43,40,107.2,33.3,14.447491131680959,25.625624489284757,Right Foot,Open Play,Goal,1,0.23054633,0.11408254094313146,0.2304126286550726
Famara Diedhiou,Senegal,3857301,43,47,112.5,48.1,11.039021695784461,26.8465652305065,Head,Open Play,Goal,1,0.038498666,0.0671578205171305,0.26918449994931964
Abdelkarim Hassan Al Haj Fadlalla,Qatar,3857301,43,54,111.6,39.3,8.429116205154614,46.842948806866175,Right Foot,Open Play,Blocked,0,0.16305494,0.30456635686180616,0.23129033319212242
Ismaïla Sarr,Senegal,3857301,43,56,112.1,27.2,15.041608956491327,15.199182666776773,Left Foot,Open Play,Blocked,0,0.030363984,0.1095894729796271,7.617201597792775e-05
Famara Diedhiou,Senegal,3857301,43,58,108.8,48.6,14.120906486483086,23.78614688512518,Right Foot,Open Play,Blocked,0,0.05329144,0.07703627508131677,0.00025235399989290906
Abdelkarim Hassan Al Haj Fadlalla,Qatar,3857301,43,60,89.5,22.9,34.9665554494577,10.46042170146006,Right Foot,Open Play,Off T,0,0.006098259,0.00821461929243894,0.00012900803448794723
Almoez Ali Zainalabiddin Abdulla,Qatar,3857301,43,62,102.6,34.4,18.278949641595936,21.659314019688807,Left Foot,Open Play,Saved,0,0.21404111,0.09058442908963275,0.19999390839877826
Ismaeel Mohammad Mohammad,Qatar,3857301,43,66,113.2,40.5,6.818357573492311,56.381393712991716,Other,Open Play,Saved,0,0.3277431,0.26251299442215337,0.3125653240149493
Nampalys Mendy,Senegal,3857301,43,68,107.3,53.4,18.46212338816963,15.849195098368847,Right Foot,Open Play,Off T,0,0.067961,0.059704008388234246,0.002755368841329315
Mohammed Muntari,Qatar,3857301,43,77,110.1,38.7,9.9849887330933,40.01947729995087,Head,Open Play,Goal,1,0.072239615,0.06877649359965833,0.20400463010067962
Boulaye Dia,Senegal,3857301,43,80,107.1,38.8,12.955693729013516,31.44015191902795,Head,Open Play,Wayward,0,0.052429575,0.040601805071170456,1.2696200974440808e-07
Cheikh Ahmadou Bamba Mbacke Dieng,Senegal,3857301,43,83,107.8,45.3,13.301503674397118,28.638377431251183,Right Foot,Open Play,Goal,1,0.11607656,0.13677852654762868,0.3405494460056219
Abdelkarim Hassan Al Haj Fadlalla,Qatar,3857301,43,88,95.4,52.1,27.41477703721115,13.709119476647553,Left Foot,Open Play,Off T,0,0.023370314,0.027702138312792616,0.0004284966431730625
Mohammed Muntari,Qatar,3857301,43,89,110.5,39.5,9.513148795220223,42.04711262203586,Head,Open Play,Blocked,0,0.06740542,0.07581850737719792,0.06307870855598934
Almoez Ali Zainalabiddin Abdulla,Qatar,3857301,43,93,97.1,41.8,22.970633426181358,18.054061494583735,Left Foot,Open Play,Off T,0,0.057101198,0.05033763053974009,0.004651227826632267
Michy Batshuayi Tunga,Belgium,3857268,43,0,91.7,31.8,29.464045886469833,13.623681071288857,Right Foot,Open Play,Saved,0,0.017552001,0.016620412743996414,0.023439573300486922
Stephen Antunes Eustáquio,Canada,3857268,43,1,109.8,50.0,14.284257068535279,21.38730522102868,Right Foot,Open Play,Blocked,0,0.0798905,0.10556615337798035,0.0003540839443603118
Jonathan David,Canada,3857268,43,6,111.4,42.8,9.044335243676004,42.62310571004346,Right Foot,Open Play,Blocked,0,0.12589528,0.2685385869819122,0.3982445712341451
Tajon Buchanan,Canada,3857268,43,7,106.2,35.6,14.484474446799922,27.21796243590773,Right Foot,Open Play,Blocked,0,0.05664073,0.11772492203660188,0.26353704837550973
Alphonso Davies,Canada,3857268,43,10,108.1,40.1,11.900420160649796,34.18984690946256,Left Foot,Penalty,Saved,0,0.7835,0.76,0.76
Jonathan David,Canada,3857268,43,10,110.4,34.6,11.014535850411486,33.069054763260986,Right Foot,Open Play,Off T,0,0.20472932,0.18725111870551453,0.056501890635513814
Richie Laryea,Canada,3857268,43,12,105.0,56.4,22.225210910135363,12.87009627034298,Left Foot,Open Play,Off T,0,0.033730526,0.03209875388192833,0.00023245895886507578
Jonathan David,Canada,3857268,43,12,107.7,45.9,13.641847382227962,27.534386692967313,Left Foot,Open Play,Blocked,0,0.08619453,0.1644851517033181,0.0015279215292158446
David Junior Hoilett,Canada,3857268,43,15,104.9,53.9,20.523644900455665,15.164480959470524,Left Foot,Open Play,Off T,0,0.04071268,0.06136474820416265,0.0004249635109262225
Michy Batshuayi Tunga,Belgium,3857268,43,22,112.3,50.2,12.780062597655776,20.60246569964733,Right Foot,Open Play,Blocked,0,0.04664896,0.12098633542941128,0.0002259081833577854
Atiba Hutchinson,Canada,3857268,43,26,98.1,44.7,22.398660674245686,18.17476093936017,Right Foot,Open Play,Off T,0,0.04634635,0.04099982979838444,0.0006373007352043562
Alistair Johnston,Canada,3857268,43,29,108.1,56.3,20.181674856165927,12.469702747835745,Right Foot,Open Play,Saved,0,0.033541974,0.04567475716025066,0.22677091058695564
Jonathan David,Canada,3857268,43,30,104.4,37.5,15.799050604387588,25.800294406840482,Right Foot,Open Play,Blocked,0,0.08845105,0.09965207958197375,0.1366808120737564
Jonathan David,Canada,3857268,43,31,111.1,34.1,10.678014796768176,32.920529710915424,Head,Open Play,Off T,0,0.088843234,0.08034056040383371,0.0017201133878564424
Michy Batshuayi Tunga,Belgium,3857268,43,32,111.8,51.3,13.961733416735903,18.29636891025707,Right Foot,Open Play,Off T,0,0.08121458,0.10183854890816413,0.000492887666884174
Michy Batshuayi Tunga,Belgium,3857268,43,43,109.0,36.1,11.670903992407785,33.249788251626825,Left Foot,Open Play,Goal,1,0.24992359,0.2218026984521678,0.4339409715202183
Tajon Buchanan,Canada,3857268,43,46,112.6,42.5,7.810889834071409,48.68409462861666,Left Foot,Open Play,Off T,0,0.29588586,0.2994910528047566,0.04518400219855087
Stephen Antunes Eustáquio,Canada,3857268,43,48,100.5,38.5,19.557607215607945,21.142475853120363,Right Foot,Open Play,Blocked,0,0.048581414,0.060046759867748795,0.0548751328917016
Jonathan David,Canada,3857268,43,47,111.7,36.9,8.860022573334673,43.021252855670575,Head,Open Play,Off T,0,0.120068476,0.08310096281417045,0.0009437498573062755
Stephen Antunes Eustáquio,Canada,3857268,43,49,97.8,52.7,25.57596527992639,14.231365774443887,Right Foot,Open Play,Off T,0,0.03604073,0.026158228422762702,5.9505719239687157e-05
Tajon Buchanan,Canada,3857268,43,62,98.3,34.5,22.386156436512277,18.038905424582115,Right Foot,Open Play,Off T,0,0.0587075,0.04092301051069935,0.014225372938682621
Richie Laryea,Canada,3857268,43,66,101.7,54.6,23.4104677441524,14.065731242404645,Right Foot,Open Play,Off T,0,0.022910038,0.03319295559101335,0.00026668194076785484
Michy Batshuayi Tunga,Belgium,3857268,43,66,103.9,43.0,16.377118183612154,24.820604313974815,Right Foot,Open Play,Blocked,0,0.0897183,0.09177019433128408,0.16958700963650042
Jonathan David,Canada,3857268,43,76,103.1,38.1,17.00646935727696,24.156365232155423,Left Foot,Open Play,Blocked,0,0.04574546,0.10934569527171044,0.14695917120495694
Cyle Larin,Canada,3857268,43,79,108.2,44.1,12.491997438360285,31.194541081152657,Head,Open Play,Saved,0,0.07200206,0.06356988569758111,0.1840446919089608
Leander Dendoncker,Belgium,3857268,43,84,112.5,43.5,8.276472678623424,44.893538405240626,Head,Open Play,Off T,0,0.08894938,0.09221542681501636,0.005142355644501808
Kevin De Bruyne,Belgium,3857268,43,85,96.6,39.5,23.40534127074417,17.771450455533856,Right Foot,Open Play,Off T,0,0.061057936,0.03631888762521428,0.008719741023603969
Cyle Larin,Canada,3857268,43,85,111.7,37.5,8.668333173107731,44.53771645157071,Head,Open Play,Off T,0,0.111036494,0.08778892693839538,0.010707094124930672
Thomas Meunier,Belgium,3857268,43,90,98.0,55.5,26.911893281595777,12.764572952734433,Right Foot,Open Play,Blocked,0,0.025805552,0.021716713140009596,2.6243587115606175e-05
Kevin De Bruyne,Belgium,3857268,43,90,114.3,59.2,20.028230076569425,6.141949371186243,Right Foot,Open Play,Saved,0,0.009170555,0.03992620927746545,0.13675133177976553
Cyle Larin,Canada,3857268,43,91,111.1,36.1,9.716995420396168,38.80116384725468,Head,Open Play,Blocked,0,0.06675813,0.06880376192772047,0.1706595943511872
Silvan Widmer,Switzerland,3857269,43,5,114.9,30.0,11.225417586887355,18.340508470886416,Right Foot,Open Play,Off T,0,0.05117428,0.13464382518521734,0.007389367241770447
Vinícius José Paixão de Oliveira Júnior,Brazil,3857269,43,26,112.1,34.0,9.920181449953427,34.22409253798151,Right Foot,Open Play,Saved,0,0.21638125,0.21198958430268278,0.5512102161994098
Carlos Henrique Casimiro,Brazil,3857269,43,27,94.3,39.7,25.701750913118744,16.20812696646257,Right Foot,Open Play,Wayward,0,0.023129713,0.027062794734126212,0.00015642984568520416
Raphael Dias Belloli,Brazil,3857269,43,30,90.1,46.2,30.536044275577026,13.395183517679794,Left Foot,Open Play,Saved,0,0.02201561,0.019346363173077502,0.0410789781150391
Richarlison de Andrade,Brazil,3857269,43,31,104.2,41.2,15.845504094221802,25.94731486850773,Head,Open Play,Blocked,0,0.022230485,0.025759343221253613,0.0303393243244908
Éder Gabriel Militão,Brazil,3857269,43,36,93.2,45.0,27.26242835845699,15.045020447958512,Right Foot,Open Play,Blocked,0,0.02857021,0.02207255179755277,0.0002937623501710733
Thiago Emiliano da Silva,Brazil,3857269,43,43,115.0,43.5,6.103277807866851,56.905317343381,Head,Open Play,Blocked,0,0.14148508,0.14980679830635127,0.275621362014154
Djibril Sow,Switzerland,3857269,43,52,112.6,48.8,11.49782588144385,24.510268284829333,Right Foot,Open Play,Blocked,0,0.087867536,0.1496116832188001,0.00045977828132798563
Ruben Vargas,Switzerland,3857269,43,53,104.3,26.2,20.902870616257474,15.181384778766692,Right Foot,Open Play,Blocked,0,0.029704679,0.04501164228326822,2.35772333718088e-05
Manuel Obafemi Akanji,Switzerland,3857269,43,54,103.5,43.9,16.954645381133748,23.78305586805681,Head,Open Play,Wayward,0,0.028123023,0.03262415083723046,0.00029413602627872384
Djibril Sow,Switzerland,3857269,43,59,99.4,37.0,20.817300497422806,19.75113277411932,Right Foot,Open Play,Blocked,0,0.0625126,0.05065825965982636,0.0666972216215497
Edimilson Fernandes,Switzerland,3857269,43,59,97.4,42.8,22.772790781983655,18.131322873813986,Right Foot,Open Play,Blocked,0,0.029247057,0.03929665250176965,0.07757909800416647
Marcos Aoás Corrêa,Brazil,3857269,43,69,110.6,37.4,9.752948272189293,40.09576025863774,Head,Open Play,Wayward,0,0.07814184,0.07063417235429285,4.07033623286723e-06
Richarlison de Andrade,Brazil,3857269,43,71,107.0,26.5,18.741664813991314,15.730393740761615,Left Foot,Open Play,Blocked,0,0.038312852,0.07529390042831437,4.375599371968012e-05
Bruno Guimarães Rodriguez Moura,Brazil,3857269,43,80,102.2,47.4,19.276929216034382,19.988736657561724,Head,Open Play,Saved,0,0.021188514,0.022931815669421436,0.028085644294008946
Carlos Henrique Casimiro,Brazil,3857269,43,82,106.3,29.4,17.321951391226108,19.2820257952111,Right Foot,Open Play,Goal,1,0.068805926,0.07313031687816685,0.28092603386368376
Rodrygo Silva de Goes,Brazil,3857269,43,86,109.7,25.4,17.867568385205637,13.847859996153847,Right Foot,Open Play,Saved,0,0.04824855,0.06075017472901257,0.3980917611018011
Antony Matheus dos Santos,Brazil,3857269,43,86,102.1,56.6,24.412496799794983,12.675586811165768,Left Foot,Open Play,Off T,0,0.020722246,0.03776079766030411,0.0005343270547463881
Rodrygo Silva de Goes,Brazil,3857269,43,93,105.8,41.8,14.313629868066313,28.49455832455367,Right Foot,Open Play,Blocked,0,0.19349767,0.1231916249100734,0.1359895179860276
Rodrigo Javier De Paul,Argentina,3869321,43,4,101.6,53.3,22.703523955544878,15.017346923333976,Right Foot,Open Play,Blocked,0,0.02377054,0.03674212730940001,0.0001581420704590899
Lionel Andrés Messi Cuccittini,Argentina,3869321,43,21,96.6,50.3,25.566579747787934,14.977650422966823,Left Foot,Open Play,Off T,0,0.037832856,0.03511297373131193,0.005963795905038414
Steven Bergwijn,Netherlands,3869321,43,23,101.6,32.9,19.722322378462437,19.72878256342184,Left Foot,Open Play,Off T,0,0.089517,0.07439019756663687,4.933060150689204e-05
Rodrigo Javier De Paul,Argentina,3869321,43,32,97.6,42.3,22.517770760001984,18.373979406933547,Right Foot,Open Play,Saved,0,0.049762752,0.02695321213757846,0.05288509262273603
Nahuel Molina Lucero,Argentina,3869321,43,34,109.1,42.4,11.1610931364271,35.66636860998614,Right Foot,Open Play,Goal,1,0.43442267,0.19467327882190652,0.3894269775667945
Lionel Andrés Messi Cuccittini,Argentina,3869321,43,39,104.0,32.2,17.8,21.105020796904974,Right Foot,Open Play,Saved,0,0.03387043,0.04859838664650789,0.05777689210893984
Lionel Andrés Messi Cuccittini,Argentina,3869321,43,62,96.0,33.3,24.917664417035557,16.129226799436413,Left Foot,Free Kick,Off T,0,0.07608311,0.0907398101414362,0.006602438712417962
Lionel Andrés Messi Cuccittini,Argentina,3869321,43,72,108.0,40.0,12.0,33.92341177306582,Left Foot,Penalty,Goal,1,0.7835,0.76,0.76
Wout Weghorst,Netherlands,3869321,43,82,108.7,46.4,12.986531484580473,28.047672223551317,Head,Open Play,Goal,1,0.047416847,0.05595616314399025,0.24991424760328737
Steven Berghuis,Netherlands,3869321,43,84,104.6,53.3,20.34821859524809,15.714462036739645,Left Foot,Open Play,Blocked,0,0.032538008,0.0633506400439382,5.127528299304998e-05
Denzel Dumfries,Netherlands,3869321,43,89,113.5,52.9,14.44506836259351,13.694369179119516,Right Foot,Open Play,Off T,0,0.047394842,0.08724719421758266,0.00011856681168452611
Steven Berghuis,Netherlands,3869321,43,92,97.2,37.9,22.896506283710618,18.092201633319334,Left Foot,Free Kick,Blocked,0,0.08017064,0.11684754529300008,0.15381381263626526
Wout Weghorst,Netherlands,3869321,43,100,111.8,39.9,8.200609733428365,48.10108675189898,Left Foot,Open Play,Goal,1,0.21959315,0.2871610687106305,0.4105293711756195
Lionel Andrés Messi Cuccittini,Argentina,3869321,43,109,101.1,53.3,23.11060362690685,14.879371209626289,Left Foot,Open Play,Off T,0,0.035418287,0.030527735620538468,0.0043362871110583685
Luuk de Jong,Netherlands,3869321,43,112,110.9,28.4,14.743473132203277,18.08550502994363,Left Foot,Open Play,Blocked,0,0.05290734,0.12042407369090813,0.00018389438735360425
Lautaro Javier Martínez,Argentina,3869321,43,113,109.5,45.9,12.044085685513865,30.274540310232247,Right Foot,Open Play,Blocked,0,0.2245604,0.16023378219030718,0.0018092815612848552
Enzo Fernandez,Argentina,3869321,43,114,94.2,43.8,26.078343505675353,15.816177711330777,Left Foot,Open Play,Blocked,0,0.032085553,0.033847558999749165,0.052000451981955374
Germán Alejandro Pezzella,Argentina,3869321,43,115,112.5,31.3,11.486513831445988,24.84968567975163,Head,Open Play,Off T,0,0.04452438,0.04077927979225121,0.001893439177057899
Lautaro Javier Martínez,Argentina,3869321,43,118,97.6,38.6,22.44370735863396,18.490305177730672,Left Foot,Open Play,Saved,0,0.08241133,0.035881895275359954,0.09090570376785506
Lionel Andrés Messi Cuccittini,Argentina,3869321,43,119,96.6,41.6,23.454637068179085,17.69974754553982,Left Foot,Open Play,Blocked,0,0.04201436,0.03145455757528151,0.0467854506509514
Enzo Fernandez,Argentina,3869321,43,120,97.2,49.3,24.62376900476448,15.72056486295307,Right Foot,Open Play,Post,0,0.038940463,0.030174578350467062,0.11368239755025496
Virgil van Dijk,Netherlands,3869321,43,120,108.1,40.1,11.900420160649796,34.18984690946256,Right Foot,Penalty,Saved,0,0.7835,0.76,0.76
Lionel Andrés Messi Cuccittini,Argentina,3869321,43,121,108.1,40.1,11.900420160649796,34.18984690946256,Left Foot,Penalty,Goal,1,0.7835,0.76,0.76
Steven Berghuis,Netherlands,3869321,43,121,108.1,40.1,11.900420160649796,34.18984690946256,Left Foot,Penalty,Saved,0,0.7835,0.76,0.76
Leandro Daniel Paredes,Argentina,3869321,43,122,108.1,40.1,11.900420160649796,34.18984690946256,Right Foot,Penalty,Goal,1,0.7835,0.76,0.76
Teun Koopmeiners,Netherlands,3869321,43,123,108.1,40.1,11.900420160649796,34.18984690946256,Left Foot,Penalty,Goal,1,0.7835,0.76,0.76
Gonzalo Ariel Montiel,Argentina,3869321,43,124,108.1,40.1,11.900420160649796,34.18984690946256,Right Foot,Penalty,Goal,1,0.7835,0.76,0.76
Wout Weghorst,Netherlands,3869321,43,124,108.1,40.1,11.900420160649796,34.18984690946256,Right Foot,Penalty,Goal,1,0.7835,0.76,0.76
Enzo Fernandez,Argentina,3869321,43,126,108.1,40.1,11.900420160649796,34.18984690946256,Right Foot,Penalty,Off T,0,0.7835,0.76,0.76
Luuk de Jong,Netherlands,3869321,43,126,108.1,40.1,11.900420160649796,34.18984690946256,Right Foot,Penalty,Goal,1,0.7835,0.76,0.76
Lautaro Javier Martínez,Argentina,3869321,43,127,108.1,40.1,11.900420160649796,34.18984690946256,Right Foot,Penalty,Goal,1,0.7835,0.76,0.76
Jamal Musiala,Germany,3857292,43,1,99.6,29.7,22.852789764052883,16.354811059079633,Right Foot,Open Play,Saved,0,0.06331741,0.03732110010683273,0.0365036846486727
Leon Goretzka,Germany,3857292,43,6,109.5,48.0,13.200378782444085,25.53956358392756,Right Foot,Open Play,Wayward,0,0.15352516,0.1291912486888496,1.0452349569231157e-05
Thomas Müller,Germany,3857292,43,8,108.2,42.4,12.041594578792292,33.27811734284158,Head,Open Play,Off T,0,0.14610097,0.07004907658631013,0.0006511776930007874
Serge Gnabry,Germany,3857292,43,9,111.9,33.1,10.640488710580914,30.70874469625188,Head,Open Play,Goal,1,0.0895267,0.07665403972842952,0.2354816335613369
Leon Goretzka,Germany,3857292,43,13,113.1,35.8,8.077747210701762,44.24641675850364,Head,Open Play,Saved,0,0.18187125,0.1352990586880461,0.29224014115502256
Thomas Müller,Germany,3857292,43,20,111.6,41.1,8.471717653463205,46.48800649337951,Head,Open Play,Wayward,0,0.069567084,0.09367921081316753,0.1355061260504451
Serge Gnabry,Germany,3857292,43,29,105.2,30.9,17.373830895919298,20.5848776273673,Right Foot,Open Play,Blocked,0,0.044056788,0.0749535178128411,0.00022024237726316534
Joshua Kimmich,Germany,3857292,43,34,92.4,55.8,31.80251562376787,11.44407270156212,Right Foot,Open Play,Saved,0,0.011488004,0.01207635616466227,0.025129081378356167
Jamal Musiala,Germany,3857292,43,35,105.7,33.6,15.666843970627903,24.27936841164916,Right Foot,Open Play,Off T,0,0.16202919,0.09762599658326628,0.000256298359610117
Serge Gnabry,Germany,3857292,43,38,106.4,28.9,17.55477143115227,18.660991865685205,Right Foot,Open Play,Off T,0,0.06251996,0.07031058482752461,0.0021362941379064007
Keysher Fuller Spence,Costa Rica,3857292,43,41,107.3,51.1,16.867127793433003,18.927276811314094,Right Foot,Open Play,Saved,0,0.14103858,0.07613748287731444,0.0026451391236175397
Leroy Sané,Germany,3857292,43,44,98.5,47.8,22.871160880025307,17.159289163145324,Left Foot,Open Play,Off T,0,0.080942705,0.033133344783235215,0.008631343877989514
Leroy Sané,Germany,3857292,43,45,99.5,44.5,20.988091861815356,19.35855139439977,Left Foot,Open Play,Blocked,0,0.078109905,0.06438883686235142,0.16486567091169266
Keysher Fuller Spence,Costa Rica,3857292,43,51,108.9,54.5,18.260887163552592,14.244281788653979,Right Foot,Open Play,Blocked,0,0.050267275,0.05876043892409487,0.0001630196032943678
Yeltsin Ignacio Tejeda Valverde,Costa Rica,3857292,43,51,97.2,48.9,24.475497952033578,15.90614907827532,Right Foot,Open Play,Saved,0,0.042256437,0.02035928303929491,0.03354698877424271
Serge Gnabry,Germany,3857292,43,54,100.7,26.9,23.325951213187427,14.90670229406763,Right Foot,Open Play,Blocked,0,0.029866349,0.03419456552864282,5.32605588524105e-05
Leroy Sané,Germany,3857292,43,54,91.0,39.6,29.00275848949544,14.383519518136666,Left Foot,Open Play,Off T,0,0.02438984,0.023561444699008102,0.0053184785450890205
Kendall Jamaal Waston Manley,Costa Rica,3857292,43,57,108.9,45.4,12.343824366864585,30.31288091893173,Head,Open Play,Saved,0,0.099276,0.06327488595285254,0.10993427552655731
Yeltsin Ignacio Tejeda Valverde,Costa Rica,3857292,43,57,114.3,38.1,6.008327554319923,61.44687552439943,Right Foot,Open Play,Goal,1,0.4798206,0.454738548498062,0.6112442797245582
Jamal Musiala,Germany,3857292,43,60,111.2,28.5,14.480676779764126,18.167774766093004,Left Foot,Open Play,Post,0,0.082946144,0.12389219504740208,0.3811137834885648
Jamal Musiala,Germany,3857292,43,60,117.3,31.5,8.91852005660132,16.636187866667125,Right Foot,Open Play,Off T,0,0.1066145,0.1628385280584844,0.05175186758741407
Thomas Müller,Germany,3857292,43,61,106.3,47.2,15.476756766196209,23.915887502419732,Right Foot,Open Play,Blocked,0,0.05438086,0.09876115238489211,0.0005118101331276841
Antonio Rüdiger,Germany,3857292,43,61,114.5,44.2,6.9202601107183845,49.410333627078494,Right Foot,Open Play,Post,0,0.41498688,0.26642655636812856,0.6852345137996889
Jamal Musiala,Germany,3857292,43,66,100.6,27.6,23.02433495239331,15.366848283673509,Right Foot,Open Play,Post,0,0.037713535,0.035755825509186184,0.1504206637845922
Kai Havertz,Germany,3857292,43,66,107.3,35.1,13.612494260788507,28.4040328232276,Right Foot,Open Play,Off T,0,0.110909514,0.13192922937007137,0.029288484543331533
Juan Pablo Vargas Campos,Costa Rica,3857292,43,69,116.1,43.1,4.981967482832466,68.18959419110037,Left Foot,Open Play,Saved,0,0.18427365,0.596095641632809,0.8755073153242093
Kai Havertz,Germany,3857292,43,72,109.3,42.6,11.011357772772623,35.98719976753716,Right Foot,Open Play,Goal,1,0.4749194,0.19866679942262103,0.36815667172192507
Kai Havertz,Germany,3857292,43,73,102.8,36.0,17.658992043715294,22.87330155098201,Left Foot,Open Play,Off T,0,0.14038351,0.09932735073455502,0.00012088707181079786
Niclas Füllkrug,Germany,3857292,43,75,115.2,44.6,6.648308055437863,48.75833844596002,Right Foot,Open Play,Saved,0,0.36338806,0.36065362563561487,0.6950752776499156
Jewison Bennette,Costa Rica,3857292,43,79,94.4,46.4,26.38787600395302,15.344094316069258,Left Foot,Open Play,Off T,0,0.037811525,0.03232892682185249,0.004457613242479414
Jamal Musiala,Germany,3857292,43,83,104.6,30.8,17.93878479719293,20.07837279252784,Right Foot,Open Play,Off T,0,0.060394496,0.0697362560838976,0.01031087383756311
Kai Havertz,Germany,3857292,43,84,113.1,37.6,7.305477397131557,51.64025593086499,Left Foot,Open Play,Goal,1,0.31018513,0.42743898859053264,0.6729423892278475
Kai Havertz,Germany,3857292,43,85,110.4,27.0,16.160445538412606,15.834624095049763,Left Foot,Open Play,Saved,0,0.11890341,0.09903475627362313,0.003663465510220911
Mario Götze,Germany,3857292,43,85,107.0,43.6,13.4892549831338,29.4461188605612,Head,Open Play,Saved,0,0.066507556,0.054754877187864065,0.13448304557873822
Niclas Füllkrug,Germany,3857292,43,88,114.8,42.5,5.769748694700666,62.40588545803435,Left Foot,Open Play,Goal,1,0.510154,0.5383828228597665,0.7034117478030628
Niclas Füllkrug,Germany,3857292,43,94,101.1,39.1,18.92141643746578,21.87278356743858,Right Foot,Open Play,Blocked,0,0.046867393,0.06542854549543009,0.06385430978250745
Niclas Füllkrug,Germany,3857292,43,95,117.9,32.7,7.596051605933173,19.13489642761504,Head,Open Play,Off T,0,0.13407986,0.08112161899006871,0.002490489420011075
Jamal Musiala,Germany,3857292,43,99,107.5,40.3,12.503599481749246,32.62367422716834,Left Foot,Open Play,Saved,0,0.085460834,0.20313567327497392,0.36356779483774093
Ritsu Doan,Japan,3857295,43,2,91.7,53.8,31.485393438863042,11.96017345761575,Left Foot,Open Play,Wayward,0,0.015573137,0.016774135665686148,1.023840513038351e-07
Gerson Torres Barrantes,Costa Rica,3857295,43,3,90.1,47.7,30.87555667514353,13.108407540755078,Left Foot,Open Play,Wayward,0,0.01353695,0.01848727916178537,0.03288357493965336
Francisco Javier Calvo Quesada,Costa Rica,3857295,43,34,91.0,26.8,31.862831010442246,11.963410451495728,Left Foot,Open Play,Blocked,0,0.014244432,0.01607288811579284,0.00023784677033855466
Joel Nathaniel Campbell Samuels,Costa Rica,3857295,43,34,101.0,29.1,21.904565734111234,16.604041966189797,Left Foot,Open Play,Off T,0,0.051288527,0.05464276686787428,0.0054812066304227745
Wataru Endo,Japan,3857295,43,37,100.1,51.7,23.084626919229176,15.663390691003475,Left Foot,Open Play,Blocked,0,0.03132781,0.04696446845397898,6.386590602621872e-05
Hidemasa Morita,Japan,3857295,43,45,101.4,30.9,20.706762180505187,18.148181172729974,Right Foot,Open Play,Saved,0,0.09737273,0.04935960928476808,0.177981062336807
Takuma Asano,Japan,3857295,43,45,104.1,50.2,18.890473789717404,18.720218443338908,Right Foot,Open Play,Blocked,0,0.051375452,0.06097479265547901,0.00040985353527740715
Wataru Endo,Japan,3857295,43,47,95.2,41.1,24.824383174612816,16.75848945080918,Right Foot,Open Play,Blocked,0,0.042255066,0.019985764020556532,0.022363792765773924
Takuma Asano,Japan,3857295,43,47,107.6,37.5,12.649505919204913,31.76137429963676,Head,Open Play,Saved,0,0.08747226,0.06333333512726923,0.1831865751937609
Ko Itakura,Japan,3857295,43,49,105.0,40.0,15.0,27.424473717064068,Left Foot,Open Play,Blocked,0,0.07774679,0.1437486842431021,0.11572299696429487
Wataru Endo,Japan,3857295,43,49,103.1,34.1,17.90027932742951,21.945768967291244,Right Foot,Open Play,Blocked,0,0.04122181,0.07312673685038684,0.0006353923842960107
Yuki Soma,Japan,3857295,43,56,105.4,22.1,23.099134182908237,11.610096586342424,Right Foot,Open Play,Wayward,0,0.022210024,0.0323838546771981,5.178687089012282e-07
Yuki Soma,Japan,3857295,43,62,98.1,35.7,22.318154045529845,18.300782739760614,Right Foot,Free Kick,Off T,0,0.08557594,0.09668045021488214,0.005824488467242837
Daichi Kamada,Japan,3857295,43,71,101.2,43.2,19.070395905696344,21.44834158528243,Right Foot,Free Kick,Blocked,0,0.10029054,0.14409569569880562,0.18814605435914797
Yuki Soma,Japan,3857295,43,71,95.7,44.3,24.677520134729907,16.62867202207855,Right Foot,Open Play,Blocked,0,0.027111016,0.030661473054046543,0.02904165707632113
Keysher Fuller Spence,Costa Rica,3857295,43,80,102.6,47.5,18.94755920956576,20.230169369130742,Left Foot,Open Play,Goal,1,0.120298475,0.08171239637106308,0.39246871883359347
Daichi Kamada,Japan,3857295,43,87,108.0,37.6,12.237646832622683,32.78786857791163,Right Foot,Open Play,Saved,0,0.09400092,0.16576275837719134,0.24309552520037067
Alexis Mac Allister,Argentina,3869685,43,4,92.4,30.0,29.35574901105403,13.39508470253813,Right Foot,Open Play,Saved,0,0.024542088,0.01673135267374761,0.0366056183962716
Rodrigo Javier De Paul,Argentina,3869685,43,7,99.2,47.9,22.249719099350443,17.54229093561898,Right Foot,Open Play,Blocked,0,0.062813334,0.04105303444351446,0.034476236923286434
Ángel Fabián Di María Hernández,Argentina,3869685,43,16,103.1,34.6,17.741758650145147,22.317142751242066,Right Foot,Open Play,Off T,0,0.106800534,0.07501641247098646,0.018489645806711558
Lionel Andrés Messi Cuccittini,Argentina,3869685,43,22,108.0,40.0,12.0,33.92341177306582,Left Foot,Penalty,Goal,1,0.7835,0.76,0.76
Alexis Mac Allister,Argentina,3869685,43,31,94.3,23.5,30.540792393125628,11.564693871375736,Right Foot,Open Play,Wayward,0,0.010577817,0.013981615636832796,2.6618505128124167e-10
Ángel Fabián Di María Hernández,Argentina,3869685,43,35,111.8,32.1,11.386395390991831,27.308027984855737,Left Foot,Open Play,Goal,1,0.30340916,0.2024655403969348,0.3053074215631493
Rodrigo Javier De Paul,Argentina,3869685,43,48,103.3,52.3,20.74078108461685,16.346556716371897,Right Foot,Open Play,Saved,0,0.040216275,0.04711212005700756,0.11895809686171745
Julián Álvarez,Argentina,3869685,43,58,110.5,24.9,17.839843048636947,12.849406059658605,Left Foot,Open Play,Saved,0,0.05953379,0.07754543818277028,0.0012537462281481191
Lionel Andrés Messi Cuccittini,Argentina,3869685,43,59,109.7,46.0,11.920151005754917,30.364032626444583,Right Foot,Open Play,Off T,0,0.11555985,0.16246924626396414,0.0031643616246602416
Randal Kolo Muani,France,3869685,43,67,113.4,34.6,8.527602242131133,39.15833106163646,Head,Open Play,Off T,0,0.09618377,0.07876770192783727,0.000381711719013905
Kylian Mbappé Lottin,France,3869685,43,70,102.5,27.9,21.27580785775243,16.257946745690397,Right Foot,Open Play,Off T,0,0.050644457,0.04432614570635442,0.002789877420716733
Enzo Fernandez,Argentina,3869685,43,71,98.9,32.2,22.495555116511344,17.40672116812862,Right Foot,Open Play,Saved,0,0.041589838,0.03982227177434793,0.08287230401179348
Kylian Mbappé Lottin,France,3869685,43,79,108.0,40.0,12.0,33.92341177306582,Right Foot,Penalty,Goal,1,0.7835,0.76,0.76
Kylian Mbappé Lottin,France,3869685,43,80,104.8,30.1,18.139735389470268,19.416879912055805,Right Foot,Open Play,Goal,1,0.1017027,0.06720456541849297,0.09522307851606611
Enzo Fernandez,Argentina,3869685,43,83,92.2,35.9,28.100711734758605,14.68960428253798,Right Foot,Open Play,Blocked,0,0.030159522,0.019906624062170645,0.02989322387035159
Kylian Mbappé Lottin,France,3869685,43,92,95.9,32.2,25.330811277967385,15.684586747703998,Right Foot,Open Play,Blocked,0,0.0324491,0.02785480858504003,0.00015541168620641896
Adrien Rabiot,France,3869685,43,93,108.9,28.5,15.983116091676237,18.5549834690222,Left Foot,Open Play,Saved,0,0.09333491,0.10721145221576397,0.261064350298332
Lionel Andrés Messi Cuccittini,Argentina,3869685,43,96,96.2,40.9,23.817010727629103,17.461071996933487,Left Foot,Open Play,Saved,0,0.0430315,0.04522953307024677,0.14531699598217968
Alexis Mac Allister,Argentina,3869685,43,92,98.2,23.8,27.160265094435285,12.425030885024889,Right Foot,Open Play,Off T,0,0.019259434,0.02094208579980571,1.772476162114338e-05
Youssouf Fofana,France,3869685,43,99,89.8,39.9,30.200165562460086,13.820039989061513,Right Foot,Open Play,Blocked,0,0.023031652,0.01536333071011778,0.01342744358269695
Lautaro Javier Martínez,Argentina,3869685,43,104,108.8,45.3,12.390722335683261,30.32927170676285,Right Foot,Open Play,Blocked,0,0.23260574,0.15511027881764072,0.002102534690487567
Gonzalo Ariel Montiel,Argentina,3869685,43,104,96.3,49.4,25.496078129783022,15.242635502045172,Right Foot,Open Play,Blocked,0,0.020604363,0.027051327047266253,0.028863586239862037
Lautaro Javier Martínez,Argentina,3869685,43,105,105.1,33.5,16.256075787224916,23.497897558253374,Left Foot,Open Play,Off T,0,0.14029205,0.1163534380576586,0.0016518911868858704
Lionel Andrés Messi Cuccittini,Argentina,3869685,43,106,103.6,55.8,22.772790781983662,13.366869475151423,Left Foot,Open Play,Saved,0,0.024784861,0.04601242808575941,0.15239567823637784
Lautaro Javier Martínez,Argentina,3869685,43,107,114.4,52.0,13.242356285797475,14.20289450481763,Right Foot,Open Play,Saved,0,0.10407211,0.1000744019596633,0.003964837345204684
Lionel Andrés Messi Cuccittini,Argentina,3869685,43,107,116.6,43.0,4.534313619501858,73.94070846326214,Right Foot,Open Play,Goal,1,0.48840353,0.5746121459024883,0.5330103985962092
Kylian Mbappé Lottin,France,3869685,43,115,101.4,26.6,22.924222996647014,14.888112820661027,Right Foot,Open Play,Blocked,0,0.03075741,0.03574095054315015,3.821981988176635e-05
Kylian Mbappé Lottin,France,3869685,43,117,108.0,40.0,12.0,33.92341177306582,Right Foot,Penalty,Goal,1,0.7835,0.76,0.76
Randal Kolo Muani,France,3869685,43,122,103.7,45.1,17.07922714879101,23.206014361793674,Right Foot,Open Play,Saved,0,0.27751395,0.08214963247877649,0.001486504200426822
Lautaro Javier Martínez,Argentina,3869685,43,122,110.8,41.6,9.338094023943006,42.37938582415243,Head,Open Play,Off T,0,0.10655013,0.11437366203375615,0.0013735513912843072
Kylian Mbappé Lottin,France,3869685,43,120,108.1,40.1,11.900420160649796,34.18984690946256,Right Foot,Penalty,Goal,1,0.7835,0.76,0.76
Lionel Andrés Messi Cuccittini,Argentina,3869685,43,121,108.1,40.1,11.900420160649796,34.18984690946256,Left Foot,Penalty,Goal,1,0.7835,0.76,0.76
Kingsley Coman,France,3869685,43,121,108.1,40.1,11.900420160649796,34.18984690946256,Right Foot,Penalty,Saved,0,0.7835,0.76,0.76
Paulo Bruno Exequiel Dybala,Argentina,3869685,43,122,108.1,40.1,11.900420160649796,34.18984690946256,Left Foot,Penalty,Goal,1,0.7835,0.76,0.76
Aurélien Djani Tchouaméni,France,3869685,43,123,108.1,40.1,11.900420160649796,34.18984690946256,Right Foot,Penalty,Off T,0,0.7835,0.76,0.76
Leandro Daniel Paredes,Argentina,3869685,43,124,108.1,40.1,11.900420160649796,34.18984690946256,Right Foot,Penalty,Goal,1,0.7835,0.76,0.76
Randal Kolo Muani,France,3869685,43,125,108.1,40.1,11.900420160649796,34.18984690946256,Right Foot,Penalty,Goal,1,0.7835,0.76,0.76
Gonzalo Ariel Montiel,Argentina,3869685,43,125,108.1,40.1,11.900420160649796,34.18984690946256,Right Foot,Penalty,Goal,1,0.7835,0.76,0.76
Joško Gvardiol,Croatia,3869684,43,6,108.8,38.0,11.377170122662315,35.24075496967081,Head,Open Play,Goal,1,0.1243582,0.07868895387583887,0.3572815921925737
Achraf Dari,Morocco,3869684,43,8,115.6,39.0,4.512205669071396,77.7986677557173,Head,Open Play,Goal,1,0.4178385,0.35317075543662224,0.5126665034089511
Mislav Oršić,Croatia,3869684,43,9,99.5,23.8,26.128337107439503,12.637090038868516,Right Foot,Open Play,Off T,0,0.02730659,0.023646659621907207,0.00041283580942483875
Josip Stanišić,Croatia,3869684,43,13,94.4,41.3,25.63298656028984,16.232264237660367,Right Foot,Open Play,Off T,0,0.040524755,0.027288255709121537,0.008102068193543642
Mislav Oršić,Croatia,3869684,43,17,104.9,38.8,15.147607071745682,27.093984466254422,Right Foot,Open Play,Blocked,0,0.11308218,0.10971298910509657,0.09675294632181781
Andrej Kramarić,Croatia,3869684,43,17,111.3,34.8,10.135580891098451,35.48401011020917,Head,Open Play,Saved,0,0.13429043,0.0902057697506965,0.26371479110772655
Luka Modrić,Croatia,3869684,43,23,101.2,49.5,21.06395024680793,17.735224670564953,Left Foot,Open Play,Saved,0,0.07012748,0.06148027958044826,0.0939946136767455
Sofiane Boufal,Morocco,3869684,43,32,112.4,29.5,12.961867149450342,19.789301791821167,Left Foot,Open Play,Off T,0,0.08611878,0.1492493950267586,0.008671904051668981
Youssef En-Nesyri,Morocco,3869684,43,36,117.8,48.9,9.167878707749137,12.83987185543565,Head,Open Play,Off T,0,0.04761149,0.039506000107812675,0.00021036305133436377
Hakim Ziyech,Morocco,3869684,43,39,90.6,53.5,32.351352367404985,11.765897288301357,Left Foot,Open Play,Off T,0,0.014617449,0.01513259269424951,0.00011826544603739011
Mislav Oršić,Croatia,3869684,43,41,106.5,21.3,23.063824487712356,10.789590436684218,Right Foot,Open Play,Goal,1,0.013095795,0.03187250907662086,0.21090117280798915
Marko Livaja,Croatia,3869684,43,46,90.5,39.5,29.50423698386386,14.140881214280423,Right Foot,Open Play,Blocked,0,0.02019975,0.016756595849617823,0.01514299181550374
Mislav Oršić,Croatia,3869684,43,46,100.8,24.2,24.865236777477108,13.080498891826633,Right Foot,Open Play,Blocked,0,0.028195048,0.027546422848501687,2.551824767900635e-05
Mislav Oršić,Croatia,3869684,43,54,87.5,26.6,35.154089378051026,11.012948595032304,Right Foot,Open Play,Off T,0,0.0065055056,0.008151325938880398,0.00071805070276408
Youssef En-Nesyri,Morocco,3869684,43,64,110.6,40.5,9.413288479590973,42.45304983667973,Head,Open Play,Blocked,0,0.072652236,0.0773500578168169,0.06652725526528877
Nikola Vlašić,Croatia,3869684,43,70,90.9,36.9,29.264654448668956,14.180454708842573,Right Foot,Open Play,Off T,0,0.03597725,0.017234380056054804,0.0018906988100977108
Youssef En-Nesyri,Morocco,3869684,43,74,115.5,48.3,9.441398201537734,23.50343362380127,Left Foot,Open Play,Saved,0,0.16040824,0.22410157423031277,0.003883463683368186
Mateo Kovačić,Croatia,3869684,43,86,110.3,29.2,14.516542288024379,19.789523781487727,Left Foot,Open Play,Off T,0,0.23560598,0.12789894846251487,0.0006754921244348473
Youssef En-Nesyri,Morocco,3869684,43,89,110.9,36.5,9.749871794028879,39.20342977119936,Head,Open Play,Blocked,0,0.057190012,0.06920645889274783,0.15583187639541127
Hakim Ziyech,Morocco,3869684,43,90,89.6,46.9,31.173225691288355,13.072053741994681,Left Foot,Open Play,Off T,0,0.021768013,0.017859020364161617,0.0052885990879084355
Youssef En-Nesyri,Morocco,3869684,43,95,113.6,43.4,7.247068372797379,50.133564709728276,Head,Open Play,Off T,0,0.1132524,0.11534834754516739,0.004927230945984639
Granit Xhaka,Switzerland,3857256,43,0,96.0,38.8,24.029981273400946,17.299975252601225,Left Foot,Open Play,Blocked,0,0.036565553,0.04401160883765661,0.057609223469340734
Breel-Donald Embolo,Switzerland,3857256,43,0,113.1,40.7,6.935416353759886,55.506770314342766,Left Foot,Open Play,Saved,0,0.35328916,0.46182651444232736,0.6092403579927982
Granit Xhaka,Switzerland,3857256,43,0,103.8,41.9,16.311039206623228,25.14313511754318,Right Foot,Open Play,Saved,0,0.06952749,0.0930854086949996,0.14632056093092533
Nikola Milenković,Serbia,3857256,43,4,112.2,36.8,8.430895563343196,44.70628660157793,Head,Open Play,Off T,0,0.08160872,0.13191891205194245,0.009607932183960149
Andrija Živković,Serbia,3857256,43,10,97.8,51.5,25.00179993520467,14.877665910783191,Left Foot,Open Play,Post,0,0.030001678,0.037296302294727426,0.153175491649874
Dušan Vlahović,Serbia,3857256,43,10,115.4,38.6,4.808326112068517,73.89139813025034,Other,Open Play,Saved,0,0.5168786,0.41010621191548063,0.4745980867389303
Remo Freuler,Switzerland,3857256,43,13,107.8,35.9,12.870508925446579,30.393525405991877,Left Foot,Open Play,Blocked,0,0.09611784,0.18772636483934002,0.0016353081117471402
Xherdan Shaqiri,Switzerland,3857256,43,19,107.5,50.6,16.38932579455299,19.723878232139285,Left Foot,Open Play,Goal,1,0.06969889,0.105539374014162,0.23584393042817267
Granit Xhaka,Switzerland,3857256,43,21,97.3,33.7,23.558013498595336,17.056584526651378,Left Foot,Open Play,Saved,0,0.04476528,0.04608948453759912,0.06243057634036032
Dušan Vlahović,Serbia,3857256,43,22,109.6,35.4,11.371895180663605,33.293060231717675,Head,Open Play,Saved,0,0.08628477,0.07527265733394682,0.1597002631879403
Aleksandar Mitrović,Serbia,3857256,43,25,108.3,38.6,11.783462988442746,34.32019492354869,Head,Open Play,Goal,1,0.06371751,0.07377250591205295,0.22879844132131452
Xherdan Shaqiri,Switzerland,3857256,43,29,107.7,49.2,15.360013020827815,22.02794208854937,Left Foot,Open Play,Off T,0,0.3934682,0.08423354867479545,0.0015989786659556138
Dušan Vlahović,Serbia,3857256,43,34,106.2,31.8,16.05241414865689,22.465975851215376,Left Foot,Open Play,Goal,1,0.15928414,0.11611427292647594,0.27484863336651366
Ruben Vargas,Switzerland,3857256,43,37,101.0,47.3,20.354115063052973,19.1329017618673,Right Foot,Open Play,Blocked,0,0.0683221,0.05251347567046611,0.00047400458907697186
Breel-Donald Embolo,Switzerland,3857256,43,43,114.4,36.9,6.4007812023221,56.07216211813142,Right Foot,Open Play,Goal,1,0.72697556,0.41068205883288367,0.556247204063807
Aleksandar Mitrović,Serbia,3857256,43,47,101.7,33.7,19.35406933954717,20.34880012298214,Right Foot,Open Play,Wayward,0,0.056521177,0.06025106074034186,0.1067897917509393
Remo Freuler,Switzerland,3857256,43,47,107.2,41.2,12.856126943990555,31.67002968711867,Left Foot,Open Play,Goal,1,0.15381548,0.19289930891070853,0.38532407230858323
Fabian Lukas Schär,Switzerland,3857256,43,56,110.7,30.5,13.294359706281456,22.62459702259473,Right Foot,Open Play,Blocked,0,0.07925899,0.1200625981833138,0.001570487503274311
Breel-Donald Embolo,Switzerland,3857256,43,56,116.1,39.3,3.9623225512317957,85.38507962433826,Right Foot,Open Play,Off T,0,0.6647709,0.6576272426801449,0.0493588514592435
Dušan Tadić,Serbia,3857256,43,60,107.4,31.7,15.088074761214562,23.290858323922677,Left Foot,Open Play,Off T,0,0.061684445,0.13033573033174436,0.01333777124004176
Aleksandar Mitrović,Serbia,3857256,43,70,106.2,25.8,19.80101007524616,14.936148249522889,Right Foot,Open Play,Blocked,0,0.03203667,0.0505018202045898,2.8619563226039478e-05
Luka Jović,Serbia,3857256,43,72,102.2,43.2,18.08535318980528,22.556674335438153,Head,Open Play,Blocked,0,0.02594082,0.018419302325250523,0.044464984226841864
Manuel Obafemi Akanji,Switzerland,3857256,43,81,99.4,52.7,24.200206610688262,14.762170619775246,Right Foot,Open Play,Off T,0,0.030122569,0.030910424319121516,0.0011560212761450495
Christian Fassnacht,Switzerland,3857256,43,88,105.3,28.9,18.420097719610506,18.271696099125112,Right Foot,Open Play,Saved,0,0.31681746,0.06348353667397032,9.865154998026282e-05
Luka Jović,Serbia,3857256,43,91,105.0,39.8,15.001333274079341,27.420046571350404,Head,Open Play,Off T,0,0.03223471,0.029347721018394293,0.002850431231439044
Nemanja Radonjić,Serbia,3857256,43,99,105.7,51.3,18.225805880673693,18.178104034674792,Left Foot,Open Play,Off T,0,0.042810295,0.08413624740567988,0.001148243652121852
Alejandro Darío Gómez,Argentina,3869151,43,16,98.2,20.1,29.51694428629088,10.537581551193886,Right Foot,Open Play,Off T,0,0.011147299,0.01531307786012365,0.003291365409916222
Harry Souttar,Australia,3869151,43,28,111.9,44.0,9.033825324855464,40.99719002047518,Head,Open Play,Blocked,0,0.06809473,0.07787502794723246,0.07482349296594067
Lionel Andrés Messi Cuccittini,Argentina,3869151,43,34,104.2,48.9,18.13422179196008,20.134604170193104,Left Foot,Open Play,Goal,1,0.06663833,0.08883362143288477,0.20072919442798437
Lionel Andrés Messi Cuccittini,Argentina,3869151,43,49,99.8,38.5,20.255616505058544,20.43300366606122,Left Foot,Open Play,Saved,0,0.04517154,0.07142639887863048,0.0733732617103103
Julián Álvarez,Argentina,3869151,43,56,110.4,50.3,14.080127840328718,20.814192202125536,Right Foot,Open Play,Goal,1,0.28060678,0.10643765780871912,0.2658017263569161
Lionel Andrés Messi Cuccittini,Argentina,3869151,43,65,95.4,33.6,25.418890613085374,15.886238798622506,Left Foot,Open Play,Off T,0,0.032841697,0.03648440246579215,0.0034486959030678916
Nicolás Alejandro Tagliafico,Argentina,3869151,43,74,103.2,24.9,22.588713996153032,13.90184365422663,Left Foot,Open Play,Off T,0,0.05181273,0.04755479599778223,0.00010433068993249189
Craig Goodwin,Australia,3869151,43,76,98.2,22.6,27.892651361962702,11.788641868502951,Left Foot,Open Play,Blocked,0,0.013616442,0.02505664785910514,1.115363504199604e-05
Aziz Eraltay Behich,Australia,3869151,43,80,110.6,33.2,11.601724009818545,29.583671138088214,Right Foot,Open Play,Blocked,0,0.07721693,0.1648215682641011,0.0010275025459283253
Ajdin Hrustic,Australia,3869151,43,80,100.0,52.7,23.69155967850154,14.960197774856951,Left Foot,Open Play,Off T,0,0.033247408,0.02866350337476022,0.0037096440626005187
Lautaro Javier Martínez,Argentina,3869151,43,87,108.3,52.3,16.97586522095413,17.3110596712502,Right Foot,Open Play,Off T,0,0.051439364,0.07249626891869283,0.00012264863533919341
Lautaro Javier Martínez,Argentina,3869151,43,88,107.6,31.9,14.81114445274234,23.78194198710004,Right Foot,Open Play,Off T,0,0.24890411,0.10548568366635008,0.02068261569495632
Lautaro Javier Martínez,Argentina,3869151,43,92,109.1,31.8,13.640014662748722,24.802862343725078,Left Foot,Open Play,Saved,0,0.37209997,0.155341252904683,0.00312521098724391
Lionel Andrés Messi Cuccittini,Argentina,3869151,43,92,104.6,52.2,19.646882704388506,16.832702963309398,Left Foot,Open Play,Off T,0,0.055600196,0.07012046630301937,0.008380670185394002
Exequiel Alejandro Palacios,Argentina,3869151,43,93,103.6,50.1,19.260581507316964,18.558381554425075,Right Foot,Open Play,Blocked,0,0.046685893,0.0583551077160555,0.00019172015005898768
Lionel Andrés Messi Cuccittini,Argentina,3869151,43,93,102.2,40.0,17.799999999999997,23.238203210697502,Left Foot,Open Play,Blocked,0,0.032042325,0.06678802372553093,0.05544109812521512
Lautaro Javier Martínez,Argentina,3869151,43,93,108.3,30.8,14.88388390172404,22.366387807581116,Left Foot,Open Play,Saved,0,0.076142184,0.13038325023315903,0.30123349178067527
Lionel Andrés Messi Cuccittini,Argentina,3869151,43,94,106.4,37.0,13.926952286842942,28.86961418829435,Left Foot,Open Play,Wayward,0,0.110446885,0.1645573540994293,6.44167702317794e-05
Garang Kuol,Australia,3869151,43,96,113.1,49.4,11.66061747936189,22.394596981963993,Right Foot,Open Play,Saved,0,0.23394231,0.1407220689299374,0.0016749567302969085
Riley McGree,Australia,3857257,43,2,94.6,46.6,26.24347537960627,15.393112955460671,Left Foot,Open Play,Blocked,0,0.038979717,0.03289257247472442,0.00041096273286098247
Jesper Lindstrøm,Denmark,3857257,43,10,110.1,43.9,10.640488710580925,35.97795282321736,Right Foot,Open Play,Blocked,0,0.09599891,0.20552108464016342,0.3869027264865157
Mathias Jensen,Denmark,3857257,43,10,112.7,56.3,17.86001119820477,9.918737317497635,Right Foot,Open Play,Saved,0,0.019605601,0.05542659182341713,0.001870175505008054
Andreas Skov Olsen,Denmark,3857257,43,13,104.7,50.7,18.670297265978387,18.47614869177876,Right Foot,Open Play,Off T,0,0.10059545,0.062087650614287136,0.009746954692136907
Riley McGree,Australia,3857257,43,21,101.3,59.0,26.658769664033635,11.10635168330837,Left Foot,Open Play,Saved,0,0.010740947,0.028302388081316257,0.19966674200328144
Andreas Skov Olsen,Denmark,3857257,43,24,109.6,50.5,14.778700890132399,20.371472722535493,Right Foot,Open Play,Saved,0,0.09373255,0.09803660833675629,0.0015345514080828883
Christian Dannemann Eriksen,Denmark,3857257,43,28,102.9,25.6,22.355536227073593,14.432296902772041,Right Foot,Open Play,Off T,0,0.035615563,0.03765453756903244,0.00023676256145597455
Mitchell Thomas Duke,Australia,3857257,43,31,102.5,36.7,17.808424972467385,22.86691230643383,Head,Open Play,Saved,0,0.037495814,0.029005545320921238,0.09860776747545402
Mitchell Thomas Duke,Australia,3857257,43,40,98.3,20.9,28.908476265621474,10.933127677452434,Right Foot,Open Play,Saved,0,0.010397313,0.016567535945594618,0.044706425825453415
Aziz Eraltay Behich,Australia,3857257,43,46,100.2,34.1,20.66034849657672,19.31806076753835,Right Foot,Open Play,Blocked,0,0.049681988,0.051008582906018354,0.04232888203559104
Jackson Irvine,Australia,3857257,43,47,109.6,30.8,13.88524396616783,22.99332924317735,Left Foot,Open Play,Off T,0,0.17342122,0.14593938494944195,0.033352846918902695
Andreas Skov Olsen,Denmark,3857257,43,51,107.2,52.9,18.172781845386243,16.473306537470865,Left Foot,Open Play,Blocked,0,0.046983063,0.08136515849700372,8.32470920772183e-05
Mathew Leckie,Australia,3857257,43,59,105.7,31.5,16.63550420035413,21.67718223512959,Left Foot,Open Play,Goal,1,0.11353828,0.10748685877586343,0.26626014933605385
Andreas Skov Olsen,Denmark,3857257,43,68,103.1,49.3,19.289893727027117,19.028008230285664,Left Foot,Open Play,Blocked,0,0.070518844,0.05146223594756853,0.0003515946859250633
Joachim Andersen,Denmark,3857257,43,68,113.9,52.3,13.729530217745976,14.305667980076871,Head,Open Play,Off T,0,0.020115681,0.02460098268699967,0.003108689218648489
Alexander Hartmann Bah,Denmark,3857257,43,76,99.4,54.5,25.191466809219342,13.643943065975824,Right Foot,Open Play,Blocked,0,0.019515881,0.02692359693516355,1.08682089913964e-05
Kasper Dolberg,Denmark,3857257,43,76,105.2,39.6,14.805404418657394,27.762441673416166,Left Foot,Open Play,Saved,0,0.049264465,0.14759101652495663,0.30176543046265514
Jesper Lindstrøm,Denmark,3857257,43,81,97.5,38.2,22.571885167172013,18.365818872169353,Right Foot,Open Play,Blocked,0,0.048889678,0.04040685040482934,0.04683084706375512
Keanu Baccus,Australia,3857257,43,84,97.7,47.5,23.527430798963152,16.815240964255104,Right Foot,Open Play,Blocked,0,0.035468098,0.035012859733365403,0.0001737472807737559
Alexander Hartmann Bah,Denmark,3857257,43,87,108.6,57.0,20.46851240320117,11.626782419278342,Right Foot,Open Play,Off T,0,0.03670106,0.043372446841393256,0.0010696944818370008
Kasper Dolberg,Denmark,3857257,43,94,117.6,33.5,6.928924880528005,26.90936247480946,Right Foot,Open Play,Saved,0,0.08217044,0.24028421380166798,0.005663179185611214
Andreas Evald Cornelius,Denmark,3857257,43,94,116.6,51.6,12.088010589009263,10.62056231090367,Head,Open Play,Off T,0,0.017447446,0.04078682675503352,0.0013724108318113803
Neymar da Silva Santos Junior,Brazil,3857258,43,12,119.2,0.7,39.30814165029937,0.21904740805226933,Right Foot,Corner,Saved,0,0.00018,0.009520325703911928,0.03871327598664272
Neymar da Silva Santos Junior,Brazil,3857258,43,20,91.6,29.2,30.384206423732714,12.87097416211297,Right Foot,Open Play,Blocked,0,0.020173745,0.014698140737333618,0.00012158374185048838
Carlos Henrique Casimiro,Brazil,3857258,43,20,84.3,34.2,36.168079849502654,11.411045230439052,Right Foot,Open Play,Saved,0,0.0075366697,0.00733092748945066,0.015253997414295024
Raphael Dias Belloli,Brazil,3857258,43,34,105.3,49.2,17.341568556506072,20.53044722600907,Left Foot,Open Play,Saved,0,0.119197816,0.06586746304379848,0.13257810944005397
Filip Mladenović,Serbia,3857258,43,36,113.6,28.9,12.812884140582872,17.260849247042398,Head,Open Play,Off T,0,0.026318645,0.029296955427368297,0.0017255650255394688
Vinícius José Paixão de Oliveira Júnior,Brazil,3857258,43,40,113.2,27.0,14.671059948074642,13.853064141356281,Right Foot,Open Play,Off T,0,0.09814694,0.08550503302572332,0.001554824577841361
Raphael Dias Belloli,Brazil,3857258,43,45,105.9,47.3,15.877657257920633,23.382890630762088,Left Foot,Open Play,Saved,0,0.4224228,0.12060760729239,0.0012970421830651223
Neymar da Silva Santos Junior,Brazil,3857258,43,49,99.1,27.0,24.61320783644424,14.479983817515217,Right Foot,Free Kick,Blocked,0,0.06281959,0.06948120866830931,0.00022349634070926506
Thiago Emiliano da Silva,Brazil,3857258,43,50,113.1,34.1,9.078546139112808,36.194473149183466,Head,Open Play,Blocked,0,0.06673048,0.1023351523707192,0.0008434099861103862
Richarlison de Andrade,Brazil,3857258,43,50,115.8,29.3,11.494781424629178,14.516822708164854,Right Foot,Open Play,Blocked,0,0.0399856,0.12055885540609856,0.0002896574990523732
Danilo Luiz da Silva,Brazil,3857258,43,53,95.9,54.2,27.972307734614958,12.919467356964576,Right Foot,Open Play,Wayward,0,0.016877638,0.01933994822964588,0.015093137644729932
Neymar da Silva Santos Junior,Brazil,3857258,43,54,107.5,38.9,12.54830665866913,32.420962129017774,Left Foot,Open Play,Off T,0,0.11246919,0.20148630045172491,0.007745610283638529
Alex Sandro Lobo Silva,Brazil,3857258,43,59,88.0,32.0,32.984845004941285,12.296862068650034,Left Foot,Open Play,Post,0,0.021819543,0.014267668893294944,0.0692047143364302
Vinícius José Paixão de Oliveira Júnior,Brazil,3857258,43,59,105.0,20.1,24.920072231034965,10.24318970724728,Right Foot,Open Play,Off T,0,0.009459062,0.025550750587159526,0.000543408830207249
Vinícius José Paixão de Oliveira Júnior,Brazil,3857258,43,61,110.0,26.9,16.48059464946578,15.827256377477857,Right Foot,Open Play,Saved,0,0.07986015,0.0738513232960431,0.07622948470649174
Richarlison de Andrade,Brazil,3857258,43,61,114.5,41.8,5.787054518492114,63.47549429971633,Right Foot,Open Play,Goal,1,0.568145,0.47369337332323846,0.5070759850586003
Vinícius José Paixão de Oliveira Júnior,Brazil,3857258,43,66,109.1,28.2,16.063934760823706,18.062459883432698,Left Foot,Open Play,Off T,0,0.14253756,0.10515882054536554,0.000980673877919275
Strahinja Pavlović,Serbia,3857258,43,68,111.8,38.5,8.336066218546975,46.93822516064163,Head,Open Play,Off T,0,0.098937765,0.09598728677256407,0.010231797578927301
Darko Lazović,Serbia,3857258,43,69,95.6,50.9,26.723959287500797,14.298682980979065,Right Foot,Open Play,Off T,0,0.018288644,0.023028977137045385,0.001039886578160221
Richarlison de Andrade,Brazil,3857258,43,72,107.1,39.6,12.906200060436074,31.652743247779387,Right Foot,Open Play,Goal,1,0.07569885,0.15169247457517243,0.3731839160797412
Carlos Henrique Casimiro,Brazil,3857258,43,76,86.3,31.2,34.83001579098121,11.618965937348696,Right Foot,Open Play,Blocked,0,0.010592449,0.005629156292792237,1.613855945754986e-05
Carlos Henrique Casimiro,Brazil,3857258,43,80,98.1,35.2,22.41985726984006,18.141784373870326,Right Foot,Open Play,Post,0,0.06218912,0.040871556593059764,0.0019993085189627963
Rodrygo Silva de Goes,Brazil,3857258,43,81,98.8,27.3,24.712952069714376,14.563169673943637,Right Foot,Open Play,Saved,0,0.03669105,0.029047906866896588,0.02935278773420156
Frederico Rodrigues Santos,Brazil,3857258,43,82,95.6,43.5,24.649746449000247,16.729641747003175,Left Foot,Open Play,Saved,0,0.088970646,0.04054406931002027,0.06257352195196579
Nikola Milenković,Serbia,3857258,43,84,99.3,59.6,28.50701668010878,10.73483300176699,Right Foot,Open Play,Blocked,0,0.011090157,0.017254200209942443,7.921093891188523e-06
Rodrygo Silva de Goes,Brazil,3857258,43,86,101.5,30.6,20.751144546747295,17.982461986948316,Right Foot,Open Play,Off T,0,0.051727816,0.048926997690767166,0.014155470754288755
Antony Matheus dos Santos,Brazil,3857258,43,87,99.4,59.1,28.092169727523714,10.999767446998778,Left Foot,Open Play,Off T,0,0.009657804,0.024034034221919517,0.008151090978681861
Nemanja Radonjić,Serbia,3857258,43,97,93.8,21.5,32.07319753314284,10.696846869382782,Right Foot,Open Play,Blocked,0,0.008691933,0.007543531777697746,2.340557455460443e-06
Fran Karačić,Australia,3857288,43,5,90.9,41.2,29.124731758421394,14.31355030675555,Right Foot,Open Play,Blocked,0,0.015131147,0.011552068469142942,0.014305453237833764
Mohamed Dräger,Tunisia,3857288,43,20,92.0,42.5,28.111385593741193,14.77974421363741,Right Foot,Open Play,Off T,0,0.029703999,0.019926602715591858,0.0011700257442627295
Mitchell Thomas Duke,Australia,3857288,43,22,110.1,32.5,12.420144926690675,27.223654589289662,Head,Open Play,Goal,1,0.04459479,0.05836332568044888,0.16843413961425094
Mitchell Thomas Duke,Australia,3857288,43,26,110.7,34.3,10.907795377618704,32.81207491685681,Head,Open Play,Blocked,0,0.03948435,0.0782098768815187,0.0006671735861306846
Jackson Irvine,Australia,3857288,43,33,114.3,48.2,9.98649087517733,25.79371675205706,Right Foot,Open Play,Off T,0,0.07543106,0.17779088032135548,0.0009636417480443107
Youssef Msakni,Tunisia,3857288,43,37,102.8,54.8,22.690967365892536,14.093532735060013,Right Foot,Open Play,Blocked,0,0.031703874,0.035983542983180135,1.8187186523219898e-05
Mohamed Dräger,Tunisia,3857288,43,40,109.2,48.4,13.682105101189654,24.458706318423168,Right Foot,Open Play,Blocked,0,0.21984866,0.12018616501731674,0.0015597073746349318
Mitchell Thomas Duke,Australia,3857288,43,43,104.9,40.6,15.111915828246259,27.210575709941953,Head,Open Play,Saved,0,0.040856346,0.028839811572054418,0.04656869191583358
Fran Karačić,Australia,3857288,43,43,106.4,54.9,20.173497465734588,14.194850935292418,Left Foot,Open Play,Blocked,0,0.035070673,0.0622993135973078,4.8855543423809036e-05
Fran Karačić,Australia,3857288,43,45,87.2,52.2,34.9954282728473,11.211616879179754,Right Foot,Open Play,Wayward,0,0.0052714557,0.008341481964697183,1.9024198521765477e-07
Youssef Msakni,Tunisia,3857288,43,47,111.0,45.5,10.547511554864494,33.95021992067639,Right Foot,Open Play,Off T,0,0.23484555,0.19906974801430327,0.003744471219283467
Mitchell Thomas Duke,Australia,3857288,43,56,107.3,39.8,12.701574705523724,32.14581587190915,Head,Open Play,Wayward,0,0.06400663,0.06354787600134287,1.7291829288912498e-09
Ferjani Sassi,Tunisia,3857288,43,60,91.2,52.7,31.47586376892618,12.172488066754333,Right Foot,Open Play,Off T,0,0.020219443,0.012761242830906294,0.0004766101437516284
Youssef Msakni,Tunisia,3857288,43,65,101.8,31.8,19.961963831246667,19.083599963340042,Right Foot,Open Play,Blocked,0,0.058604978,0.05474432885913538,0.00038020597667130855
Youssef Msakni,Tunisia,3857288,43,71,108.1,25.0,19.147062437878038,13.853565673541963,Left Foot,Open Play,Saved,0,0.026706748,0.06902777499434501,0.3156374234453851
Youssef Msakni,Tunisia,3857288,43,71,95.6,42.2,24.498979570586204,16.928885356987134,Right Foot,Open Play,Saved,0,0.048467197,0.03150719334193569,0.06677208388657066
Aaron Mooy,Australia,3857288,43,73,95.6,44.1,24.742069436488134,16.609279410083435,Right Foot,Open Play,Off T,0,0.039191317,0.030426838261150564,0.00262695124846965
Youssef Msakni,Tunisia,3857288,43,74,110.1,38.0,10.100000000000007,39.27596834569557,Head,Open Play,Off T,0,0.10262261,0.0667648413688801,0.015217952391780504
Montassar Omar Talbi,Tunisia,3857288,43,83,89.6,34.9,30.82482765564149,13.362770521025372,Right Foot,Open Play,Saved,0,0.012159805,0.01415109218974831,0.02202126481945161
Taha Yassine Khenissi,Tunisia,3857288,43,85,98.4,54.6,26.071440313108898,13.348818727575619,Right Foot,Open Play,Blocked,0,0.012915949,0.02421543968628699,7.810964814600445e-06
Naïm Sliti,Tunisia,3857288,43,86,109.8,47.4,12.601587201618694,27.180136853611135,Left Foot,Open Play,Blocked,0,0.1403044,0.1803173725396294,0.0016414750549190208
Wahbi Khazri,Tunisia,3857288,43,87,109.9,49.4,13.797463535012508,22.672993331744514,Left Foot,Open Play,Saved,0,0.09264534,0.1462022638497467,0.4347865379909313
Wahbi Khazri,Tunisia,3857288,43,91,108.4,24.1,19.68171740473884,12.792293017879732,Right Foot,Open Play,Blocked,0,0.021421792,0.04862476961311206,1.214017368727067e-05
Idrissa Gana Gueye,Senegal,3857267,43,2,106.9,45.7,14.286357128393504,26.694647477930648,Right Foot,Open Play,Off T,0,0.21271749,0.11874125224433289,0.00272522789946411
Boulaye Dia,Senegal,3857267,43,7,109.3,51.9,16.00312469488381,17.885593821348543,Right Foot,Open Play,Off T,0,0.16839646,0.08147348255002171,0.00047901324362301925
Enner Remberto Valencia Lastra,Ecuador,3857267,43,9,86.9,40.9,33.11223338888514,12.610447867232049,Right Foot,Free Kick,Blocked,0,0.021615954,0.026061088286887107,0.017962855038046066
Enner Remberto Valencia Lastra,Ecuador,3857267,43,9,95.9,37.7,24.20950226667206,17.120572556090142,Right Foot,Open Play,Blocked,0,0.02803523,0.03269247145912009,0.024765476015229722
Ismaïla Sarr,Senegal,3857267,43,10,99.2,40.2,20.800961516237653,19.957629795162223,Right Foot,Open Play,Blocked,0,0.042373266,0.050998176384941626,0.045357997409086456
Iliman Ndiaye,Senegal,3857267,43,11,99.7,52.9,24.05202694161138,14.732592756231906,Left Foot,Open Play,Off T,0,0.02889044,0.04128791330304288,0.0015105223930713457
Ismaïla Sarr,Senegal,3857267,43,23,104.1,25.5,21.51882896442091,14.511569769945341,Right Foot,Open Play,Blocked,0,0.023828069,0.04138738338803744,1.4901900197101745e-05
Pape Gueye,Senegal,3857267,43,24,93.0,36.3,27.252339349127443,15.163053506400662,Left Foot,Open Play,Blocked,0,0.025696881,0.02922466537528447,0.027260990276120077
Abdou Diallo,Senegal,3857267,43,24,107.9,41.9,12.248265183282074,32.95486937498917,Head,Open Play,Wayward,0,0.035411544,0.06799935358819334,0.0006950473051015882
Pathé Ismaël Ciss,Senegal,3857267,43,36,108.1,33.6,13.511846653955192,27.24396589308118,Head,Open Play,Off T,0,0.03057826,0.05184604633271594,0.0028064399620026047
Ismaïla Sarr,Senegal,3857267,43,43,108.0,40.0,12.0,33.92341177306582,Right Foot,Penalty,Goal,1,0.7835,0.76,0.76
Iliman Ndiaye,Senegal,3857267,43,46,107.3,46.7,14.358969322343443,25.744175567995377,Left Foot,Open Play,Blocked,0,0.04522632,0.14771567156128776,0.0010073075789991258
José Adoni Cifuentes Charcopa,Ecuador,3857267,43,48,93.8,51.3,28.532963393240458,13.469191469971005,Right Foot,Open Play,Saved,0,0.025271386,0.018398387362036483,0.03864912118803368
Michael Steveen Estrada Martínez,Ecuador,3857267,43,56,106.7,38.8,13.354025610279468,30.552123037171256,Head,Open Play,Off T,0,0.042533338,0.05703620682913869,0.0001788149905118085
Felix Eduardo Torres Caicedo,Ecuador,3857267,43,66,113.7,42.7,6.854195795277516,53.935677378792604,Head,Open Play,Wayward,0,0.15397952,0.18669312267424537,0.35624219196826373
Moisés Isaac Caicedo Corozo,Ecuador,3857267,43,66,117.2,35.6,5.215361924162116,56.03907198797632,Right Foot,Open Play,Goal,1,0.5894187,0.44389748579679306,0.6022646519319994
Kalidou Koulibaly,Senegal,3857267,43,69,114.3,46.0,8.275868534480235,37.13731500707977,Right Foot,Open Play,Goal,1,0.23427999,0.25910236184448104,0.4707873371228827
Gonzalo Jordy Plata Jiménez,Ecuador,3857267,43,75,107.0,42.8,13.29812016790343,30.20866330259919,Left Foot,Open Play,Saved,0,0.058988493,0.17964505083631024,0.19899110707639428
Boulaye Dia,Senegal,3857267,43,81,101.3,54.6,23.724459951703857,13.989164132956908,Right Foot,Open Play,Off T,0,0.04455093,0.03199177088719592,0.0007506823567408331
Pape Gueye,Senegal,3857267,43,87,102.6,54.8,22.842942017174586,14.064549519217,Right Foot,Open Play,Saved,0,0.03201506,0.03535617925718968,0.16725092357927582
Jeremy Leonel Sarmiento Morante,Ecuador,3857267,43,88,105.3,32.1,16.688319268278637,22.09188540267396,Head,Open Play,Saved,0,0.02928531,0.032260393699967554,0.07598727879001514
Jackson Gabriel Porozo Vernaza,Ecuador,3857267,43,93,105.9,34.3,15.208550226763887,25.344914530731987,Head,Open Play,Off T,0,0.052534856,0.04112063239187074,4.921700190343572e-05
Matías Vecino Falero,Uruguay,3857287,43,12,109.5,28.6,15.498709623707388,18.719842917159827,Head,Open Play,Saved,0,0.052239094,0.03394987223443038,0.10271149317296965
Federico Santiago Valverde Dipetta,Uruguay,3857287,43,18,103.9,35.4,16.744252745345186,23.818369594494534,Left Foot,Open Play,Off T,0,0.05187739,0.07579279593839874,0.010128351199093442
Ui-Jo Hwang,South Korea,3857287,43,33,108.9,42.7,11.423659658795858,34.75455374174563,Right Foot,Open Play,Off T,0,0.323128,0.18648982951867454,0.012735979856935703
In-Beom Hwang,South Korea,3857287,43,38,89.7,57.6,35.04069063246328,10.349874150786247,Right Foot,Open Play,Off T,0,0.007071261,0.008123004992836136,0.0011292147458749262
Diego Roberto Godín Leal,Uruguay,3857287,43,42,110.0,40.4,10.007996802557443,40.15312088878293,Head,Open Play,Post,0,0.054689027,0.0688206782703883,0.2870512012654843
José María Giménez de Vargas,Uruguay,3857287,43,45,103.5,35.9,17.00176461429813,23.660218372922582,Head,Open Play,Off T,0,0.046385217,0.03235691155956193,9.250325756886399e-05
Min Jae Kim,South Korea,3857287,43,52,111.5,46.1,10.462313319720453,32.93074710628022,Other,Open Play,Wayward,0,0.046898182,0.11514856071649475,0.12715560768833659
Rodrigo Bentancur Colmán,Uruguay,3857287,43,54,101.3,38.3,18.777113729218346,21.9774306522375,Right Foot,Open Play,Blocked,0,0.052523207,0.06661532083015845,0.0800966161995391
Federico Santiago Valverde Dipetta,Uruguay,3857287,43,68,90.5,27.4,32.078185734233784,12.003481160455879,Right Foot,Open Play,Wayward,0,0.014167523,0.011866015639378778,3.4202249673533417e-10
Edinson Roberto Cavani Gómez,Uruguay,3857287,43,68,106.6,47.5,15.356106277308715,23.798180111637897,Right Foot,Open Play,Blocked,0,0.03804607,0.09974111962862382,0.00046230639536565526
Kang-In Lee,South Korea,3857287,43,74,94.5,54.2,29.187154708878357,12.550158241453918,Left Foot,Open Play,Blocked,0,0.023162797,0.02206635965116676,9.433883881058835e-06
Gue-Sung Cho,South Korea,3857287,43,76,93.4,42.0,26.675082005497185,15.583325628128144,Left Foot,Open Play,Off T,0,0.036145955,0.031491241618287896,0.0002799544781294584
Darwin Gabriel Núñez Ribeiro,Uruguay,3857287,43,80,100.6,28.3,22.655021518418387,15.859780882328447,Right Foot,Open Play,Off T,0,0.028178101,0.03769712204068479,0.0003768527791954679
Edinson Roberto Cavani Gómez,Uruguay,3857287,43,86,110.5,39.7,9.504735661763561,42.106312304566714,Head,Open Play,Off T,0,0.06689449,0.11176317527382272,0.002026479367871955
Federico Santiago Valverde Dipetta,Uruguay,3857287,43,88,95.7,22.6,29.887288267756908,11.429171766566649,Right Foot,Open Play,Post,0,0.012294213,0.015008649062829015,0.0009691147283516108
Heung-Min Son,South Korea,3857287,43,89,93.8,36.6,26.419689627245816,15.64960088978857,Left Foot,Open Play,Off T,0,0.0335565,0.03245340703108005,0.00038973433833663034
In-Beom Hwang,South Korea,3857287,43,93,94.9,26.7,28.40598528479517,13.036812153580968,Left Foot,Open Play,Off T,0,0.023029828,0.024382761963911526,0.0008313964631626408
João Félix Sequeira,Portugal,3869486,43,3,106.8,44.2,13.852075656738238,28.42926386478025,Head,Open Play,Saved,0,0.0989785,0.05137732486010373,0.16771548783908444
Youssef En-Nesyri,Morocco,3869486,43,5,112.7,39.4,7.324616030891992,53.008559307679,Head,Open Play,Off T,0,0.117904566,0.17522561341345405,0.012545081383184274
Raphaël Adelino José Guerreiro,Portugal,3869486,43,12,105.6,23.6,21.82475658512599,12.82755586406036,Left Foot,Open Play,Blocked,0,0.019215545,0.0504040259049586,0.0005109615142085886
Hakim Ziyech,Morocco,3869486,43,17,96.1,60.9,31.749330701606926,9.975912365603975,Left Foot,Open Play,Off T,0,0.008206696,0.015504063865659867,6.437646097001705e-05
Youssef En-Nesyri,Morocco,3869486,43,25,106.7,39.8,13.301503674397114,30.766365830108967,Head,Open Play,Off T,0,0.043849364,0.05765294422651495,0.0004536932542138913
João Félix Sequeira,Portugal,3869486,43,30,100.9,27.7,22.717834403833475,15.542297073774069,Right Foot,Open Play,Blocked,0,0.027014187,0.037150426503150355,5.3552577706441324e-05
Selim Amallah,Morocco,3869486,43,34,108.7,31.3,14.261135999632005,23.52749580178904,Left Foot,Open Play,Off T,0,0.06053267,0.1422439776494282,0.05356999656631079
Sofiane Boufal,Morocco,3869486,43,34,97.0,27.8,26.035360569809665,14.218615399701362,Right Foot,Open Play,Saved,0,0.03503226,0.024835132554488715,0.04053856094008742
João Félix Sequeira,Portugal,3869486,43,38,102.2,35.4,18.384776310850235,21.870494825155756,Right Foot,Open Play,Off T,0,0.060545366,0.06930974140197291,0.026110012553759915
Youssef En-Nesyri,Morocco,3869486,43,41,112.6,39.7,7.406078584514215,52.57341694217986,Head,Open Play,Goal,1,0.20030825,0.11977495402779288,0.46821704526249514
Bruno Miguel Borges Fernandes,Portugal,3869486,43,44,108.0,62.3,25.323704310388713,7.9637737054158455,Right Foot,Open Play,Post,0,0.0067060287,0.023096401150965742,0.000515881966503432
Yahia Attiyat allah,Morocco,3869486,43,46,107.6,26.3,18.478365728602736,15.466011678617607,Left Foot,Open Play,Off T,0,0.082217455,0.07696313901259375,0.0020023267054255986
Azzedine Ounahi,Morocco,3869486,43,55,93.4,44.2,26.929537686339877,15.29882808742439,Right Foot,Open Play,Off T,0,0.032880384,0.02305853377039038,0.0020381445514815054
Gonçalo Matias Ramos,Portugal,3869486,43,57,108.7,40.0,11.299999999999997,35.89363535326083,Head,Open Play,Off T,0,0.10594022,0.08053660079658144,0.0009161452363064478
João Félix Sequeira,Portugal,3869486,43,60,109.7,29.4,14.780054127099806,20.18785903491209,Head,Open Play,Blocked,0,0.026895314,0.025232497372381157,3.5480500363139484e-05
Bruno Miguel Borges Fernandes,Portugal,3869486,43,63,101.0,35.5,19.525624189766635,20.710821834838207,Right Foot,Open Play,Off T,0,0.057325892,0.03980772065212947,0.0023411868789329775
Bernardo Mota Veiga de Carvalho e Silva,Portugal,3869486,43,70,109.8,35.9,10.993179703798173,34.793256880423534,Right Foot,Open Play,Wayward,0,0.10927713,0.1942851429356158,3.547716288300164e-05
João Félix Sequeira,Portugal,3869486,43,81,102.0,57.1,24.827605603440702,12.325539495188291,Left Foot,Open Play,Saved,0,0.025960794,0.03575749688140925,0.12459461727066645
Cristiano Ronaldo dos Santos Aveiro,Portugal,3869486,43,90,101.8,53.7,22.780035118497956,14.76355530025252,Right Foot,Open Play,Saved,0,0.05699573,0.023966964459266386,0.00020101946798526798
Zakaria Aboukhlal,Morocco,3869486,43,95,101.1,45.9,19.799494943053478,20.07212251690906,Right Foot,Open Play,Saved,0,0.39109123,0.057036111215766086,0.00158645874215587
Kléper Laveran Lima Ferreira,Portugal,3869486,43,96,114.1,44.5,7.420242583635663,46.028685926197795,Head,Open Play,Off T,0,0.14926605,0.10341691878600974,0.002029239821234672
Luis Gerardo Chávez Magallón,Mexico,3857260,43,1,91.7,51.5,30.54734030975528,12.693042636765881,Left Foot,Open Play,Off T,0,0.021919996,0.01899184384974469,0.00012922806087629397
Saleh Khalid Al Shehri,Saudi Arabia,3857260,43,2,92.9,41.7,27.15326867984773,15.32460417513193,Left Foot,Open Play,Saved,0,0.02182735,0.029666380042863476,0.10258854285029465
Ernesto Alexis Vega Rojas,Mexico,3857260,43,2,101.6,38.9,18.432851108821993,22.42493236848654,Right Foot,Open Play,Saved,0,0.3665275,0.0698484389137453,0.08078821839801868
Mohammed Kanoo,Saudi Arabia,3857260,43,7,113.0,54.1,15.7419820861288,12.330188141698205,Right Foot,Open Play,Off T,0,0.047937077,0.07369353098756376,0.0360051132115779
Mohammed Kanoo,Saudi Arabia,3857260,43,12,96.3,33.5,24.575190741884388,16.371185386221505,Right Foot,Free Kick,Off T,0,0.073429175,0.07289667142116121,0.004048299233055186
Luis Gerardo Chávez Magallón,Mexico,3857260,43,22,92.7,40.4,27.30293024567143,15.26858026410043,Left Foot,Open Play,Saved,0,0.01981399,0.029134239977130386,0.04937197472263625
Orbelín Pineda Alvarado,Mexico,3857260,43,24,104.0,44.6,16.648123017325407,23.942782688349183,Right Foot,Open Play,Saved,0,0.0489465,0.0874329936164924,0.13219953942200158
Orbelín Pineda Alvarado,Mexico,3857260,43,26,115.8,34.5,6.9202601107183845,41.70982360387517,Head,Open Play,Wayward,0,0.30787364,0.14369684359735388,0.00188134663465176
Luis Gerardo Chávez Magallón,Mexico,3857260,43,34,89.6,28.9,32.36309626719916,12.145717500636248,Left Foot,Open Play,Blocked,0,0.016814427,0.015254426712638786,3.069512938098229e-05
Jesús Daniel Gallardo Vasconcelos,Mexico,3857260,43,35,106.8,43.3,13.606248564538282,29.363683696776533,Right Foot,Open Play,Off T,0,0.06430086,0.134785216384483,0.01456291045289689
Luis Gerardo Chávez Magallón,Mexico,3857260,43,40,84.6,49.2,36.5759483814159,11.070427577178801,Left Foot,Free Kick,Blocked,0,0.0066389865,0.022429747525724828,0.0002261634382390275
Orbelín Pineda Alvarado,Mexico,3857260,43,40,102.0,45.2,18.73606148580859,21.317372060321578,Left Foot,Open Play,Blocked,0,0.062194254,0.08566527819751228,0.2349362515111454
Ernesto Alexis Vega Rojas,Mexico,3857260,43,44,106.1,29.3,17.54137964927503,19.071479563258244,Right Foot,Open Play,Blocked,0,0.04950449,0.07108623948253937,0.00014946541300176575
Luis Gerardo Chávez Magallón,Mexico,3857260,43,44,92.9,30.0,28.886155853626487,13.583366057214413,Left Foot,Open Play,Blocked,0,0.015146091,0.023410835814053878,0.06094175769031466
Ali Al Hassan,Saudi Arabia,3857260,43,50,110.1,45.6,11.374093370462552,31.999698641261638,Head,Open Play,Off T,0,0.10154356,0.07303540283225338,0.0004272262584552432
Luis Gerardo Chávez Magallón,Mexico,3857260,43,46,85.5,41.2,34.52086325687699,12.097004576972028,Left Foot,Open Play,Saved,0,0.018109906,0.011921656135032314,0.03748343773260949
Hirving Rodrigo Lozano Bahena,Mexico,3857260,43,46,102.7,19.2,27.054204848784597,9.995282376385337,Right Foot,Open Play,Blocked,0,0.0068189544,0.01996996278672239,9.240389650955152e-07
Henry Josué Martín Mex,Mexico,3857260,43,46,116.7,40.2,3.3060550509633053,95.82799004039111,Left Foot,Open Play,Goal,1,0.28809994,0.781317731911117,0.7946260886320639
Sultan Abdullah Salim Al Ghannam,Saudi Arabia,3857260,43,49,115.8,46.7,7.907591289387689,32.03472292588169,Right Foot,Open Play,Off T,0,0.21450256,0.24309812805287165,0.009472847727408917
Luis Gerardo Chávez Magallón,Mexico,3857260,43,51,86.7,41.3,33.3253657144224,12.525684748300629,Left Foot,Free Kick,Goal,1,0.024289701,0.03344997078491577,0.1855051990456055
Sultan Abdullah Salim Al Ghannam,Saudi Arabia,3857260,43,54,114.8,52.4,13.446189051177289,12.809976091851457,Head,Open Play,Off T,0,0.030311959,0.036985572235932816,0.00246752372272992
Henry Josué Martín Mex,Mexico,3857260,43,58,112.0,40.0,8.0,49.16818939087588,Head,Open Play,Wayward,0,0.09122391,0.1045046646929948,1.7027866061611923e-05
Abdulelah Al Amri,Saudi Arabia,3857260,43,61,109.1,45.1,12.034118164618468,31.26201610173355,Head,Open Play,Off T,0,0.037819926,0.06688964345401346,0.002605309820009235
Hirving Rodrigo Lozano Bahena,Mexico,3857260,43,66,97.5,31.3,24.12343259156955,16.15562255395573,Right Foot,Open Play,Saved,0,0.05300886,0.032246200100990614,0.10011457854762029
Firas Tariq Nasser Al Albirakan,Saudi Arabia,3857260,43,66,101.4,25.4,23.64571842850202,14.008661046529753,Left Foot,Open Play,Blocked,0,0.013105479,0.04244009013548939,1.5539224033996126e-05
Henry Josué Martín Mex,Mexico,3857260,43,69,108.8,34.9,12.30650234632083,30.704079588305053,Left Foot,Open Play,Off T,0,0.22500646,0.19907460922375753,0.01647400988313463
Luis Gerardo Chávez Magallón,Mexico,3857260,43,72,87.3,40.5,32.703822406562814,12.76976008508657,Left Foot,Free Kick,Saved,0,0.027150616,0.03605635932036246,0.1662894739482433
Orbelín Pineda Alvarado,Mexico,3857260,43,75,100.5,32.9,20.752349264601346,18.885061253926157,Right Foot,Open Play,Off T,0,0.08600338,0.049981233749610776,0.0004105058127895261
Carlos Uriel Antuna Romero,Mexico,3857260,43,77,109.4,35.9,11.365298060323799,33.82999236851583,Right Foot,Open Play,Blocked,0,0.26870292,0.18401614702542538,0.34933811048929536
Edson Omar Álvarez Velázquez,Mexico,3857260,43,77,85.8,42.8,34.3144284521832,12.136978233167692,Right Foot,Open Play,Saved,0,0.013687578,0.009225458032588143,0.05164151099514107
Salem Mohammed Al Dawsari,Saudi Arabia,3857260,43,80,89.2,40.3,30.80146100430952,13.552235724595315,Right Foot,Open Play,Off T,0,0.019886926,0.014255119109207499,0.005218972206400454
Luis Gerardo Chávez Magallón,Mexico,3857260,43,82,101.0,46.0,19.924858845171276,19.92867038892818,Left Foot,Open Play,Blocked,0,0.057560198,0.07313691441862474,0.16728748559112505
Rogelio Gabriel Funes Mori,Mexico,3857260,43,88,98.8,37.4,21.358838919754046,19.31338088864574,Right Foot,Open Play,Blocked,0,0.06664524,0.047244545756661246,0.0694615379944365
Hirving Rodrigo Lozano Bahena,Mexico,3857260,43,91,92.9,31.8,28.313424377845923,14.125717681221541,Right Foot,Free Kick,Saved,0,0.05359905,0.0460897901449907,0.10744300051172044
Hirving Rodrigo Lozano Bahena,Mexico,3857260,43,93,101.9,28.3,21.5522620622523,16.367822057287107,Right Foot,Open Play,Off T,0,0.06253588,0.04310910289415107,0.0027088443942144946
Salem Mohammed Al Dawsari,Saudi Arabia,3857260,43,94,110.9,45.2,10.480935072788112,34.62919625346426,Right Foot,Open Play,Goal,1,0.51574713,0.20302881271079326,0.42999131755610115
Krystian Bielik,Poland,3857264,43,4,100.7,41.3,19.343732835210474,21.384323644970316,Left Foot,Open Play,Blocked,0,0.061495427,0.0804604774346521,0.07396001843499905
Lionel Andrés Messi Cuccittini,Argentina,3857264,43,6,99.0,37.7,21.12557691519926,19.549856291475045,Right Foot,Open Play,Saved,0,0.050872557,0.048742829664580385,0.08213227662723677
Ángel Fabián Di María Hernández,Argentina,3857264,43,8,94.3,40.5,25.70486335306998,16.204331159748303,Left Foot,Open Play,Blocked,0,0.034158513,0.035615528539752805,0.042408261134381786
Lionel Andrés Messi Cuccittini,Argentina,3857264,43,9,111.7,25.8,16.447796204963144,13.29409171755451,Left Foot,Open Play,Saved,0,0.053250678,0.0907403525520848,0.0024073642307194383
Marcos Javier Acuña,Argentina,3857264,43,16,107.0,27.9,17.759786034747155,17.4888219754861,Right Foot,Open Play,Off T,0,0.05141401,0.06692823837783332,0.013716852496073918
Kamil Glik,Poland,3857264,43,21,105.9,43.5,14.52790418470606,27.571661813304896,Right Foot,Open Play,Wayward,0,0.06557972,0.11812412904520321,0.0006355873450458176
Julián Álvarez,Argentina,3857264,43,27,110.8,47.7,11.99708297879114,27.28966075920798,Right Foot,Open Play,Blocked,0,0.1493578,0.15113858213640402,0.14627089657396788
Marcos Javier Acuña,Argentina,3857264,43,27,102.9,22.5,24.467529503405117,12.072122844603518,Left Foot,Open Play,Off T,0,0.024708062,0.03698981764773765,0.00046891374997252354
Ángel Fabián Di María Hernández,Argentina,3857264,43,32,119.6,79.2,39.202040763205176,0.11012298233923341,Left Foot,Corner,Saved,0,0.00018,0.01272536627742718,0.04081970099704018
Enzo Fernandez,Argentina,3857264,43,34,91.6,39.7,28.40158446284292,14.685240292716587,Right Foot,Open Play,Off T,0,0.024548035,0.01923919912743029,0.002143216540038588
Julián Álvarez,Argentina,3857264,43,35,110.4,27.6,15.681836627130123,16.815522836687915,Left Foot,Open Play,Saved,0,0.19083758,0.10637512790991709,0.000649171981094358
Lionel Andrés Messi Cuccittini,Argentina,3857264,43,38,108.1,40.1,11.900420160649796,34.18984690946256,Left Foot,Penalty,Saved,0,0.7835,0.76,0.76
Julián Álvarez,Argentina,3857264,43,42,102.4,27.0,21.88058500132023,15.474276547556613,Right Foot,Open Play,Saved,0,0.03720347,0.040693863983118875,0.1137019338072683
Rodrigo Javier De Paul,Argentina,3857264,43,42,112.2,40.3,7.805767098754609,50.22144515615448,Other,Open Play,Saved,0,0.3152717,0.21403885243237727,0.2910694304619116
Ángel Fabián Di María Hernández,Argentina,3857264,43,43,106.7,58.4,22.70352395554487,10.97432147217236,Left Foot,Open Play,Saved,0,0.010134568,0.04378994913958035,0.13368437705234362
Alexis Mac Allister,Argentina,3857264,43,45,106.0,46.7,15.520631430454111,24.250260697106935,Right Foot,Open Play,Goal,1,0.107545994,0.09905556929136618,0.0014695656640137213
Kamil Glik,Poland,3857264,43,49,108.8,43.5,11.73413822996815,33.40865566254188,Head,Open Play,Off T,0,0.04381306,0.048683849279983746,0.0007213182644542058
Michał Skóraś,Poland,3857264,43,52,101.1,56.9,25.35389516425435,12.396532814144477,Left Foot,Open Play,Blocked,0,0.026707038,0.033782021935223755,5.637051458394387e-06
Lionel Andrés Messi Cuccittini,Argentina,3857264,43,52,105.8,28.4,18.33575741549828,17.848716667277426,Left Foot,Open Play,Wayward,0,0.06119443,0.08253918425751258,3.0402188586438384e-05
Lionel Andrés Messi Cuccittini,Argentina,3857264,43,55,109.4,50.7,15.06154042586614,19.976519924152548,Left Foot,Open Play,Wayward,0,0.058334265,0.08293975850716066,0.0012204900180575187
Julián Álvarez,Argentina,3857264,43,55,107.7,41.5,12.391125856838027,32.71878368972206,Left Foot,Open Play,Blocked,0,0.15200824,0.20563009286957817,0.22761488129607355
Alexis Mac Allister,Argentina,3857264,43,60,106.0,46.0,15.231546211727817,25.11680908815133,Left Foot,Open Play,Saved,0,0.13009955,0.13367173141903618,0.21479379706560736
Lionel Andrés Messi Cuccittini,Argentina,3857264,43,63,107.2,25.9,19.04337155022713,15.017381196107046,Left Foot,Open Play,Blocked,0,0.023947677,0.07171268903226256,3.3273555906914426e-05
Julián Álvarez,Argentina,3857264,43,66,106.0,33.5,15.435349040433131,24.501676576526183,Right Foot,Open Play,Goal,1,0.10054177,0.1005029768042573,0.4754719897235781
Lionel Andrés Messi Cuccittini,Argentina,3857264,43,70,106.5,35.1,14.36175476743702,27.12972673842411,Left Foot,Open Play,Saved,0,0.13232325,0.15208880938669475,0.19430081152684622
Julián Álvarez,Argentina,3857264,43,72,106.1,52.6,18.760863519571807,16.726515310964707,Right Foot,Open Play,Off T,0,0.18145993,0.0590064255329435,0.0022503531744233873
Lautaro Javier Martínez,Argentina,3857264,43,85,109.4,52.2,16.161683080669537,17.386273686208998,Right Foot,Open Play,Off T,0,0.17955275,0.07920120313974441,0.00040082042915833737
Nicolás Alejandro Tagliafico,Argentina,3857264,43,91,108.2,30.2,15.338839591051206,21.270156674636745,Left Foot,Open Play,Saved,0,0.22421487,0.12159483486438925,0.0012713844924934245
César Jasib Montes Castro,Mexico,3857289,43,9,107.6,38.6,12.478781991845203,32.527869929078136,Left Foot,Open Play,Off T,0,0.0988946,0.14287598747978686,0.000519741293564604
Lautaro Javier Martínez,Argentina,3857289,43,39,112.7,39.5,7.317103251970684,53.083878557902175,Head,Open Play,Off T,0,0.13799548,0.12222284893085776,0.003304841552546262
Ernesto Alexis Vega Rojas,Mexico,3857289,43,44,92.4,35.8,27.917736297916413,14.775169994880759,Right Foot,Free Kick,Saved,0,0.05948228,0.04888615859007961,0.1775597737291911
Ernesto Alexis Vega Rojas,Mexico,3857289,43,49,92.8,23.0,32.07553584899245,11.093573855693622,Right Foot,Open Play,Off T,0,0.0077116457,0.011605723219947687,0.002280079947687269
Hirving Rodrigo Lozano Bahena,Mexico,3857289,43,47,93.5,36.8,26.692508312258703,15.507911799920704,Right Foot,Open Play,Blocked,0,0.040303126,0.023803140121515024,0.05447528834991227
Lionel Andrés Messi Cuccittini,Argentina,3857289,43,50,94.8,41.9,25.271525478292762,16.43723536777892,Left Foot,Free Kick,Off T,0,0.067327775,0.08804717250370311,0.004819508853501187
Lionel Andrés Messi Cuccittini,Argentina,3857289,43,63,94.9,37.4,25.234302050978144,16.422238059909958,Left Foot,Open Play,Goal,1,0.033919714,0.03772308394779397,0.11856847863273645
Nahuel Molina Lucero,Argentina,3857289,43,69,101.5,49.2,20.66131651178114,18.13369451401542,Right Foot,Open Play,Off T,0,0.050896797,0.04958887476664194,0.007910728856054464
Enzo Fernandez,Argentina,3857289,43,86,106.5,22.8,21.865269264292174,12.005444830882656,Right Foot,Open Play,Goal,1,0.035064373,0.037503603964065615,0.22179194160232948
Breel-Donald Embolo,Switzerland,3869254,43,4,104.1,27.2,20.41200627082013,16.099291515225566,Left Foot,Open Play,Blocked,0,0.06137733,0.06348546817271111,0.00010892148785157153
Gonçalo Matias Ramos,Portugal,3869254,43,16,111.3,27.5,15.229576487873851,16.246161797128195,Left Foot,Open Play,Goal,1,0.10102074,0.11003066350955888,0.577841017754894
Otávio Edmilson da Silva Monteiro,Portugal,3869254,43,21,101.4,36.8,18.873261509341724,21.6615456251942,Right Foot,Open Play,Saved,0,0.032515083,0.06544496127285791,0.1145996609751488
Gonçalo Matias Ramos,Portugal,3869254,43,21,100.7,32.2,20.81657993043045,18.594173421236263,Right Foot,Open Play,Saved,0,0.072023906,0.0492890072448796,0.07252171352802306
Xherdan Shaqiri,Switzerland,3869254,43,29,87.2,46.1,33.36240399012038,12.316540446402605,Left Foot,Free Kick,Saved,0,0.023890225,0.03314426657633727,0.10129201710651585
Kléper Laveran Lima Ferreira,Portugal,3869254,43,32,114.3,40.0,5.700000000000003,65.40946715400369,Head,Open Play,Goal,1,0.12779379,0.18587705995587117,0.3000840898885379
Remo Freuler,Switzerland,3869254,43,37,115.9,44.0,5.72800139664787,57.10166016005343,Head,Open Play,Saved,0,0.2948616,0.22050960394160354,0.6134409292543652
Fabian Lukas Schär,Switzerland,3869254,43,37,99.9,53.7,24.324884377936925,14.27432579573673,Right Foot,Open Play,Off T,0,0.024413843,0.030124499119958438,0.007076725505780015
Gonçalo Matias Ramos,Portugal,3869254,43,42,107.5,33.4,14.135416513141733,26.14373941783671,Left Foot,Open Play,Saved,0,0.31703457,0.15227377142641682,0.14977565904049098
Raphaël Adelino José Guerreiro,Portugal,3869254,43,47,96.0,25.0,28.30194339616981,12.57433134672206,Left Foot,Open Play,Off T,0,0.021823613,0.024392939905043674,0.003961598033759543
Gonçalo Matias Ramos,Portugal,3869254,43,48,114.4,35.1,7.441102068914249,44.32159593074144,Head,Open Play,Wayward,0,0.09938955,0.09931080242781823,0.001033973607343203
Gonçalo Matias Ramos,Portugal,3869254,43,50,115.8,44.4,6.082762530298221,52.48393452539711,Left Foot,Open Play,Goal,1,0.5086819,0.46747059023448356,0.6484421117849911
João Félix Sequeira,Portugal,3869254,43,52,103.5,26.4,21.382469455140114,15.2238372527875,Left Foot,Open Play,Blocked,0,0.043932665,0.037314541604035995,6.168461793463276e-05
Kléper Laveran Lima Ferreira,Portugal,3869254,43,53,110.8,35.6,10.198039027185573,36.62250548535848,Head,Open Play,Wayward,0,0.05800441,0.06208707232629307,0.0003568752681240301
Raphaël Adelino José Guerreiro,Portugal,3869254,43,54,110.9,32.4,11.85622199522259,27.64485752686406,Left Foot,Open Play,Goal,1,0.35848966,0.13682202592844578,0.43128843006798107
Manuel Obafemi Akanji,Switzerland,3869254,43,57,118.7,35.4,4.780167361086849,45.18604813885109,Right Foot,Open Play,Goal,1,0.6688656,0.39018260539260874,0.44440001443716437
Xherdan Shaqiri,Switzerland,3869254,43,65,101.7,63.9,30.10149497948565,8.533925422053033,Left Foot,Open Play,Wayward,0,0.007870479,0.018036214458005444,1.3561143444976871e-08
Gonçalo Matias Ramos,Portugal,3869254,43,66,112.6,45.8,9.40212741883453,35.83672696783232,Right Foot,Open Play,Goal,1,0.46699882,0.16270841696456959,0.3420072948434158
Denis Lemi Zakaria Lako Lado,Switzerland,3869254,43,70,97.5,36.4,22.786180022109892,18.035949005488288,Right Foot,Open Play,Blocked,0,0.04188712,0.039148646703063714,0.08288286150293772
Cristiano Ronaldo dos Santos Aveiro,Portugal,3869254,43,75,88.9,44.9,31.483646548644895,13.105843755183818,Right Foot,Free Kick,Blocked,0,0.028790973,0.03165072997818802,0.0003489153560877237
Breel-Donald Embolo,Switzerland,3869254,43,79,102.1,39.2,17.917868176767016,23.068838198096508,Right Foot,Open Play,Blocked,0,0.032889098,0.05026701812414008,0.05322513453001256
Granit Xhaka,Switzerland,3869254,43,80,113.2,34.5,8.745856161634489,38.27037183966161,Head,Open Play,Off T,0,0.0836758,0.07539942096795316,0.009213246784568805
Noah Okafor,Switzerland,3869254,43,84,108.4,23.1,20.498048687619022,11.790876205005583,Right Foot,Open Play,Blocked,0,0.032096077,0.04340144300091003,6.1745805359898625e-06
Rafael Alexandre Conceição Leão,Portugal,3869254,43,91,105.0,21.7,23.661994844053197,11.360441456960546,Right Foot,Open Play,Goal,1,0.010257767,0.019966229010440508,0.0816948848630772
Rúben Santos Gato Alves Dias,Portugal,3869254,43,93,108.0,41.9,12.149485585818026,33.20375335360121,Head,Open Play,Blocked,0,0.03750256,0.0691236884818677,0.07577526440859236
John Stones,England,3869118,43,20,113.5,45.4,8.450443775329198,39.35658996548618,Other,Open Play,Off T,0,0.08366814,0.1615578753785724,0.02753557856769121
Boulaye Dia,Senegal,3869118,43,21,108.6,42.7,11.715374513859988,33.97046877601951,Right Foot,Open Play,Blocked,0,0.05336251,0.1785497856793925,0.26214743834292054
Ismaïla Sarr,Senegal,3869118,43,22,115.7,40.5,4.3289721643826695,80.36349007656439,Right Foot,Open Play,Off T,0,0.629174,0.618912959090247,0.1510645740799487
Boulaye Dia,Senegal,3869118,43,31,112.8,28.9,13.23064624271997,18.057463209752978,Left Foot,Open Play,Saved,0,0.0358749,0.14006209604531597,0.40484960292475153
Jordan Brian Henderson,England,3869118,43,38,107.6,38.0,12.56025477448607,32.159310768530275,Left Foot,Open Play,Goal,1,0.13174866,0.20021529034185384,0.2863696785080819
Harry Kane,England,3869118,43,40,110.0,39.3,10.024470060806207,40.045955393038355,Right Foot,Open Play,Off T,0,0.18422936,0.23515314464420872,0.03372675276168415
Harry Kane,England,3869118,43,47,104.3,50.7,18.999473676920637,18.295757748497405,Right Foot,Open Play,Goal,1,0.20664306,0.039817540941671406,0.051818639180740644
Pape Matar Sarr,Senegal,3869118,43,49,92.8,35.2,27.620282402611313,14.877267706716882,Left Foot,Open Play,Off T,0,0.018660808,0.027851249722334978,0.00010253876248050025
Bukayo Saka,England,3869118,43,53,107.7,53.4,18.18928255869373,15.834327385643505,Right Foot,Open Play,Off T,0,0.03518777,0.06147242959811853,0.0012912561114919708
Harry Kane,England,3869118,43,55,90.5,27.1,32.19720484762613,11.916316962648889,Right Foot,Open Play,Saved,0,0.015214441,0.011681074129476112,0.02342124684666221
Bukayo Saka,England,3869118,43,56,111.0,35.9,9.889893831583837,37.96974367895738,Left Foot,Open Play,Goal,1,0.21738943,0.20469696794726328,0.25129398554692495
Pape Matar Sarr,Senegal,3869118,43,68,89.0,36.2,31.232034836046143,13.271926581514741,Right Foot,Open Play,Blocked,0,0.013223637,0.01348086429019,0.03846855807532721
Pape Matar Sarr,Senegal,3869118,43,73,87.8,49.9,33.68753478662397,11.869495628773713,Right Foot,Free Kick,Off T,0,0.021199826,0.023992447893874124,0.0003946245321296262
Ismaïla Sarr,Senegal,3869118,43,83,111.6,39.3,8.429116205154614,46.842948806866175,Head,Open Play,Off T,0,0.107544675,0.13818190888178714,0.018468262434474452
Pape Gueye,Senegal,3869118,43,86,96.7,52.4,26.39412813487121,14.015910741133544,Left Foot,Open Play,Blocked,0,0.027956013,0.03128424142184628,9.405723082856472e-05
Pape Matar Sarr,Senegal,3869118,43,88,93.1,38.3,26.953663943887115,15.436312714284673,Right Foot,Open Play,Off T,0,0.032847784,0.023073335065552064,0.0062763206385893595
Marcus Rashford,England,3869118,43,90,117.8,45.9,6.296824596572465,31.52424084407507,Right Foot,Open Play,Off T,0,0.1459426,0.19970215555993498,0.006716487252313189
Cheikh Ahmadou Bamba Mbacke Dieng,Senegal,3869118,43,92,94.0,54.7,29.867875719575373,12.221149867810988,Right Foot,Free Kick,Blocked,0,0.03296228,0.03708548140649611,3.059351082160957e-05
Dejan Lovren,Croatia,3869519,43,15,115.0,27.7,13.277424449041312,12.66322784437108,Head,Open Play,Off T,0,0.014029023,0.024867295021860622,0.001611586292041408
Enzo Fernandez,Argentina,3869519,43,24,93.1,36.9,27.07803537925158,15.298987498285557,Right Foot,Open Play,Saved,0,0.027808638,0.02267623368410165,0.0740911697337846
Ivan Perišić,Croatia,3869519,43,30,106.9,23.2,21.30375553746334,12.282292018050057,Right Foot,Open Play,Off T,0,0.034139045,0.04017679387000033,0.002090837157033437
Lionel Andrés Messi Cuccittini,Argentina,3869519,43,33,108.0,40.0,12.0,33.92341177306582,Left Foot,Penalty,Goal,1,0.7835,0.76,0.76
Julián Álvarez,Argentina,3869519,43,38,112.7,37.4,7.7491935064237465,48.87613704188086,Right Foot,Open Play,Goal,1,0.36172354,0.33259848201527875,0.6171049052537173
Rodrigo Javier De Paul,Argentina,3869519,43,40,95.6,51.4,26.931765630942213,14.083718800168407,Right Foot,Open Play,Blocked,0,0.027667157,0.02237839007136675,9.310964515409675e-05
Alexis Mac Allister,Argentina,3869519,43,41,113.5,32.8,9.700000000000001,30.52496167037696,Head,Open Play,Saved,0,0.0684051,0.08433072546642166,0.16491933228965577
Luka Modrić,Croatia,3869519,43,44,92.9,46.3,27.822652641328066,14.615752258399926,Right Foot,Open Play,Blocked,0,0.026162526,0.020504434799977968,0.06314185926926351
Mario Pašalić,Croatia,3869519,43,44,119.4,45.8,5.830951894845297,12.032985665627706,Right Foot,Open Play,Off T,0,0.07864248,0.19836981841805382,0.008663239818961164
Leandro Daniel Paredes,Argentina,3869519,43,48,85.0,44.8,35.32760959929217,11.723023140082498,Right Foot,Open Play,Saved,0,0.014370957,0.008133197893689412,0.015356029165533027
Lionel Andrés Messi Cuccittini,Argentina,3869519,43,57,112.7,30.1,12.30040649734796,21.180643285975464,Left Foot,Open Play,Saved,0,0.10581502,0.1135738655410598,0.001608104649592105
Mislav Oršić,Croatia,3869519,43,57,98.4,22.8,27.6115917686757,11.919921917994774,Right Foot,Open Play,Blocked,0,0.021008598,0.019656942842651445,3.916371704128499e-06
Dejan Lovren,Croatia,3869519,43,61,112.7,40.1,7.300684899377589,53.24872912140888,Head,Open Play,Blocked,0,0.09374543,0.12286948524065007,0.09406365825154671
Julián Álvarez,Argentina,3869519,43,68,113.3,45.4,8.605230967266365,38.95834821664833,Right Foot,Open Play,Goal,1,0.33366448,0.26055832088360464,0.20439612483584418
Ivan Perišić,Croatia,3869519,43,72,82.3,43.9,37.90118731649446,10.974413325271238,Left Foot,Free Kick,Saved,0,0.00752127,0.01926880405981545,0.04256515549500964
Ivan Perišić,Croatia,3869519,43,74,85.8,21.3,38.97858386344994,9.43844123056682,Left Foot,Open Play,Off T,0,0.0058680973,0.00670877609766322,0.00047531464290081257
Mislav Oršić,Croatia,3869519,43,77,108.0,21.9,21.71658352503911,10.851982927916124,Right Foot,Open Play,Off T,0,0.011610668,0.03708345093028589,0.0016702757614894723
Alexis Mac Allister,Argentina,3869519,43,82,107.1,46.7,14.536161804272824,25.50765142271555,Right Foot,Open Play,Off T,0,0.14140838,0.11275838701413213,0.0017136192794450001
Lovro Majer,Croatia,3869519,43,88,96.0,35.4,24.436857408431223,16.748817208848575,Left Foot,Open Play,Saved,0,0.044770177,0.04152838193269368,0.07762107864861945
Nikola Vlašić,Croatia,3869519,43,92,103.6,52.3,20.500000000000004,16.43942129963419,Left Foot,Open Play,Off T,0,0.049129687,0.06338819654023789,0.0013723717018218485
Dejan Lovren,Croatia,3869519,43,94,89.3,36.5,30.89886729315494,13.426729559581206,Left Foot,Open Play,Off T,0,0.02342664,0.018583185872898707,0.0005773024326649517
Philip Foden,England,3869354,43,3,100.2,40.0,19.799999999999997,20.94564803823528,Left Foot,Open Play,Blocked,0,0.022691524,0.07588220432173047,0.058664352419419426
Olivier Giroud,France,3869354,43,10,110.3,38.2,9.865596788841517,40.22942965560931,Head,Open Play,Saved,0,0.21537142,0.10327363502017609,0.1049160383314432
Aurélien Djani Tchouaméni,France,3869354,43,16,92.5,43.5,27.721832551258224,14.927083546316686,Right Foot,Open Play,Goal,1,0.027870113,0.020897767904098637,0.08478030337535183
Luke Shaw,England,3869354,43,20,98.0,53.2,25.65618833731932,14.021934250716852,Left Foot,Free Kick,Saved,0,0.05589417,0.07999373607982121,0.11514792066098521
Harry Kane,England,3869354,43,21,113.6,52.2,13.776792079435623,14.872824394040105,Right Foot,Open Play,Saved,0,0.07522586,0.09610771654739851,0.0001671418816810238
Jude Bellingham,England,3869354,43,21,117.3,35.7,5.0774009099144415,57.92816398746192,Head,Open Play,Blocked,0,0.21807538,0.16905823719271001,0.3531694086060624
Harry Kane,England,3869354,43,28,96.7,57.1,28.901557051480808,11.723245241828021,Right Foot,Open Play,Saved,0,0.018916143,0.01690572924161851,0.11802658268252549
Kylian Mbappé Lottin,France,3869354,43,38,107.9,32.9,14.029255147726122,25.774973943865923,Left Foot,Open Play,Off T,0,0.06798863,0.15266338031604224,0.012124771512286301
Jude Bellingham,England,3869354,43,46,101.1,48.0,20.52340127756606,18.73912296950108,Right Foot,Open Play,Saved,0,0.046397094,0.05107195521333095,0.2286736969613272
Harry Maguire,England,3869354,43,47,116.2,30.9,9.86154146165801,18.351603361376142,Head,Open Play,Blocked,0,0.048588943,0.04176091962362842,0.00042012876564842094
Jordan Brian Henderson,England,3869354,43,51,101.1,56.4,25.02338905903835,12.722539618209604,Right Foot,Open Play,Blocked,0,0.017202334,0.026827717873445633,0.00022094855303167688
Harry Kane,England,3869354,43,53,108.1,40.1,11.900420160649796,34.18984690946256,Right Foot,Penalty,Goal,1,0.7835,0.76,0.76
Adrien Rabiot,France,3869354,43,54,95.6,43.2,24.608941464435244,16.78323593171146,Left Foot,Open Play,Saved,0,0.06667264,0.040779779146009325,0.09382362347611624
Bukayo Saka,England,3869354,43,59,103.2,47.6,18.43908891458577,20.632806862847392,Right Foot,Open Play,Saved,0,0.07073746,0.0447960742121063,0.04016311558271734
Ousmane Dembélé,France,3869354,43,60,99.5,53.8,24.71214276423637,14.10270844640281,Left Foot,Open Play,Blocked,0,0.030820057,0.03780249453532033,0.00020773356323453227
Harry Kane,England,3869354,43,61,99.1,53.8,25.04495957273639,13.994455690895546,Left Foot,Open Play,Saved,0,0.029508974,0.03633693839240502,0.12369389392606937
Harry Maguire,England,3869354,43,69,109.1,35.0,11.992080720208655,31.458445099433348,Head,Open Play,Post,0,0.07199757,0.06750112424249395,0.23462729884624692
Luke Shaw,England,3869354,43,70,108.4,21.7,21.66679487141557,10.547036413070398,Left Foot,Open Play,Blocked,0,0.006951497,0.04857845355239875,4.329498209233369e-06
Olivier Giroud,France,3869354,43,74,112.9,47.0,9.970456358662823,31.14139607193324,Head,Open Play,Off T,0,0.075690374,0.05593913519848619,0.0008710455799557991
Olivier Giroud,France,3869354,43,76,111.3,40.5,8.71435597161374,45.517256785770144,Left Foot,Open Play,Saved,0,0.20829616,0.35257068713001366,0.4786163323703435
Olivier Giroud,France,3869354,43,77,114.7,36.4,6.407027391856538,54.518129949381695,Head,Open Play,Goal,1,0.14665264,0.1381422882282351,0.42646214659244314
Harry Kane,England,3869354,43,83,108.1,40.1,11.900420160649796,34.18984690946256,Right Foot,Penalty,Off T,0,0.7835,0.76,0.76
Mason Mount,England,3869354,43,88,89.5,44.7,30.86000648088072,13.375276678564555,Right Foot,Open Play,Off T,0,0.024138648,0.014098989244981508,0.0014992797286233212
Marcus Rashford,England,3869354,43,100,97.5,34.1,23.2606964642076,17.33472020073653,Right Foot,Free Kick,Off T,0,0.07922588,0.08568932050383232,0.005549924644940142
Kylian Mbappé Lottin,France,3869552,43,4,108.5,47.3,13.621306838919677,26.059006139780763,Left Foot,Open Play,Blocked,0,0.09459595,0.1105626038041669,0.2930508168580875
Theo Bernard François Hernández,France,3869552,43,4,115.7,31.5,9.525754563287887,22.144308032649224,Left Foot,Open Play,Goal,1,0.0979349,0.21659443200748882,0.3157630713142643
Azzedine Ounahi,Morocco,3869552,43,9,95.5,26.2,28.119210515233178,12.992123154212706,Right Foot,Open Play,Saved,0,0.01924696,0.019055380264878623,0.03860155866530375
Hakim Ziyech,Morocco,3869552,43,16,106.4,54.6,19.952944644838762,14.507747707726136,Right Foot,Open Play,Off T,0,0.06111174,0.049165649353059615,8.003574277978325e-05
Olivier Giroud,France,3869552,43,16,105.4,26.8,19.68247951859724,15.947322098658493,Left Foot,Open Play,Post,0,0.09802507,0.06842882578492065,0.37514825074758684
Achraf Hakimi Mouh,Morocco,3869552,43,25,95.3,53.3,28.05316381444346,13.15516117971332,Right Foot,Open Play,Blocked,0,0.020597277,0.01927508401751003,1.5383096939672864e-05
Aurélien Djani Tchouaméni,France,3869552,43,32,96.0,32.9,25.02818411311536,15.991445178600813,Right Foot,Open Play,Blocked,0,0.040336993,0.029030413506289238,0.0442731465470444
Olivier Giroud,France,3869552,43,34,111.9,44.5,9.266067126888295,39.29080186699251,Head,Open Play,Blocked,0,0.060999498,0.07303328642921979,0.0009558052053220512
Youssouf Fofana,France,3869552,43,34,104.3,46.5,16.992351220475644,22.65481479003972,Left Foot,Open Play,Off T,0,0.061363008,0.10589684457688237,0.021539773058128164
Kylian Mbappé Lottin,France,3869552,43,35,111.7,30.9,12.31665539016173,23.715494132682604,Right Foot,Open Play,Blocked,0,0.15100354,0.1356514767393358,0.1776582887635153
Olivier Giroud,France,3869552,43,35,105.8,42.5,14.418391033676402,28.12146614011808,Left Foot,Open Play,Off T,0,0.2635025,0.15445957485206233,0.004051089955489499
Raphaël Varane,France,3869552,43,39,113.7,47.9,10.1044544632553,27.469200580062594,Right Foot,Open Play,Off T,0,0.07554505,0.1819647821103942,0.0030921110874954742
Jawad El Yamiq,Morocco,3869552,43,43,107.2,33.9,14.179210133149164,26.53299519177563,Right Foot,Open Play,Saved to Post,0,0.06408756,0.11961324031843036,0.3345885923117792
Sofiane Boufal,Morocco,3869552,43,43,96.7,37.2,23.46763729053268,17.61002543125227,Right Foot,Open Play,Off T,0,0.035300843,0.035928392121383414,0.0001010207211229072
Jules Koundé,France,3869552,43,46,94.0,50.6,28.077749197540747,13.79794209350863,Right Foot,Open Play,Blocked,0,0.01766911,0.012849700087758209,0.0343860220746324
Yahia Attiyat allah,Morocco,3869552,43,52,109.8,35.1,11.315917991926243,33.07254504627081,Right Foot,Open Play,Wayward,0,0.24936919,0.18203547225094532,7.569312658005373e-05
Sofyan Amrabat,Morocco,3869552,43,53,92.5,36.0,27.789386463180506,14.856588692397558,Right Foot,Open Play,Off T,0,0.020691318,0.020703301294474053,0.00012993744025930883
Marcus Thuram,France,3869552,43,70,114.5,45.5,7.7781745930520225,40.5204193956332,Head,Open Play,Off T,0,0.115658596,0.08796120648029111,0.0011552451436673923
Youssouf Fofana,France,3869552,43,73,111.6,27.3,15.226621424334423,15.72023075792616,Left Foot,Open Play,Off T,0,0.040043775,0.10878266347424166,0.0038331263315797347
Kylian Mbappé Lottin,France,3869552,43,78,107.2,29.8,16.36704005005181,20.212684637120507,Right Foot,Open Play,Blocked,0,0.033641826,0.055644854908359735,0.00010007294720909493
Randal Kolo Muani,France,3869552,43,78,115.6,43.8,5.8137767414994554,57.64493920202533,Right Foot,Open Play,Goal,1,0.8521293,0.43679613979065457,0.5800954848042682
Zakaria Aboukhlal,Morocco,3869552,43,85,107.1,41.0,12.938701635017331,31.512940578179897,Head,Open Play,Wayward,0,0.024939176,0.0407492296139544,0.0001567674283766331
Abdessamad Ezzalzouli,Morocco,3869552,43,92,106.9,32.9,14.900335566691103,24.685376703859692,Right Foot,Open Play,Blocked,0,0.05950738,0.1066527147752492,0.0005976731173278309
Azzedine Ounahi,Morocco,3869552,43,92,103.0,48.2,18.874321179846444,19.94904887266642,Right Foot,Open Play,Blocked,0,0.06379096,0.06286735226209605,0.0002058148848912547
Azzedine Ounahi,Morocco,3869552,43,93,98.1,48.0,23.315445524372898,16.822461711658477,Left Foot,Open Play,Blocked,0,0.03807111,0.04707099332786013,0.0004182394435039266
Azzedine Ounahi,Morocco,3869552,43,93,108.6,44.6,12.293087488503453,31.21191143772334,Right Foot,Open Play,Blocked,0,0.067406826,0.15952714312081667,0.35669041374638427
Abderrazak Hamdallah,Morocco,3869552,43,93,115.9,37.4,4.8548944375753385,71.27277264686542,Other,Open Play,Blocked,0,0.50624365,0.39308514325723526,0.3694084244305338
Vinícius José Paixão de Oliveira Júnior,Brazil,3869420,43,4,98.8,20.8,28.60209782515961,10.915529965348945,Right Foot,Open Play,Saved,0,0.008460451,0.01714533832309729,0.033330094587798016
Ivan Perišić,Croatia,3869420,43,12,112.2,43.2,8.430895563343196,44.70628660157793,Right Foot,Open Play,Off T,0,0.19016835,0.29332884923039626,0.00014755447389006637
Andrej Kramarić,Croatia,3869420,43,18,99.5,27.0,24.27447218787671,14.605698821902303,Right Foot,Open Play,Blocked,0,0.026674595,0.03053903889306233,2.81044603576691e-05
Vinícius José Paixão de Oliveira Júnior,Brazil,3869420,43,19,103.0,34.8,17.77751388693031,22.35127018670693,Right Foot,Open Play,Blocked,0,0.06970771,0.07479000454612524,0.15196452049212567
Neymar da Silva Santos Junior,Brazil,3869420,43,20,107.2,24.9,19.79520143873257,13.905421518008074,Right Foot,Open Play,Saved,0,0.025347186,0.049311724066642144,0.0009117449682284995
Carlos Henrique Casimiro,Brazil,3869420,43,22,96.4,49.8,25.55386467836127,15.114485420259353,Right Foot,Open Play,Blocked,0,0.030699778,0.02679292927759137,6.79808985316452e-05
Ivan Perišić,Croatia,3869420,43,29,100.8,20.7,27.2237029075767,10.930700745097914,Right Foot,Open Play,Off T,0,0.012010745,0.02004550507599866,0.001363463596220729
Neymar da Silva Santos Junior,Brazil,3869420,43,41,100.9,17.2,29.74306641891518,9.116647648139374,Right Foot,Free Kick,Saved,0,0.008240742,0.03489235048057402,0.1115007153680338
Ivan Perišić,Croatia,3869420,43,50,111.9,41.4,8.220097323024826,47.58242352725045,Head,Open Play,Wayward,0,0.11005159,0.09857520110444616,0.00011400124636979834
Neymar da Silva Santos Junior,Brazil,3869420,43,54,112.6,29.0,13.257450735341244,18.44972632894438,Left Foot,Open Play,Saved,0,0.16692519,0.14087320101933698,0.0014351471481697535
Carlos Henrique Casimiro,Brazil,3869420,43,65,89.1,28.8,32.8671568590896,11.970250476972845,Right Foot,Free Kick,Blocked,0,0.026057322,0.026373527750640523,4.7965148437938006e-05
Lucas Tolentino Coelho de Lima,Brazil,3869420,43,65,111.6,34.5,10.040418317978594,35.122865303106494,Left Foot,Open Play,Saved,0,0.26807922,0.2649386800695851,0.7326174716673606
Éder Gabriel Militão,Brazil,3869420,43,66,101.4,53.7,23.100865784641055,14.665560405697827,Right Foot,Open Play,Blocked,0,0.04353941,0.034858276579059315,1.824426423236505e-05
Andrej Kramarić,Croatia,3869420,43,70,101.2,57.3,25.54858117391257,12.147508052078727,Left Foot,Open Play,Blocked,0,0.030721588,0.03285884725349427,5.090127759712573e-06
Neymar da Silva Santos Junior,Brazil,3869420,43,75,114.1,28.2,13.192801067248762,15.04683530464981,Left Foot,Open Play,Saved,0,0.12963046,0.13173752796026195,0.0003903961297752801
Lucas Tolentino Coelho de Lima,Brazil,3869420,43,79,104.6,32.8,17.000000000000007,22.245594579697624,Left Foot,Open Play,Saved,0,0.092192985,0.10484927746959699,0.22264415284359418
Richarlison de Andrade,Brazil,3869420,43,81,109.4,41.0,10.647065323364927,37.818483044463605,Head,Open Play,Off T,0,0.067200735,0.06082695295979427,0.0031234744296676567
Nikola Vlašić,Croatia,3869420,43,84,107.0,54.2,19.25201288177421,14.91566791864811,Right Foot,Open Play,Blocked,0,0.026884926,0.05359744784207359,3.0421984201882755e-05
Éder Gabriel Militão,Brazil,3869420,43,85,102.5,50.1,20.205444810743465,17.973849103972388,Right Foot,Open Play,Blocked,0,0.04975106,0.05192727068335728,8.657584623061778e-05
Éder Gabriel Militão,Brazil,3869420,43,85,104.7,46.8,16.743058263053374,22.761155544711368,Left Foot,Open Play,Blocked,0,0.06132018,0.10890578325893381,0.0007269839986567293
Antony Matheus dos Santos,Brazil,3869420,43,93,94.6,56.8,30.453242848668847,11.49829666259333,Left Foot,Open Play,Saved,0,0.013999131,0.01864059455873247,0.07195237977713291
Pedro Guilherme Abreu dos Santos,Brazil,3869420,43,91,112.9,49.4,11.780067911519012,22.515688131403902,Head,Open Play,Wayward,0,0.057022728,0.05599489942106466,1.1569020465914983e-07
Pedro Guilherme Abreu dos Santos,Brazil,3869420,43,100,107.2,38.8,12.856126943990555,31.67002968711867,Right Foot,Open Play,Saved,0,0.113875866,0.1524924021638785,0.2136213297487777
Marcelo Brozović,Croatia,3869420,43,102,103.7,46.4,17.511424842085233,22.13986287896353,Right Foot,Open Play,Off T,0,0.12467693,0.07656528961397736,0.022327863106425296
Danilo Luiz da Silva,Brazil,3869420,43,104,96.9,22.6,28.92006224059692,11.610662860402435,Right Foot,Open Play,Off T,0,0.0154907415,0.016823700728388194,0.0032723180922533085
Neymar da Silva Santos Junior,Brazil,3869420,43,105,116.5,47.2,8.005623023850175,26.811178886452492,Right Foot,Open Play,Goal,1,0.4674385,0.2179485014129787,0.5302074196599463
Bruno Petković,Croatia,3869420,43,116,103.2,38.6,16.85823241030921,24.423451737028866,Left Foot,Open Play,Goal,1,0.09977819,0.1116813535096523,0.2538303109943659
Lovro Majer,Croatia,3869420,43,119,91.5,55.0,32.20636583037583,11.516897415909257,Left Foot,Open Play,Off T,0,0.01192189,0.015289635632433986,7.19134218710948e-05
Carlos Henrique Casimiro,Brazil,3869420,43,121,114.0,31.0,10.816653826391969,22.973069860031057,Left Foot,Open Play,Saved,0,0.10135116,0.19565510983706655,0.4211831928017175
Nikola Vlašić,Croatia,3869420,43,120,108.0,40.0,12.0,33.92341177306582,Right Foot,Penalty,Goal,1,0.7835,0.76,0.76
Rodrygo Silva de Goes,Brazil,3869420,43,120,107.9,40.0,12.099999999999994,33.658962846682805,Right Foot,Penalty,Saved,0,0.7835,0.76,0.76
Lovro Majer,Croatia,3869420,43,121,108.0,40.0,12.0,33.92341177306582,Left Foot,Penalty,Goal,1,0.7835,0.76,0.76
Carlos Henrique Casimiro,Brazil,3869420,43,122,108.0,40.0,12.0,33.92341177306582,Right Foot,Penalty,Goal,1,0.7835,0.76,0.76
Luka Modrić,Croatia,3869420,43,123,108.0,40.0,12.0,33.92341177306582,Right Foot,Penalty,Goal,1,0.7835,0.76,0.76
Pedro Guilherme Abreu dos Santos,Brazil,3869420,43,123,108.0,40.0,12.0,33.92341177306582,Right Foot,Penalty,Goal,1,0.7835,0.76,0.76
Mislav Oršić,Croatia,3869420,43,124,108.0,40.0,12.0,33.92341177306582,Right Foot,Penalty,Goal,1,0.7835,0.76,0.76
Marcos Aoás Corrêa,Brazil,3869420,43,125,108.0,40.0,12.0,33.92341177306582,Right Foot,Penalty,Post,0,0.7835,0.76,0.76
Achraf Hakimi Mouh,Morocco,3869220,43,11,93.4,27.5,29.39064477006246,12.896229507574942,Right Foot,Free Kick,Off T,0,0.041958537,0.03973937397056399,0.0025168631301242207
Marco Asensio Willemsen,Spain,3869220,43,25,115.0,25.0,15.811388300841896,8.79330805284658,Left Foot,Open Play,Off T,0,0.025564773,0.08755898947357366,0.003569785684640263
Noussair Mazraoui,Morocco,3869220,43,32,89.4,37.7,30.686316168611697,13.566386094963086,Left Foot,Open Play,Saved,0,0.023416335,0.019100550314589904,0.05122503745057315
Nayef Aguerd,Morocco,3869220,43,41,113.2,43.7,7.741446893184761,46.92772443836562,Head,Open Play,Off T,0,0.25141555,0.1481604220448203,0.016601864525541098
Daniel Olmo Carvajal,Spain,3869220,43,54,110.2,12.6,29.099828178186893,4.919657375408964,Right Foot,Open Play,Saved,0,0.0073576192,0.01398065764596742,0.0702149887314566
Daniel Olmo Carvajal,Spain,3869220,43,77,97.2,31.3,24.403483357914293,15.997421372167063,Right Foot,Open Play,Off T,0,0.031760626,0.031134554347688363,0.0021457510358552064
Álvaro Borja Morata Martín,Spain,3869220,43,81,118.8,50.9,10.965856099730654,4.699450971441572,Right Foot,Open Play,Wayward,0,0.017266534,0.10232633744415871,2.159003581422827e-09
Walid Cheddira,Morocco,3869220,43,85,110.6,40.8,9.43398113205661,42.305508924006304,Right Foot,Open Play,Saved Off Target,0,0.119254045,0.25828617479305366,0.0028520432858708234
Álvaro Borja Morata Martín,Spain,3869220,43,90,115.3,51.1,12.054044964243333,14.618497440000983,Head,Open Play,Off T,0,0.049165204,0.045049997747815484,0.012351358767995807
Aymeric Laporte,Spain,3869220,43,95,107.7,38.8,12.358397954427586,32.86999638058533,Head,Open Play,Blocked,0,0.04145577,0.06706647829273558,0.07116863242071159
Alejandro Balde Martínez,Spain,3869220,43,99,112.5,28.9,13.396268137059666,18.29360880464842,Left Foot,Open Play,Blocked,0,0.077706024,0.1384817592862538,0.00022296043552888674
Rodrigo Hernández Cascante,Spain,3869220,43,102,79.9,46.8,40.672472263190485,10.142344413750823,Right Foot,Open Play,Off T,0,0.0056476467,0.004239220734893946,0.0016813888111634884
Walid Cheddira,Morocco,3869220,43,103,109.7,47.1,12.509996003196802,27.782957279910246,Left Foot,Open Play,Saved,0,0.1301347,0.12855095465191269,0.22945390207269184
Marcos Llorente Moreno,Spain,3869220,43,106,100.3,53.3,23.76930794112441,14.651254352122741,Right Foot,Open Play,Blocked,0,0.024551911,0.032346216999492784,0.0002030138468959526
Abdelhamid Sabiri,Morocco,3869220,43,105,59.6,39.7,60.400745028517655,6.935142852194685,Right Foot,Open Play,Off T,0,0.004195439,0.00040431342415535597,7.630904362530321e-06
Sergio Busquets i Burgos,Spain,3869220,43,120,102.6,47.1,18.792817777012583,20.549037328382823,Left Foot,Open Play,Blocked,0,0.0709334,0.08366973999109902,0.0004412832120529701
Carlos Soler Barragán,Spain,3869220,43,121,104.3,44.4,16.30490723677998,24.47629843962427,Head,Open Play,Blocked,0,0.039505202,0.03566315532633605,0.028836440464827924
Pablo Sarabia García,Spain,3869220,43,122,117.8,48.1,8.39344982709732,15.762087755711638,Right Foot,Open Play,Post,0,0.10407615,0.168177468673365,0.639482582088715
Abdelhamid Sabiri,Morocco,3869220,43,120,108.0,40.0,12.0,33.92341177306582,Right Foot,Penalty,Goal,1,0.7835,0.76,0.76
Pablo Sarabia García,Spain,3869220,43,121,108.0,40.0,12.0,33.92341177306582,Left Foot,Penalty,Post,0,0.7835,0.76,0.76
Hakim Ziyech,Morocco,3869220,43,121,108.0,40.0,12.0,33.92341177306582,Left Foot,Penalty,Goal,1,0.7835,0.76,0.76
Carlos Soler Barragán,Spain,3869220,43,122,108.0,40.0,12.0,33.92341177306582,Right Foot,Penalty,Saved,0,0.7835,0.76,0.76
Badr Banoun,Morocco,3869220,43,123,108.0,40.0,12.0,33.92341177306582,Right Foot,Penalty,Saved,0,0.7835,0.76,0.76
Sergio Busquets i Burgos,Spain,3869220,43,124,108.0,40.0,12.0,33.92341177306582,Right Foot,Penalty,Saved,0,0.7835,0.76,0.76
Achraf Hakimi Mouh,Morocco,3869220,43,125,108.0,40.0,12.0,33.92341177306582,Right Foot,Penalty,Goal,1,0.7835,0.76,0.76
Shogo Taniguchi,Japan,3869219,43,2,112.6,38.8,7.496665925596531,51.68365829181758,Head,Open Play,Off T,0,0.11361285,0.11637161031633245,0.0013308566048634571
Ivan Perišić,Croatia,3869219,43,7,116.7,29.0,11.484337159801605,11.522304656162952,Right Foot,Open Play,Saved,0,0.05943511,0.11296445108666638,0.0026071061259977917
Andrej Kramarić,Croatia,3869219,43,7,114.5,38.3,5.756735185849703,63.87563997360703,Left Foot,Open Play,Blocked,0,0.17775308,0.44196756494262,0.47188054859255407
Joško Gvardiol,Croatia,3869219,43,23,101.1,43.6,19.239802493788762,21.1950205966191,Left Foot,Open Play,Off T,0,0.061746918,0.08099812157557819,0.030551580054017983
Daichi Kamada,Japan,3869219,43,40,114.1,28.8,12.658988901172165,16.387934975232774,Right Foot,Open Play,Wayward,0,0.08994952,0.1115962874859698,2.1709312340673992e-09
Daizen Maeda,Japan,3869219,43,42,113.5,44.3,7.7935871073594845,45.14220640778105,Left Foot,Open Play,Goal,1,0.45874894,0.28165228196603537,0.4071909581845723
Daichi Kamada,Japan,3869219,43,45,94.7,38.3,25.357050301641944,16.391560408134108,Right Foot,Open Play,Off T,0,0.03904812,0.028254307599561556,0.003172945156921972
Mateo Kovačić,Croatia,3869219,43,48,100.1,47.1,21.12865353021816,18.59277204237939,Right Foot,Open Play,Off T,0,0.02993381,0.047629160874903535,0.0008777541674622939
Hidemasa Morita,Japan,3869219,43,49,98.2,36.8,22.033610689126736,18.676502911114596,Right Foot,Open Play,Wayward,0,0.041140273,0.04320187288342799,0.0004878004671296277
Ivan Perišić,Croatia,3869219,43,54,106.0,34.1,15.192432326655267,25.23721735007926,Head,Open Play,Goal,1,0.02684295,0.04108771918646638,0.16421532423255697
Wataru Endo,Japan,3869219,43,56,94.4,52.9,28.66653100743094,13.051404116491218,Right Foot,Open Play,Saved,0,0.019910807,0.017937510001469183,0.09131997212182866
Wataru Endo,Japan,3869219,43,59,90.0,41.9,30.060106453570654,13.857187616640974,Right Foot,Open Play,Blocked,0,0.020528734,0.010267213848288508,0.01657710871642621
Hidemasa Morita,Japan,3869219,43,59,97.8,36.3,22.506221362103418,18.23875105266029,Right Foot,Open Play,Blocked,0,0.052081473,0.0405774369802505,0.09816135551041974
Ritsu Doan,Japan,3869219,43,59,100.4,43.7,19.94617757867406,20.46473944848991,Left Foot,Open Play,Saved,0,0.056113943,0.07388236554773923,0.12203261933408144
Luka Modrić,Croatia,3869219,43,62,96.3,48.9,25.316002844051035,15.454343257308375,Right Foot,Open Play,Saved,0,0.031055314,0.027745354274551614,0.12875422534950093
Ivan Perišić,Croatia,3869219,43,65,95.5,48.2,25.835827836552866,15.332595182744354,Left Foot,Open Play,Blocked,0,0.018378427,0.034370021434594826,0.00011948822711689547
Andrej Kramarić,Croatia,3869219,43,65,98.9,23.8,26.60169167553071,12.542431765902418,Right Foot,Open Play,Blocked,0,0.018472007,0.022367573135999328,7.80980097429601e-06
Ante Budimir,Croatia,3869219,43,65,109.5,45.1,11.673045875006233,32.02876726875892,Head,Open Play,Off T,0,0.10111922,0.07078471281820724,0.0019313903721608072
Mario Pašalić,Croatia,3869219,43,73,107.5,44.5,13.285330255586423,29.2920060477371,Head,Open Play,Off T,0,0.035465226,0.05578076086320531,0.0003457846635257383
Ivan Perišić,Croatia,3869219,43,76,98.1,30.4,23.911712611187017,16.01865015099811,Left Foot,Open Play,Blocked,0,0.030077945,0.043243698404781566,9.564288825809393e-05
Mario Pašalić,Croatia,3869219,43,85,110.5,42.8,9.904039579888602,39.38837865719563,Head,Open Play,Off T,0,0.052599985,0.06836459021221096,0.00016085068793849136
Shogo Taniguchi,Japan,3869219,43,91,114.6,49.3,10.754068997360953,21.134770785191247,Head,Open Play,Off T,0,0.0608747,0.06058821540044784,0.000999166552703755
Ivan Perišić,Croatia,3869219,43,100,107.2,34.1,14.094325099131206,26.82888858808728,Right Foot,Open Play,Blocked,0,0.07439702,0.1214342929776051,0.0009222891693071315
Borna Barišić,Croatia,3869219,43,100,95.1,31.3,26.376125568399925,14.956514434535064,Left Foot,Open Play,Blocked,0,0.015196718,0.032069164964060065,0.00010353793657528508
Kaoru Mitoma,Japan,3869219,43,104,99.8,34.6,20.909328061896204,19.233716333625715,Right Foot,Open Play,Saved,0,0.054134306,0.04953798457165462,0.1777561921577115
Wataru Endo,Japan,3869219,43,104,95.7,37.1,24.4724334711528,16.898760282966897,Right Foot,Open Play,Blocked,0,0.02615668,0.031577640833845316,0.07059025514041609
Takumi Minamino,Japan,3869219,43,104,102.6,40.3,17.402586014727817,23.7508317955793,Right Foot,Open Play,Blocked,0,0.03667642,0.08038432465184939,0.06501553754144462
Marko Livaja,Croatia,3869219,43,113,112.8,47.7,10.541821474489126,28.33609480919333,Head,Open Play,Saved,0,0.047236525,0.04917661042248124,0.11568846671124842
Mislav Oršić,Croatia,3869219,43,120,106.8,19.7,24.214252001662164,9.572717064389009,Right Foot,Open Play,Blocked,0,0.009676031,0.02720889238682804,1.3496651533307742e-05
Lovro Majer,Croatia,3869219,43,120,99.8,33.0,21.378493866500516,18.432918592647546,Right Foot,Open Play,Off T,0,0.06501122,0.04616367130958809,0.0003865213351440213
Takumi Minamino,Japan,3869219,43,120,108.1,40.1,11.900420160649796,34.18984690946256,Right Foot,Penalty,Saved,0,0.7835,0.76,0.76
Nikola Vlašić,Croatia,3869219,43,120,108.1,40.1,11.900420160649796,34.18984690946256,Right Foot,Penalty,Goal,1,0.7835,0.76,0.76
Kaoru Mitoma,Japan,3869219,43,121,108.1,40.1,11.900420160649796,34.18984690946256,Right Foot,Penalty,Saved,0,0.7835,0.76,0.76
Marcelo Brozović,Croatia,3869219,43,121,108.1,40.1,11.900420160649796,34.18984690946256,Right Foot,Penalty,Goal,1,0.7835,0.76,0.76
Takuma Asano,Japan,3869219,43,122,108.1,40.1,11.900420160649796,34.18984690946256,Right Foot,Penalty,Goal,1,0.7835,0.76,0.76
Marko Livaja,Croatia,3869219,43,123,108.1,40.1,11.900420160649796,34.18984690946256,Right Foot,Penalty,Post,0,0.7835,0.76,0.76
Maya Yoshida,Japan,3869219,43,123,108.1,40.1,11.900420160649796,34.18984690946256,Right Foot,Penalty,Saved,0,0.7835,0.76,0.76
Mario Pašalić,Croatia,3869219,43,124,108.1,40.1,11.900420160649796,34.18984690946256,Right Foot,Penalty,Goal,1,0.7835,0.76,0.76
Neymar da Silva Santos Junior,Brazil,3869253,43,6,111.3,44.4,9.749358953285084,37.95142472048136,Right Foot,Open Play,Wayward,0,0.083826184,0.23145755775070934,0.0011051393238420686
Vinícius José Paixão de Oliveira Júnior,Brazil,3869253,43,6,110.0,29.9,14.213022197970425,21.210903195568175,Right Foot,Open Play,Goal,1,0.13057186,0.10592542339723456,0.28676150013727114
Neymar da Silva Santos Junior,Brazil,3869253,43,12,108.0,40.0,12.0,33.92341177306582,Right Foot,Penalty,Goal,1,0.7835,0.76,0.76
Hee-Chan Hwang,South Korea,3869253,43,16,90.4,28.0,31.9399436442834,12.145719225720834,Right Foot,Open Play,Saved,0,0.016991004,0.012096703599648227,0.06991038055300346
In-Beom Hwang,South Korea,3869253,43,16,91.7,46.4,29.014651471282573,14.039003319405602,Left Foot,Open Play,Off T,0,0.026666574,0.02333283945030867,0.0036969844005345105
Hee-Chan Hwang,South Korea,3869253,43,24,82.7,33.0,37.95115281516491,10.832593421985917,Right Foot,Open Play,Saved,0,0.0058221314,0.005892005915531894,0.020054927509895223
Richarlison de Andrade,Brazil,3869253,43,28,110.7,43.3,9.868130522039113,39.0275021527713,Left Foot,Open Play,Goal,1,0.5379008,0.2884387173438563,0.41051098602891783
Raphael Dias Belloli,Brazil,3869253,43,30,94.7,30.7,26.95514793133215,14.556760799839143,Left Foot,Open Play,Off T,0,0.02589997,0.029771211870657715,0.004198475426401427
Hee-Chan Hwang,South Korea,3869253,43,31,119.3,30.8,9.226592003551474,4.0857075990145555,Right Foot,Open Play,Saved,0,0.017834108,0.12062331661345588,0.0011750985682820075
Carlos Henrique Casimiro,Brazil,3869253,43,33,93.6,43.2,26.593232221751464,15.564318945602137,Right Foot,Open Play,Off T,0,0.029429397,0.024103597472554104,0.0001178846360809147
Lucas Tolentino Coelho de Lima,Brazil,3869253,43,35,110.0,44.8,11.092339699089637,33.72757898959503,Right Foot,Open Play,Goal,1,0.08633457,0.13173160719612245,0.2582666602627522
Lucas Tolentino Coelho de Lima,Brazil,3869253,43,45,112.0,49.2,12.191800523302538,23.412317191576626,Left Foot,Open Play,Saved,0,0.2577265,0.17347839087325237,0.0034419398933591763
Richarlison de Andrade,Brazil,3869253,43,48,110.3,51.6,15.121177202850316,18.255700055932945,Right Foot,Open Play,Saved,0,0.2681848,0.09016687099618223,0.0006191349641063736
Neymar da Silva Santos Junior,Brazil,3869253,43,48,111.4,42.3,8.902246907382422,43.70917024137119,Other,Open Play,Off T,0,0.26870713,0.11761723078725163,0.010625848333628922
Raphael Dias Belloli,Brazil,3869253,43,45,104.3,51.7,19.580091930325562,17.255761105351123,Left Foot,Open Play,Saved,0,0.04634087,0.07132142291749072,0.09291853170297038
Heung-Min Son,South Korea,3869253,43,46,105.3,27.9,19.039432764659775,17.1308004524693,Right Foot,Open Play,Saved,0,0.1490943,0.05779686935310388,0.0012059271221076845
Raphael Dias Belloli,Brazil,3869253,43,53,110.4,50.6,14.301048912579802,20.187302079642304,Left Foot,Open Play,Saved,0,0.080992505,0.13182876982647082,0.17185891014641969
Vinícius José Paixão de Oliveira Júnior,Brazil,3869253,43,53,110.4,26.8,16.32176461048253,15.522639310341946,Right Foot,Open Play,Off T,0,0.05640157,0.050042134649452445,0.0002218696120047037
Raphael Dias Belloli,Brazil,3869253,43,57,91.0,34.0,29.614185789921695,13.809911557678074,Left Foot,Free Kick,Blocked,0,0.04321825,0.051962278997862016,0.0004154733015023983
Raphael Dias Belloli,Brazil,3869253,43,61,114.6,51.1,12.343824366864594,15.877155857380094,Right Foot,Open Play,Saved,0,0.16284284,0.11395266741992616,0.0025828459807505054
Hee-Chan Hwang,South Korea,3869253,43,67,106.8,51.7,17.638877515306923,17.97984629302278,Right Foot,Open Play,Saved,0,0.04724954,0.06858374993336228,0.15979626623576537
Seung-Ho Paik,South Korea,3869253,43,75,93.7,39.8,26.300760445279902,15.844309169509854,Left Foot,Open Play,Goal,1,0.023081098,0.03304172864403664,0.18839998494174354
Daniel Alves da Silva,Brazil,3869253,43,88,111.1,53.1,15.837297749300546,15.344004157184818,Right Foot,Open Play,Blocked,0,0.027839905,0.07820960233163234,0.0007857217241249249
Gleison Bremer Silva Nascimento,Brazil,3869253,43,89,116.1,41.0,4.026164427839484,84.36969798078492,Head,Open Play,Saved,0,0.34439024,0.4049620486334573,0.478945691230818
Hee-Chan Hwang,South Korea,3869253,43,89,112.9,53.6,15.341773039645709,13.177580899437892,Right Foot,Open Play,Off T,0,0.058088522,0.07842208888731014,0.00842809707810896
Daniel Alves da Silva,Brazil,3869253,43,92,88.4,46.1,32.18338080438411,12.748522811612743,Right Foot,Open Play,Off T,0,0.027316706,0.011942515865985003,5.3266703899564126e-05
Raphaël Varane,France,3869152,43,3,114.3,40.0,5.700000000000003,65.40946715400369,Head,Open Play,Off T,0,0.1462742,0.18587705995587117,0.016946954927487885
Ousmane Dembélé,France,3869152,43,10,116.0,51.8,12.459534501738013,11.663368676510421,Right Foot,Open Play,Blocked,0,0.040392082,0.10250714523447789,0.00011570488901346822
Aurélien Djani Tchouaméni,France,3869152,43,12,87.8,30.9,33.46117152760794,12.027864572910413,Right Foot,Open Play,Saved,0,0.017185243,0.010141624039467955,0.026436613446057588
Ousmane Dembélé,France,3869152,43,16,99.2,46.7,21.8524598157736,18.161710279039372,Left Foot,Open Play,Saved,0,0.07651916,0.057011706799688096,0.08159139712512757
Robert Lewandowski,Poland,3869152,43,20,92.5,43.3,27.69729228643118,14.952811496600667,Left Foot,Open Play,Off T,0,0.03323787,0.027662712195091473,0.0005230485046448317
Jules Koundé,France,3869152,43,21,94.5,56.1,30.157254516948324,11.767058183959298,Right Foot,Open Play,Saved,0,0.01624438,0.014677241996235242,0.03434441004888024
Przemysław Frankowski,Poland,3869152,43,24,109.5,24.7,18.55640051303054,13.074840941879293,Right Foot,Open Play,Blocked,0,0.043646414,0.0553559951422325,3.973718094413292e-05
Robert Lewandowski,Poland,3869152,43,32,94.8,26.6,28.54119829299394,12.965463929969053,Right Foot,Free Kick,Blocked,0,0.042642463,0.043720379556440675,8.246644482975085e-05
Matty Cash,Poland,3869152,43,33,99.1,56.2,26.44333564435471,12.574646688865313,Right Foot,Open Play,Wayward,0,0.023505978,0.022788075094986295,5.7727061061280605e-09
Kylian Mbappé Lottin,France,3869152,43,34,111.5,24.9,17.328012003689288,12.23772215350338,Left Foot,Open Play,Saved,0,0.047962468,0.08072919221141545,0.0021765378293441984
Olivier Giroud,France,3869152,43,35,105.2,44.5,15.469001260585634,25.621767009304666,Left Foot,Open Play,Wayward,0,0.046657436,0.13197385690542138,0.001292680616117131
Piotr Zieliński,Poland,3869152,43,37,106.6,41.6,13.495184326269877,30.17159587674435,Right Foot,Open Play,Saved,0,0.13905574,0.13868003673915894,0.21877825088748923
Piotr Zieliński,Poland,3869152,43,37,111.4,43.9,9.442986815621417,39.71918884501878,Left Foot,Open Play,Blocked,0,0.2098723,0.3022324270765415,0.43467141943567467
Jakub Kamiński,Poland,3869152,43,37,114.1,50.5,12.044085685513869,18.160306429364187,Right Foot,Open Play,Blocked,0,0.07224382,0.12353614138072631,0.11644583471852067
Olivier Giroud,France,3869152,43,43,105.6,32.3,16.3294213002176,22.59775700157942,Left Foot,Open Play,Goal,1,0.28635955,0.11320814068581556,0.2766331222015994
Jakub Kamiński,Poland,3869152,43,45,108.8,51.7,16.196604582442585,18.228770210077823,Right Foot,Open Play,Blocked,0,0.03898995,0.08045277154907685,9.714696874301375e-05
Antoine Griezmann,France,3869152,43,47,106.9,63.2,26.64301034042512,7.839533860245531,Left Foot,Free Kick,Saved,0,0.008752431,0.062343299778276524,0.18501817056157102
Theo Bernard François Hernández,France,3869152,43,47,98.0,38.5,22.051077071199945,18.807300103195832,Right Foot,Open Play,Off T,0,0.032634486,0.04325386864769224,1.927429420787392e-06
Kylian Mbappé Lottin,France,3869152,43,55,102.0,26.7,22.380571931923456,15.124528316476216,Right Foot,Open Play,Blocked,0,0.02943752,0.03818062150946024,3.019794956216356e-05
Kylian Mbappé Lottin,France,3869152,43,62,110.2,26.3,16.84428686528462,14.861510967363161,Right Foot,Open Play,Wayward,0,0.054253228,0.0694583307761433,2.630127315519517e-05
Olivier Giroud,France,3869152,43,65,115.8,46.8,7.992496481075233,31.340587209571606,Left Foot,Open Play,Off T,0,0.12365263,0.21344844771989122,0.004379804218421125
Kamil Glik,Poland,3869152,43,70,114.0,32.0,10.0,26.891096828291534,Head,Open Play,Off T,0,0.041239407,0.05042179513655666,0.005113106688962836
Kylian Mbappé Lottin,France,3869152,43,73,104.8,28.6,19.0,17.749245612181504,Right Foot,Open Play,Goal,1,0.08738103,0.058896034540024525,0.2978043812286095
Theo Bernard François Hernández,France,3869152,43,80,105.0,33.4,16.387800340497197,23.282732383380402,Right Foot,Open Play,Off T,0,0.069959894,0.08851607339942603,0.014053203311637594
Kylian Mbappé Lottin,France,3869152,43,90,106.2,25.2,20.23561217260303,14.30751828283537,Right Foot,Open Play,Goal,1,0.042708755,0.04743820958656634,0.24930029302029458
Robert Lewandowski,Poland,3869152,43,91,105.6,48.7,16.82408987137195,21.350545936466446,Right Foot,Open Play,Wayward,0,0.061160102,0.05438548065702041,4.091647433099583e-05
Robert Lewandowski,Poland,3869152,43,93,113.0,40.0,7.0,55.206279386696266,Head,Open Play,Blocked,0,0.10443308,0.1321663140312217,0.10044072823847933
Robert Lewandowski,Poland,3869152,43,98,108.0,40.0,12.0,33.92341177306582,Right Foot,Penalty,Goal,1,0.7835,0.76,0.76
Christian Pulisic,United States,3869117,43,2,107.1,34.9,13.871553626036276,27.809801317709418,Left Foot,Open Play,Saved,0,0.3196895,0.16181097612209813,0.2963476271099105
Memphis Depay,Netherlands,3869117,43,9,104.9,43.7,15.546703830716009,25.833624648408925,Right Foot,Open Play,Goal,1,0.16183718,0.10236845190742523,0.24991618530316173
Daley Blind,Netherlands,3869117,43,17,103.6,30.6,18.902909828912588,19.24171744879799,Left Foot,Open Play,Off T,0,0.07337185,0.08025614544964155,0.012846987910278525
Memphis Depay,Netherlands,3869117,43,20,106.1,62.1,26.107853224652544,8.65771052558125,Right Foot,Open Play,Off T,0,0.008920797,0.021504966220397773,6.286041200424035e-05
Timothy Weah,United States,3869117,43,42,97.5,53.3,26.13694702906213,13.815731538859913,Right Foot,Open Play,Saved,0,0.028368456,0.02431307876944552,0.10272177154579644
Sergino Dest,United States,3869117,43,43,105.2,46.2,16.04618334682737,23.933872714096943,Right Foot,Open Play,Blocked,0,0.07418261,0.09310992655851924,0.0009455489417898467
Daley Blind,Netherlands,3869117,43,45,107.6,38.5,12.49039631076613,32.475018708480626,Right Foot,Open Play,Goal,1,0.2502288,0.16071600906962658,0.2471396351697541
Weston McKennie,United States,3869117,43,48,109.1,36.5,11.448143954370948,34.1411191173926,Head,Open Play,Wayward,0,0.03899759,0.05111416377225194,0.13823863489270533
Tim Ream,United States,3869117,43,48,116.5,37.1,4.545327270945403,74.16962769972447,Left Foot,Open Play,Saved,0,0.2582279,0.6431478024427044,0.796769142389874
Weston McKennie,United States,3869117,43,48,108.4,37.0,11.981652640600121,33.11818932137736,Head,Open Play,Wayward,0,0.06857926,0.047052931306941145,0.0354654183950172
Sergino Dest,United States,3869117,43,50,100.9,57.3,25.770137756713673,12.126352042801388,Left Foot,Open Play,Wayward,0,0.01609117,0.03204061368982263,6.618605117460815e-10
Christian Pulisic,United States,3869117,43,52,98.4,27.3,25.0569351677335,14.430344700370846,Right Foot,Open Play,Saved,0,0.040512722,0.027860370790000335,0.048574104585526724
Weston McKennie,United States,3869117,43,53,102.1,35.0,18.585209172888,21.536449455342048,Left Foot,Open Play,Off T,0,0.053084504,0.0874730571462852,0.0038406511119376953
Cody Mathès Gakpo,Netherlands,3869117,43,60,100.0,50.7,22.68237200999931,16.28627852332623,Left Foot,Open Play,Blocked,0,0.053106464,0.04981551986443167,0.0001869065171778348
Memphis Depay,Netherlands,3869117,43,60,98.6,47.0,22.515772249692,17.608453184987017,Right Foot,Open Play,Saved,0,0.046333984,0.03992616094181099,0.10185549956357463
Timothy Weah,United States,3869117,43,62,99.1,51.0,23.61800160894228,15.696099793106027,Left Foot,Open Play,Blocked,0,0.04334448,0.044323164704542825,0.000514489966705079
Virgil van Dijk,Netherlands,3869117,43,70,111.8,41.3,8.30240928887513,47.22489946956455,Head,Open Play,Off T,0,0.08036702,0.09695008208981552,0.015831783870801
Teun Koopmeiners,Netherlands,3869117,43,70,94.5,37.8,25.59472601924076,16.21898071753254,Left Foot,Open Play,Saved,0,0.04472613,0.03606680202863373,0.07059801627222603
Memphis Depay,Netherlands,3869117,43,70,113.1,34.4,8.886506625215564,37.604888640679874,Head,Open Play,Saved,0,0.27671057,0.10772915328946826,0.28123378947529415
Giovanni Reyna,United States,3869117,43,73,98.9,49.9,23.30708046924796,16.252219731391087,Left Foot,Open Play,Off T,0,0.042619057,0.0464783188038336,1.7132144312684617e-05
Haji Wright,United States,3869117,43,74,115.2,55.6,16.321764610482532,7.906385086211245,Right Foot,Open Play,Blocked,0,0.046546377,0.06246142636678677,0.0008352309523111654
Haji Wright,United States,3869117,43,75,115.1,45.2,7.1449282711585065,43.608137848337506,Right Foot,Open Play,Goal,1,0.3636808,0.3189668646301313,0.7168067582942673
Steven Bergwijn,Netherlands,3869117,43,77,109.5,32.8,12.731457104353767,27.33440130858498,Right Foot,Open Play,Off T,0,0.25042096,0.1407331662552096,0.0013594729238440514
Christian Pulisic,United States,3869117,43,78,99.5,25.3,25.225780463644725,13.543845952433148,Left Foot,Open Play,Saved,0,0.031073315,0.035229324028151564,0.0723024642788466
Denzel Dumfries,Netherlands,3869117,43,80,113.5,44.3,7.7935871073594845,45.14220640778105,Left Foot,Open Play,Goal,1,0.23592436,0.3749543624451316,0.6443178024182017
Walker Zimmerman,United States,3869117,43,85,107.2,43.0,13.146862743635834,30.440223352413213,Right Foot,Open Play,Off T,0,0.05674074,0.14437254803812882,0.0036603279731888586
Giovanni Reyna,United States,3869117,43,88,103.1,51.4,20.385534086699817,17.097787381337533,Left Foot,Open Play,Blocked,0,0.043403003,0.0651715835733736,7.365461293124846e-05
Yunus Dimoara Musah,United States,3869117,43,93,103.9,44.2,16.638810053606594,24.100571148541032,Right Foot,Open Play,Blocked,0,0.054460905,0.08783421825878591,0.0010715135620817605
Haji Wright,United States,3869117,43,94,111.3,40.2,8.702298546935749,45.613588396084914,Head,Open Play,Wayward,0,0.072495155,0.08964704401178746,3.23299964723576e-05
Mathías Olivera Miramontes,Uruguay,3857270,43,2,98.2,27.8,24.981593223811807,14.644328172104121,Left Foot,Open Play,Off T,0,0.039672486,0.03717065766243684,0.011476379158562488
William Silva de Carvalho,Portugal,3857270,43,2,104.9,30.5,17.839843048636943,19.928679390662303,Right Foot,Open Play,Off T,0,0.048683427,0.07023483153277067,0.014000039035966395
Bruno Miguel Borges Fernandes,Portugal,3857270,43,7,90.8,53.9,32.33960420289649,11.696433240371837,Right Foot,Open Play,Off T,0,0.014580331,0.011430837641819347,8.846811956542187e-05
José María Giménez de Vargas,Uruguay,3857270,43,11,109.4,37.1,10.989540481748993,35.853017871988044,Head,Open Play,Off T,0,0.050594334,0.08314869664099699,0.0030331968850828314
João Félix Sequeira,Portugal,3857270,43,15,101.0,30.9,21.06679852279411,17.90722461886853,Right Foot,Open Play,Blocked,0,0.033737455,0.04717710382475862,0.00011878566752645515
Cristiano Ronaldo dos Santos Aveiro,Portugal,3857270,43,17,96.0,23.4,29.181500989496755,11.837875624339837,Right Foot,Free Kick,Blocked,0,0.026755862,0.03964951708853066,1.7951486509050305e-05
Rúben Diogo Da Silva Neves,Portugal,3857270,43,19,92.4,50.0,29.35574901105403,13.39508470253813,Right Foot,Open Play,Blocked,0,0.015326656,0.01673135267374761,0.024512358990876244
Rodrigo Bentancur Colmán,Uruguay,3857270,43,31,106.8,41.3,13.263860674780931,30.730779868086834,Right Foot,Open Play,Saved,0,0.49410823,0.14360598897254,0.188287867413217
Cristiano Ronaldo dos Santos Aveiro,Portugal,3857270,43,34,99.4,24.7,25.660280590827526,13.157547990141882,Left Foot,Open Play,Blocked,0,0.029249214,0.033254538555290425,1.3145709083653565e-05
João Félix Sequeira,Portugal,3857270,43,34,91.6,31.8,29.560108254199616,13.58328175474374,Right Foot,Open Play,Blocked,0,0.022321237,0.01642411014956563,6.370004855089524e-05
Rodrigo Bentancur Colmán,Uruguay,3857270,43,35,108.4,29.5,15.646405337968202,20.149408810888193,Right Foot,Open Play,Wayward,0,0.07433986,0.08909103081145955,0.0002649321282676866
Bruno Miguel Borges Fernandes,Portugal,3857270,43,36,93.1,33.0,27.795863001533167,14.53973284670219,Right Foot,Open Play,Blocked,0,0.028039778,0.020528284282919064,0.0001679507601658109
João Félix Sequeira,Portugal,3857270,43,51,107.9,27.1,17.68671818060094,16.478615200382613,Left Foot,Open Play,Off T,0,0.036293734,0.08566192479064819,0.001344812783660314
Bruno Miguel Borges Fernandes,Portugal,3857270,43,53,99.4,14.6,32.703516630478745,8.125694088404257,Right Foot,Open Play,Goal,1,0.0077694156,0.01003931301787851,0.03760527702781888
Cristiano Ronaldo dos Santos Aveiro,Portugal,3857270,43,56,84.9,19.1,40.851193373021545,8.822265423192908,Right Foot,Open Play,Wayward,0,0.007159395,0.002630392529564356,3.548967399342157e-07
Edinson Roberto Cavani Gómez,Uruguay,3857270,43,57,102.9,39.7,17.102631376487064,24.155153669372076,Right Foot,Open Play,Off T,0,0.07401822,0.08374950768887404,2.6939925293138517e-05
Darwin Gabriel Núñez Ribeiro,Uruguay,3857270,43,59,92.8,43.6,27.43720102342803,15.070914684201268,Right Foot,Open Play,Saved,0,0.03092143,0.02165565450575104,0.02045815246023955
Mathías Olivera Miramontes,Uruguay,3857270,43,64,108.1,33.8,13.418271125595881,27.59545970888509,Head,Open Play,Blocked,0,0.041303303,0.0351643051613665,0.03786465094276716
Maximiliano Gómez González,Uruguay,3857270,43,74,99.2,43.2,21.044714300745447,19.519864706040043,Right Foot,Open Play,Post,0,0.047642853,0.04914170024012382,0.21497367273639234
Luis Alberto Suárez Díaz,Uruguay,3857270,43,77,115.6,34.0,7.440430095095313,37.506516252011174,Left Foot,Open Play,Off T,0,0.088375136,0.3404649574043335,0.007303975643891033
Giorgian Daniel De Arrascaeta Benedetti,Uruguay,3857270,43,78,109.3,50.0,14.645477117526765,21.28035233155792,Right Foot,Open Play,Saved,0,0.2560759,0.10145547194661676,0.0008370272914897253
Rafael Alexandre Conceição Leão,Portugal,3857270,43,82,95.3,49.1,26.322993750711568,14.900146372057463,Right Foot,Open Play,Off T,0,0.026902085,0.024447962042748416,0.0002070783125324769
Federico Santiago Valverde Dipetta,Uruguay,3857270,43,85,88.2,44.5,32.116818024206566,12.878676263144573,Right Foot,Open Play,Off T,0,0.019629322,0.012072120670597349,0.0022616575355319806
Bruno Miguel Borges Fernandes,Portugal,3857270,43,92,108.0,40.0,12.0,33.92341177306582,Right Foot,Penalty,Goal,1,0.7835,0.76,0.76
Bruno Miguel Borges Fernandes,Portugal,3857270,43,97,117.7,50.0,10.261091559868277,10.382037248437236,Right Foot,Open Play,Saved,0,0.032710962,0.12473382516995185,0.002762069534781305
Bruno Miguel Borges Fernandes,Portugal,3857270,43,98,100.6,35.0,20.033971149025852,20.10432270418888,Right Foot,Open Play,Post,0,0.100704454,0.05564232788314341,0.1675954415559293
Daniel Olmo Carvajal,Spain,3857263,43,6,100.5,26.1,23.94702486740263,14.298210809032222,Right Foot,Open Play,Saved to Post,0,0.032144632,0.0314413538433028,0.1223758782938782
Jordi Alba Ramos,Spain,3857263,43,21,96.6,23.3,28.748043411682826,11.896664369419009,Right Foot,Open Play,Off T,0,0.021667236,0.017275747831617172,0.00019352267354650577
Serge Gnabry,Germany,3857263,43,24,102.8,56.6,23.903974564912843,12.71487922646415,Left Foot,Open Play,Off T,0,0.028963488,0.039986551591893016,0.00036742092295721524
Ferrán Torres García,Spain,3857263,43,25,102.8,46.4,18.35211159512714,21.271373573333292,Left Foot,Open Play,Blocked,0,0.068952255,0.08910189166990767,0.0006851673008199998
Antonio Rüdiger,Germany,3857263,43,29,89.6,25.9,33.51074454559314,11.340371598717033,Right Foot,Open Play,Off T,0,0.0065071667,0.009914283111738625,0.0026818442304567653
Ferrán Torres García,Spain,3857263,43,35,109.8,54.6,17.810109488714552,13.807555792404209,Right Foot,Open Play,Blocked,0,0.04777013,0.06107131246942949,2.1438106557527003e-05
Antonio Rüdiger,Germany,3857263,43,44,113.7,60.2,21.159631376751346,6.060744301509939,Right Foot,Open Play,Saved,0,0.008851705,0.03514834480830093,0.0018109386742172686
Joshua Kimmich,Germany,3857263,43,55,105.8,40.6,14.212670403551899,28.86011815387264,Right Foot,Open Play,Saved,0,0.09558376,0.1254532313648499,0.298905029123433
Daniel Olmo Carvajal,Spain,3857263,43,58,85.8,31.1,35.33907186104355,11.454923749464003,Right Foot,Open Play,Saved,0,0.0118638035,0.008068724121819576,0.013159568445876353
Álvaro Borja Morata Martín,Spain,3857263,43,61,113.2,34.3,8.872992730753248,37.30251088856768,Right Foot,Open Play,Goal,1,0.31874228,0.24687941977887948,0.6083134363453548
Leon Goretzka,Germany,3857263,43,63,96.2,39.7,23.801890681204295,17.482416734833418,Right Foot,Open Play,Blocked,0,0.036448006,0.034511237489623946,0.03893138412229837
Marco Asensio Willemsen,Spain,3857263,43,64,101.7,45.4,19.08009433938941,20.907715161930955,Left Foot,Open Play,Off T,0,0.13836038,0.08183744848000586,0.01654221960318619
Niclas Füllkrug,Germany,3857263,43,72,111.2,41.5,8.926925562588721,44.176676191040464,Right Foot,Open Play,Wayward,0,0.3730103,0.27894968027050626,0.2320186840755034
Jamal Musiala,Germany,3857263,43,72,110.1,50.1,14.142842712835357,21.2216569423765,Right Foot,Open Play,Saved,0,0.28996226,0.1067194626216002,0.4812988627484309
Serge Gnabry,Germany,3857263,43,72,104.9,23.6,22.29282395749807,12.875081345485295,Right Foot,Open Play,Blocked,0,0.024480116,0.03652234028866259,1.226710805979016e-05
Niclas Füllkrug,Germany,3857263,43,73,111.3,42.8,9.139474820797968,42.24032827325705,Head,Open Play,Off T,0,0.065169856,0.11635486398677682,0.011816137968633567
Joshua Kimmich,Germany,3857263,43,80,98.9,25.7,25.489213404889526,13.643695774509782,Right Foot,Free Kick,Blocked,0,0.053563386,0.062003791958824495,9.746079182272998e-05
Niclas Füllkrug,Germany,3857263,43,82,110.8,51.9,15.041608956491324,17.55660494304125,Right Foot,Open Play,Goal,1,0.16441207,0.08948759377117368,0.4707165723579396
Aleksandar Mitrović,Serbia,3857259,43,5,110.4,33.0,11.881077392223313,28.81133773164967,Head,Open Play,Off T,0,0.06545554,0.06421720461714689,0.006326542315402922
Aleksandar Mitrović,Serbia,3857259,43,10,114.4,54.2,15.264337522473747,10.573316344231188,Left Foot,Open Play,Post,0,0.016927462,0.09654101927767675,0.4230328287090378
Filip Kostić,Serbia,3857259,43,10,108.2,21.4,22.027255843613382,10.374585177500158,Left Foot,Open Play,Off T,0,0.012009094,0.0465025178613048,0.005657581220945441
Nicolas Alexis Julio N'Koulou Ndoubena,Cameroon,3857259,43,15,95.9,33.9,24.860008045050986,16.265725467635935,Left Foot,Open Play,Off T,0,0.046143826,0.03917297884309384,0.002230310337236133
Aleksandar Mitrović,Serbia,3857259,43,16,108.9,38.6,11.187939935484096,36.01447254461878,Right Foot,Open Play,Off T,0,0.063389905,0.13710139356731296,0.00256686005579016
Pierre Kunde Malong,Cameroon,3857259,43,18,108.1,60.1,23.358510226467786,9.295063140404622,Right Foot,Open Play,Saved,0,0.009715966,0.029743597918758656,0.0011394482947658766
Pierre Kunde Malong,Cameroon,3857259,43,19,96.8,50.1,25.303161857759992,15.158405230918154,Right Foot,Open Play,Blocked,0,0.029523049,0.027586132207345442,0.00036664107776046074
Nicolas Alexis Julio N'Koulou Ndoubena,Cameroon,3857259,43,28,115.2,33.5,8.080222769206303,34.10064333130939,Head,Open Play,Blocked,0,0.09064111,0.10824064719917083,0.0009392791081717152
Jean-Charles Castelletto,Cameroon,3857259,43,28,118.5,43.2,3.534119409414461,94.71492550226705,Right Foot,Open Play,Goal,1,0.8945071,0.7181585144252094,0.8210850504591817
Pierre Kunde Malong,Cameroon,3857259,43,42,103.5,53.8,21.510230124292022,15.046622018523811,Right Foot,Open Play,Saved,0,0.0845098,0.04196119748870745,0.0005187075598683961
Pierre Kunde Malong,Cameroon,3857259,43,42,110.5,55.1,17.839843048636947,12.849406059658605,Right Foot,Open Play,Off T,0,0.056867022,0.05951994409019442,0.0009729327116697375
Strahinja Pavlović,Serbia,3857259,43,45,110.7,42.8,9.71236325515062,40.06805206406352,Head,Open Play,Goal,1,0.07892812,0.1045422492124066,0.35313007519320366
Sergej Milinković-Savić,Serbia,3857259,43,47,99.6,46.7,21.47207488809594,18.447603651028228,Left Foot,Open Play,Goal,1,0.058657028,0.05981547832821825,0.22050618804085945
Aleksandar Mitrović,Serbia,3857259,43,50,98.4,45.9,22.391292950609166,17.95320567387151,Right Foot,Open Play,Blocked,0,0.08318807,0.04081581783352137,0.00035497296423379714
Saša Lukić,Serbia,3857259,43,51,103.0,49.6,19.52331938989884,18.69421546168115,Right Foot,Open Play,Blocked,0,0.039666813,0.05689528797806073,0.09854348214371572
Aleksandar Mitrović,Serbia,3857259,43,52,113.6,40.2,6.403124237432854,59.49199319177972,Right Foot,Open Play,Goal,1,0.8974681,0.43145526391421624,0.35218595851121715
Vincent Paté Aboubakar,Cameroon,3857259,43,59,106.5,47.6,15.492256130079957,23.560626603394386,Left Foot,Open Play,Blocked,0,0.05176351,0.12588652643202933,0.0006779485072055842
Karl Brillant Toko Ekambi,Cameroon,3857259,43,61,106.4,24.5,20.62062074720351,13.589959265989354,Right Foot,Open Play,Saved,0,0.02132554,0.04470061239835249,0.12063388142642574
Sergej Milinković-Savić,Serbia,3857259,43,62,96.4,47.8,24.85558287387362,15.951095011649711,Right Foot,Open Play,Off T,0,0.10917903,0.019525248763084084,0.0009716982034438298
Vincent Paté Aboubakar,Cameroon,3857259,43,62,104.4,49.0,18.009997223764355,20.164188519177852,Right Foot,Open Play,Goal,1,0.28323865,0.06934405588063082,0.21083217415085773
Jean-Eric Maxim Choupo-Moting,Cameroon,3857259,43,65,111.0,37.0,9.486832980505138,40.695623908897176,Left Foot,Open Play,Goal,1,0.46942416,0.30633058878121566,0.636445824506522
Nikola Milenković,Serbia,3857259,43,69,110.5,45.7,11.078808600206072,32.455226762435075,Head,Open Play,Wayward,0,0.0304652,0.051134288114565815,5.2681165582951714e-05
Aleksandar Mitrović,Serbia,3857259,43,75,110.1,55.7,18.560711193270592,12.345513214268662,Right Foot,Open Play,Saved,0,0.10947208,0.05438463978611239,9.660335519788488e-05
Sergej Milinković-Savić,Serbia,3857259,43,77,95.2,48.2,26.120490041344933,15.184374296913697,Right Foot,Open Play,Off T,0,0.032438725,0.025184663690706374,0.0010913548859525352
Vincent Paté Aboubakar,Cameroon,3857259,43,86,94.0,24.8,30.117104774529704,12.022696249283298,Right Foot,Open Play,Saved,0,0.025639288,0.014837443020522366,0.09338769683138563
Aleksandar Mitrović,Serbia,3857259,43,88,105.1,38.3,14.996666296213975,27.27912669882877,Right Foot,Open Play,Off T,0,0.1134657,0.11188278129110944,0.004301790788035308
Georges-Kévin Nkoudou Mbida,Cameroon,3857259,43,94,103.3,13.7,31.154132952146174,7.277964414718302,Right Foot,Free Kick,Saved,0,0.0070103277,0.02851040926226222,0.09685559898545108
Marko Grujić,Serbia,3857259,43,94,92.3,33.6,28.429737951659003,14.31070424823541,Right Foot,Open Play,Saved,0,0.027356416,0.019002725643363416,0.05101023357940222
Michy Batshuayi Tunga,Belgium,3857283,43,4,110.0,29.6,14.427751037497146,20.59816338968239,Left Foot,Open Play,Saved,0,0.13561569,0.13133401092616476,0.0005034178953817465
Kevin De Bruyne,Belgium,3857283,43,15,95.2,30.1,26.70299608658174,14.545513295964751,Right Foot,Open Play,Blocked,0,0.023734333,0.02322296661210319,0.03867333115304342
Amadou Onana,Belgium,3857283,43,16,114.6,38.6,5.5785302723925465,65.84848179246431,Head,Open Play,Off T,0,0.22733837,0.26370672271708134,0.12979054014871766
Thomas Meunier,Belgium,3857283,43,18,101.1,27.4,22.71497303542314,15.391092910805732,Right Foot,Open Play,Saved,0,0.050302412,0.03702719649003004,0.1525264767381399
Hakim Ziyech,Morocco,3857283,43,20,88.5,52.0,33.70830758136635,11.604460189994029,Left Foot,Open Play,Off T,0,0.010982664,0.008481619902971782,0.0012211117674228971
Selim Amallah,Morocco,3857283,43,27,106.0,49.7,17.032028651925174,20.32324473704995,Right Foot,Open Play,Off T,0,0.054105066,0.07726324213895494,0.039988051071365494
Achraf Hakimi Mouh,Morocco,3857283,43,34,109.4,56.3,19.443507913954203,12.012373898935468,Right Foot,Open Play,Off T,0,0.054164495,0.03257534140203125,0.002584675885534997
Kevin De Bruyne,Belgium,3857283,43,34,94.1,42.1,25.984995670578826,15.985032374126751,Left Foot,Open Play,Blocked,0,0.021631707,0.022715388650225758,0.03987891244406772
Kevin De Bruyne,Belgium,3857283,43,38,112.6,6.7,34.11231449198368,2.6961918824834354,Right Foot,Free Kick,Off T,0,0.007375095,0.018270461287754024,0.0005604700713680411
Hakim Ziyech,Morocco,3857283,43,49,95.2,48.1,26.08926982496827,15.219748889723217,Left Foot,Open Play,Saved,0,0.02991042,0.03332271301756258,0.03920511757435164
Eden Hazard,Belgium,3857283,43,51,104.9,58.7,24.035390573069535,11.082388415348182,Right Foot,Open Play,Saved,0,0.009158539,0.028796877849737213,0.0005565706553803656
Amadou Onana,Belgium,3857283,43,51,111.4,40.8,8.637129152675667,45.80643037494698,Head,Open Play,Off T,0,0.06452631,0.0906585550280455,0.0022047714080767394
Sofiane Boufal,Morocco,3857283,43,56,106.6,22.0,22.440142602042442,11.316127560065729,Right Foot,Open Play,Off T,0,0.01369968,0.03460367000851858,0.0003732689080534602
Noussair Mazraoui,Morocco,3857283,43,60,87.4,35.3,32.93706119252292,12.555864863468113,Right Foot,Open Play,Off T,0,0.022188112,0.010907778508831503,3.046474705252403e-05
Dries Mertens,Belgium,3857283,43,64,97.9,37.7,22.21936092690336,18.61411226231933,Right Foot,Open Play,Saved,0,0.065653466,0.042262425965834016,0.06261591160332709
Azzedine Ounahi,Morocco,3857283,43,68,87.6,38.2,32.44996147917591,12.851122718437637,Right Foot,Open Play,Off T,0,0.023304239,0.011614789176466552,0.0028865136118556398
Romain Saïss,Morocco,3857283,43,72,118.0,36.4,4.118252056394801,76.31643002877405,Other,Open Play,Goal,1,0.56495196,0.44438877234179713,0.5248528555195544
Jan Vertonghen,Belgium,3857283,43,81,109.1,37.6,11.1610931364271,35.66636860998614,Head,Open Play,Off T,0,0.03727616,0.05468069029088477,0.0008046852833860063
Abderrazak Hamdallah,Morocco,3857283,43,90,116.6,28.9,11.609048195265625,11.587956665292085,Left Foot,Open Play,Saved,0,0.036752854,0.14311711123549392,0.0009228305121408486
Zakaria Aboukhlal,Morocco,3857283,43,91,110.3,46.8,11.846096403457132,29.22158228216742,Right Foot,Open Play,Goal,1,0.18104906,0.159762326204592,0.5798923228364306
Enner Remberto Valencia Lastra,Ecuador,3857286,43,15,108.1,40.1,11.900420160649796,34.18984690946256,Right Foot,Penalty,Goal,1,0.7835,0.76,0.76
Romario Andrés Ibarra Mina,Ecuador,3857286,43,28,96.5,46.4,24.355902775302745,16.524629867578543,Right Foot,Open Play,Off T,0,0.057691004,0.02095083819042137,0.004403502785517488
Enner Remberto Valencia Lastra,Ecuador,3857286,43,30,109.6,38.0,10.590561835898987,37.62518134216924,Head,Open Play,Goal,1,0.08878088,0.09029587470875632,0.24795016610017878
Abdelkarim Hassan Al Haj Fadlalla,Qatar,3857286,43,32,88.4,22.4,36.17070637961056,10.127908995510413,Left Foot,Open Play,Off T,0,0.0062173195,0.009407712608929659,0.004735145909461615
Almoez Ali Zainalabiddin Abdulla,Qatar,3857286,43,49,113.0,43.7,7.917701686727027,46.10868275100141,Head,Open Play,Off T,0,0.21267414,0.14308591688353015,0.0011683246105674086
Angelo Smit Preciado Quiñónez,Ecuador,3857286,43,51,91.7,61.5,35.54068091638088,9.411697811516902,Right Foot,Open Play,Off T,0,0.0066099144,0.007495144665059791,0.0026750844449515343
Romario Andrés Ibarra Mina,Ecuador,3857286,43,54,101.9,32.3,19.66977376585709,19.530957026764707,Right Foot,Open Play,Saved,0,0.07894745,0.05711253009619952,0.11843184819763233
Pedro Miguel Correia,Qatar,3857286,43,61,106.5,47.5,15.443445211480501,23.701296840179275,Head,Open Play,Off T,0,0.030855335,0.025514101694333532,0.0003377953294783425
Akram Hassan Afif,Qatar,3857286,43,74,92.1,23.1,32.61931942882929,11.00038383868205,Right Foot,Open Play,Off T,0,0.009109482,0.010883308101710287,0.001195364244639147
Mohammed Muntari,Qatar,3857286,43,85,100.2,55.2,24.961570463414354,13.372312167105857,Right Foot,Open Play,Off T,0,0.045332674,0.02744464305474455,0.0015894317111686388
Kevin José Rodríguez Cortez,Ecuador,3857286,43,94,112.3,37.4,8.127115109311548,46.94886779366152,Head,Open Play,Off T,0,0.13848205,0.14270277658956754,0.0006598969985825475
Lionel Andrés Messi Cuccittini,Argentina,3857300,43,1,104.5,44.5,16.140012391568973,24.662607125163383,Left Foot,Open Play,Saved,0,0.15308252,0.12079432083677315,0.10876072734402024
Lionel Andrés Messi Cuccittini,Argentina,3857300,43,9,108.0,40.0,12.0,33.92341177306582,Left Foot,Penalty,Goal,1,0.7835,0.76,0.76
Alejandro Darío Gómez,Argentina,3857300,43,20,98.4,20.2,29.30187707297947,10.595827618558356,Right Foot,Open Play,Off T,0,0.011924569,0.015713842380931625,0.0022776073449940525
Lautaro Javier Martínez,Argentina,3857300,43,41,113.2,33.8,9.202173656261872,34.92557224928937,Head,Open Play,Blocked,0,0.0877444,0.09818859569958531,0.0010958295013529815
Rodrigo Javier De Paul,Argentina,3857300,43,41,101.1,41.8,18.985520798756095,21.733952061681265,Right Foot,Open Play,Off T,0,0.050540753,0.06476768392982013,0.02307795746253078
Saleh Khalid Al Shehri,Saudi Arabia,3857300,43,47,108.0,29.6,15.879546593023365,20.198268088213563,Left Foot,Open Play,Goal,1,0.080592275,0.11239310079605777,0.24456599045560912
Nawaf Shaker Al Abid,Saudi Arabia,3857300,43,52,104.9,54.1,20.659622455408034,14.96835006498944,Left Foot,Open Play,Blocked,0,0.040064447,0.06019032120417453,0.0006549565012874925
Salem Mohammed Al Dawsari,Saudi Arabia,3857300,43,52,102.4,25.3,22.931419493786244,14.111815536298742,Right Foot,Open Play,Goal,1,0.03280492,0.035049998583545114,0.2279778281063081
Lisandro Martínez,Argentina,3857300,43,62,111.1,39.9,8.900561780022658,44.704101622037236,Right Foot,Open Play,Blocked,0,0.33156127,0.28222473002154314,0.3085273558998632
Nicolás Alejandro Tagliafico,Argentina,3857300,43,62,116.1,37.2,4.801041553663124,71.31542414102302,Other,Open Play,Saved,0,0.63619345,0.39482152140054116,0.6106830688904923
Lautaro Javier Martínez,Argentina,3857300,43,68,116.5,31.1,9.563472172804184,18.16934822006094,Head,Open Play,Off T,0,0.077176735,0.042969624058049626,0.0015796302684143863
Ángel Fabián Di María Hernández,Argentina,3857300,43,71,111.4,54.4,16.772596698186,13.222477165238246,Right Foot,Open Play,Saved,0,0.0639515,0.0673733213326871,0.1679187491220122
Ángel Fabián Di María Hernández,Argentina,3857300,43,73,86.7,57.3,37.52572450999447,9.913041233710914,Left Foot,Open Play,Blocked,0,0.015201165,0.008015696937304027,1.527432838452498e-05
Enzo Fernandez,Argentina,3857300,43,75,108.2,39.6,11.80677771451635,34.43063246764897,Head,Open Play,Off T,0,0.036932193,0.07377757331536286,0.021307755842418626
Lionel Andrés Messi Cuccittini,Argentina,3857300,43,79,92.8,47.1,28.111385593741197,14.375205126272288,Left Foot,Free Kick,Off T,0,0.056788407,0.062003726808340306,0.011570986349098342
Lionel Andrés Messi Cuccittini,Argentina,3857300,43,83,113.6,32.2,10.089598604503552,27.920385753535587,Head,Open Play,Saved,0,0.077553175,0.07621461600682793,0.11530520239620386
Nicolás Hernán Otamendi,Argentina,3857300,43,90,109.5,37.8,10.72800074571213,37.081763131870495,Head,Open Play,Wayward,0,0.048093256,0.05926106133126115,0.0005748050606172883
Julián Álvarez,Argentina,3857300,43,100,112.5,33.2,10.123734488813895,31.641389891439754,Head,Open Play,Saved,0,0.061390053,0.05566704013600311,0.12982422769381113
Gue-Sung Cho,South Korea,3857299,43,3,111.9,44.7,9.364827814754522,38.58849566452129,Left Foot,Open Play,Blocked,0,0.09163986,0.21734412693461388,0.0032164121081354304
Woo-Yeong Jeong,South Korea,3857299,43,7,96.7,49.1,25.013996082193664,15.565057711322638,Right Foot,Open Play,Blocked,0,0.03008143,0.028777094388274253,7.856665308852432e-05
Min Jae Kim,South Korea,3857299,43,7,114.5,47.9,9.626006440887101,26.926940901695268,Head,Open Play,Wayward,0,0.059008703,0.07825204576470883,0.08461606206338979
In-Beom Hwang,South Korea,3857299,43,7,95.7,54.9,28.50438562747845,12.549115595464032,Right Foot,Open Play,Blocked,0,0.019586006,0.01804579153264836,8.47785655496895e-05
Gue-Sung Cho,South Korea,3857299,43,17,115.4,30.4,10.645186705737009,18.622517423361078,Head,Open Play,Blocked,0,0.055939306,0.057789862156068725,0.00014408029783170593
Mohamed Salisu,Ghana,3857299,43,23,115.5,37.9,4.965883607174056,71.12099388742648,Left Foot,Open Play,Goal,1,0.4040968,0.6140492891018045,0.6874452351838671
Mohammed Kudus,Ghana,3857299,43,33,113.1,41.8,7.130918594402832,53.441075798190674,Head,Open Play,Goal,1,0.20083603,0.18006618060959545,0.4500119799090944
Woo-Young Jung,South Korea,3857299,43,44,100.6,20.0,27.8632374285545,10.543621072966998,Right Foot,Open Play,Off T,0,0.010946972,0.01847149218253343,0.0006542807972767504
Thomas Teye Partey,Ghana,3857299,43,49,118.3,36.2,4.162931659299728,72.45468983939473,Head,Open Play,Off T,0,0.21468838,0.24531728983703985,0.04937490944366525
Tariq Lamptey,Ghana,3857299,43,49,104.8,52.1,19.428072472584617,16.99444419610999,Left Foot,Open Play,Off T,0,0.07450179,0.07205253663586357,0.01056772155244904
Gue-Sung Cho,South Korea,3857299,43,52,111.6,36.7,9.0249653738948,42.09820663167187,Head,Open Play,Saved,0,0.07677545,0.11735005032583477,0.45795156688558514
Gue-Sung Cho,South Korea,3857299,43,57,112.6,38.4,7.570997292299086,50.961679184664014,Head,Open Play,Goal,1,0.23484395,0.16402159241934078,0.13459061483908893
Gue-Sung Cho,South Korea,3857299,43,60,115.5,43.7,5.825804665451805,58.0485581174319,Head,Open Play,Goal,1,0.16237147,0.15768469773136493,0.4364927021179475
Iñaki Williams Arthuer,Ghana,3857299,43,67,109.2,32.5,13.148764200486672,26.36606511532539,Right Foot,Open Play,Wayward,0,0.10557394,0.13221478142476506,0.000497033040925663
Mohammed Kudus,Ghana,3857299,43,67,108.4,48.6,14.440221604947753,23.517159761805893,Left Foot,Open Play,Goal,1,0.15416233,0.13971329572101027,0.1346135191170593
Kang-In Lee,South Korea,3857299,43,74,90.9,45.4,29.596790366524537,13.871606377594398,Left Foot,Free Kick,Saved,0,0.034794893,0.052137300118789705,0.12186511725432354
Heung-Min Son,South Korea,3857299,43,75,110.9,29.2,14.122676800097066,19.698602503068013,Right Foot,Open Play,Blocked,0,0.065267496,0.10335860133231148,0.00023044150840984123
Kang-In Lee,South Korea,3857299,43,75,114.2,56.1,17.11286066091815,8.638580401775142,Left Foot,Open Play,Blocked,0,0.011154885,0.07602178542774589,2.0681299408085304e-05
Jin-Su Kim,South Korea,3857299,43,75,112.0,30.1,12.7283148923964,21.506418012155446,Left Foot,Open Play,Blocked,0,0.19109753,0.15833698097674648,0.2628680595100951
Salis Abdul Samed,Ghana,3857299,43,82,96.1,40.1,23.900209204105312,17.41275905333105,Right Foot,Open Play,Off T,0,0.026676558,0.034078304642018345,0.017226022728536478
Jin-Su Kim,South Korea,3857299,43,83,107.7,23.5,20.580087463370994,12.381330333741115,Left Foot,Open Play,Off T,0,0.03964235,0.05712570974055801,0.003799432570669727
Jin-Su Kim,South Korea,3857299,43,85,112.0,33.2,10.499523798725347,31.160569940984495,Head,Open Play,Wayward,0,0.054534186,0.05282897183976395,3.6428216649200763e-06
Heung-Min Son,South Korea,3857299,43,90,109.6,28.5,15.50516043128868,18.538587490157266,Right Foot,Open Play,Blocked,0,0.060233038,0.08716286611064315,0.00023282827432296644
Young-Gwon Kim,South Korea,3857299,43,90,103.6,37.6,16.574679484080534,24.673248244899597,Left Foot,Open Play,Blocked,0,0.064945966,0.1156016679594804,0.14961186810618987
Sang-Ho Na,South Korea,3857299,43,90,113.0,49.3,11.640017182117901,22.76658802449777,Head,Open Play,Saved,0,0.05996953,0.038135867154024713,0.000859486860418259
Gue-Sung Cho,South Korea,3857299,43,93,111.6,23.1,18.872466717416675,10.169744151000156,Left Foot,Open Play,Saved,0,0.014336902,0.06524256938016902,0.0023732316586036824
Kang-In Lee,South Korea,3857299,43,99,98.5,56.8,27.285344051340086,12.148464121022332,Left Foot,Open Play,Off T,0,0.025138553,0.027060298969175937,0.0041602854078089824
Kyung-Won Kwon,South Korea,3857299,43,100,83.8,54.1,38.84906691286163,10.04548180627607,Left Foot,Open Play,Blocked,0,0.005484339,0.006912384535444096,6.21929795585313e-06
Jordan Ayew,Ghana,3857293,43,15,101.8,36.6,18.514858897652992,22.020330537965517,Right Foot,Open Play,Saved,0,0.07146578,0.045920008374378186,0.05647434690175019
André Ayew Pelé,Ghana,3857293,43,20,108.0,40.0,12.0,33.92341177306582,Left Foot,Penalty,Saved,0,0.7835,0.76,0.76
Darwin Gabriel Núñez Ribeiro,Uruguay,3857293,43,22,106.8,29.0,17.182549286994643,18.92312263264026,Right Foot,Open Play,Blocked,0,0.15781382,0.07361251855275087,0.0586872226380821
Luis Alberto Suárez Díaz,Uruguay,3857293,43,25,108.6,33.4,13.172699040060095,27.52603902278501,Right Foot,Open Play,Saved,0,0.2733873,0.13525485717112434,0.22906383279118875
Giorgian Daniel De Arrascaeta Benedetti,Uruguay,3857293,43,25,118.0,42.7,3.360059523282291,98.18444769063835,Head,Open Play,Goal,1,0.71106935,0.509329243132914,0.6721004924329039
Giorgian Daniel De Arrascaeta Benedetti,Uruguay,3857293,43,31,110.8,31.2,12.73106437027164,24.367318299829847,Right Foot,Open Play,Goal,1,0.16736692,0.09041241059381222,0.0950747682193997
Mohammed Kudus,Ghana,3857293,43,36,94.7,45.8,25.956309444911458,15.666572025853759,Left Foot,Open Play,Blocked,0,0.041819587,0.03418678954580279,0.0004777015587668776
José María Giménez de Vargas,Uruguay,3857293,43,49,106.5,42.5,13.729530217745982,29.438168283619255,Head,Open Play,Off T,0,0.03238874,0.03551197384604141,0.008546853779507308
Osman Bukari,Ghana,3857293,43,45,104.7,50.8,18.727786842016325,18.36631621122675,Right Foot,Open Play,Off T,0,0.08441304,0.061544162321336686,0.000343313042519128
Facundo Pellistri Rebollo,Uruguay,3857293,43,64,107.5,33.2,14.229898102235305,25.821657243999606,Right Foot,Open Play,Off T,0,0.099497445,0.11714755823056325,0.01908443501654863
Federico Santiago Valverde Dipetta,Uruguay,3857293,43,69,92.5,22.5,32.59601202601324,10.861780776053374,Right Foot,Open Play,Saved,0,0.0066686436,0.010874923555262902,0.035332871776400605
Federico Santiago Valverde Dipetta,Uruguay,3857293,43,69,93.0,21.1,32.957700162481,10.438317040017408,Right Foot,Open Play,Off T,0,0.008103582,0.010326808452598302,0.002459870495150064
Mohammed Kudus,Ghana,3857293,43,70,95.7,47.2,25.3442301125917,15.792029310792184,Right Foot,Open Play,Off T,0,0.04665373,0.027885688160312613,0.0031408763272225623
Federico Santiago Valverde Dipetta,Uruguay,3857293,43,76,59.0,4.0,70.83078426785913,5.099547901124351,Right Foot,Open Play,Off T,0,0.003913026,0.00011611329185708036,1.6195767724971442e-05
Antoine Semenyo,Ghana,3857293,43,78,109.6,28.0,15.87954659302337,17.68444001096441,Left Foot,Open Play,Off T,0,0.12024433,0.10627429447177719,0.0009777791146376648
Mohammed Kudus,Ghana,3857293,43,80,96.8,42.8,23.36835467036565,17.682692879226266,Left Foot,Open Play,Saved,0,0.05586675,0.04776702934414853,0.08809132694341937
Mohammed Kudus,Ghana,3857293,43,94,108.0,43.6,12.52836781069266,31.460414709648337,Left Foot,Open Play,Blocked,0,0.10750313,0.19801488676332527,0.33235737829418643
Maximiliano Gómez González,Uruguay,3857293,43,94,93.0,49.4,28.589508565206224,13.811250897479045,Right Foot,Open Play,Saved,0,0.030132728,0.018435181434163537,0.02001615409314495
Kamaldeen Sulemana,Ghana,3857293,43,95,99.5,50.6,23.07834482799839,16.120010700964187,Right Foot,Open Play,Saved,0,0.081227794,0.03619298733153911,0.10736994075420127
Sebastián Coates Nión,Uruguay,3857293,43,96,108.8,43.0,11.594826432508597,34.109988960916645,Right Foot,Open Play,Off T,0,0.103292696,0.18111329192263761,0.0015198004513904224
Diego Nicolás De La Cruz Arcosa,Uruguay,3857293,43,99,91.4,33.9,29.24328982860854,13.966292484312168,Right Foot,Free Kick,Saved,0,0.0429242,0.04144231909194261,0.08223425217693436
Daniel Olmo Carvajal,Spain,3857291,43,4,112.4,45.9,9.621330469326988,35.09384752009403,Right Foot,Open Play,Off T,0,0.20824905,0.22152735772237395,0.0007547321659201353
Marco Asensio Willemsen,Spain,3857291,43,8,102.5,40.7,17.513994404475525,23.590319679684907,Left Foot,Open Play,Off T,0,0.1501565,0.10246929877014745,0.0012374078625874696
Daniel Olmo Carvajal,Spain,3857291,43,10,112.3,39.3,7.731752712031085,50.54754201668056,Right Foot,Open Play,Goal,1,0.48925844,0.34239070175334546,0.5433130279008082
Marco Asensio Willemsen,Spain,3857291,43,20,105.8,33.4,15.65886330485071,24.15206239301647,Left Foot,Open Play,Goal,1,0.09218961,0.125401602332965,0.16949296036588582
Ferrán Torres García,Spain,3857291,43,30,108.1,40.1,11.900420160649796,34.18984690946256,Right Foot,Penalty,Goal,1,0.7835,0.76,0.76
Marco Asensio Willemsen,Spain,3857291,43,42,91.7,29.8,30.08205445111753,13.081065615414897,Left Foot,Open Play,Blocked,0,0.015886325,0.020208277064389026,3.888232695899552e-05
Marco Asensio Willemsen,Spain,3857291,43,49,110.5,30.5,13.435028842544403,22.594491639085906,Left Foot,Open Play,Off T,0,0.04809784,0.15124149931961167,0.0026283296769660028
Marco Asensio Willemsen,Spain,3857291,43,47,100.5,45.7,20.316003544004417,19.668710276339993,Left Foot,Open Play,Off T,0,0.08547543,0.06971666383930862,0.004116655806615983
Ferrán Torres García,Spain,3857291,43,53,114.7,49.4,10.791200118615166,20.629417046961475,Left Foot,Open Play,Goal,1,0.10498973,0.1870436053945207,0.21377650096339196
Daniel Olmo Carvajal,Spain,3857291,43,61,92.0,25.7,31.440260813167566,11.870481308119397,Right Foot,Open Play,Off T,0,0.017297672,0.012717883046606404,0.002997333520414256
Álvaro Borja Morata Martín,Spain,3857291,43,62,112.0,54.0,16.1245154965971,13.358339100688104,Right Foot,Open Play,Off T,0,0.06487478,0.07244863115299016,0.0010060778036754458
Daniel Olmo Carvajal,Spain,3857291,43,69,110.3,29.3,14.442298985964806,19.990327873657215,Head,Open Play,Saved,0,0.033574425,0.03936113101450576,0.06286645117059082
Pablo Martín Páez Gavira,Spain,3857291,43,73,103.0,45.8,17.962182495454165,21.919862807657815,Right Foot,Open Play,Goal,1,0.056229107,0.07260104287454656,0.17628522880421194
Carlos Soler Barragán,Spain,3857291,43,89,109.7,40.1,10.30048542545447,39.12127617747603,Right Foot,Open Play,Goal,1,0.33333436,0.22541809665959134,0.46174636066386676
Álvaro Borja Morata Martín,Spain,3857291,43,91,104.0,36.4,16.400000000000002,24.62102958342701,Left Foot,Open Play,Goal,1,0.16366571,0.11754032696650611,0.2756134243190322
Carlos Soler Barragán,Spain,3857291,43,95,102.5,42.5,17.67766952966369,23.18441241252035,Right Foot,Open Play,Off T,0,0.10654532,0.07705855845109683,0.00047580799149174414
Carlos Soler Barragán,Spain,3857291,43,97,103.5,16.7,28.550656735003486,8.566989647810903,Right Foot,Free Kick,Blocked,0,0.008599174,0.039305431865569514,0.00012311469121220977
Alphonso Davies,Canada,3857281,43,1,109.6,36.4,11.00545319375809,35.24855315440854,Head,Open Play,Goal,1,0.08130363,0.0550691959858037,0.06996404346357565
Marko Livaja,Croatia,3857281,43,21,109.5,36.8,10.97679370308106,35.66642069075975,Right Foot,Open Play,Saved,0,0.4341785,0.198024971201709,0.22146060015880292
Marko Livaja,Croatia,3857281,43,34,109.9,50.0,14.21302219797042,21.40390373148842,Right Foot,Open Play,Saved,0,0.24546398,0.10638327157208445,0.3034156188590359
Andrej Kramarić,Croatia,3857281,43,35,114.1,29.4,12.131364309095664,17.892260728778094,Left Foot,Open Play,Goal,1,0.14639324,0.15548453329306547,0.34926600404317615
Marko Livaja,Croatia,3857281,43,43,101.0,39.1,19.021303845951255,21.760887310622042,Right Foot,Open Play,Goal,1,0.13916126,0.06455899494177375,0.14709820707292806
Andrej Kramarić,Croatia,3857281,43,46,98.7,33.1,22.389729788454346,17.721935601520546,Left Foot,Open Play,Off T,0,0.059277993,0.0532160747485996,0.007163904328867743
Jonathan Osorio,Canada,3857281,43,48,98.3,50.1,23.93532953606447,15.849310764800295,Right Foot,Open Play,Off T,0,0.03829635,0.032686591712766055,0.0008202732896354294
Andrej Kramarić,Croatia,3857281,43,53,108.2,42.1,11.98540779448075,33.54967405653084,Right Foot,Open Play,Saved,0,0.24875651,0.17252388727280019,0.20176993693766232
Jonathan David,Canada,3857281,43,55,96.4,39.9,23.600211863455797,17.63064490126442,Right Foot,Open Play,Saved,0,0.052886155,0.035420520907907364,0.11565347565284817
Tajon Buchanan,Canada,3857281,43,57,99.8,52.9,23.967686580060246,14.764391535024572,Right Foot,Open Play,Blocked,0,0.023891453,0.031725002471505996,2.6062711980171965e-05
Alphonso Davies,Canada,3857281,43,62,101.1,59.8,27.37243138634199,10.647882179969193,Left Foot,Free Kick,Blocked,0,0.011981465,0.06153854528518098,2.1231562975034633e-05
Andrej Kramarić,Croatia,3857281,43,69,106.8,47.1,14.988328792764058,24.578512694240683,Left Foot,Open Play,Goal,1,0.10933437,0.09282955392831328,0.2425686023867159
Andrej Kramarić,Croatia,3857281,43,71,115.1,46.8,8.381527307120106,32.24678876437717,Left Foot,Open Play,Wayward,0,0.1355834,0.2888079060823743,3.18409188025618e-05
David Junior Hoilett,Canada,3857281,43,76,92.2,33.0,28.667751917442004,14.128582764221186,Right Foot,Open Play,Off T,0,0.019849088,0.018415585205718926,2.6740471693634664e-05
Ivan Perišić,Croatia,3857281,43,77,115.3,26.9,13.917614738165447,10.802789003477658,Left Foot,Open Play,Saved,0,0.031612467,0.11151870826117145,0.001667697630836203
Marcelo Brozović,Croatia,3857281,43,77,110.3,42.6,10.042410069301097,39.07305565961356,Left Foot,Open Play,Saved,0,0.30414897,0.28456582132862074,0.36135516268926177
Ivan Perišić,Croatia,3857281,43,81,96.0,26.3,27.634941650019815,13.178286033183694,Left Foot,Open Play,Off T,0,0.02367336,0.026680037982945534,7.7478425767322e-05
Mislav Oršić,Croatia,3857281,43,89,98.2,35.1,22.343902971504328,18.18245973600163,Right Foot,Open Play,Saved,0,0.045590583,0.04125628816927935,0.0333155719916194
David Junior Hoilett,Canada,3857281,43,92,98.1,33.5,22.844255295369123,17.498953574288166,Right Foot,Open Play,Blocked,0,0.03737635,0.03839884409356046,0.0004518504707542841
David Junior Hoilett,Canada,3857281,43,92,99.5,26.7,24.436448187083162,14.416565431382578,Right Foot,Open Play,Off T,0,0.02121069,0.029853933239142053,0.00042892541082705356
Lovro Majer,Croatia,3857281,43,93,109.2,45.4,12.074767078498862,30.840574523492123,Left Foot,Open Play,Goal,1,0.68703645,0.2039204726967568,0.4807511117786291
Frederico Rodrigues Santos,Brazil,3857280,43,1,108.7,38.6,11.386395390991828,35.432176365373984,Left Foot,Open Play,Wayward,0,0.29454654,0.23724549888096277,0.0008655528149997913
Antony Matheus dos Santos,Brazil,3857280,43,1,103.3,25.5,22.11650967037973,14.410574874259089,Left Foot,Open Play,Wayward,0,0.038875267,0.050689779955376484,0.09119322812169899
Gabriel Teodoro Martinelli Silva,Brazil,3857280,43,13,111.8,34.5,9.873702446397706,35.51808025308434,Head,Open Play,Saved,0,0.12449543,0.09278513889235955,0.34532875306873373
Gabriel Fernando de Jesus,Brazil,3857280,43,14,113.4,48.9,11.080162453682703,23.831629465831114,Head,Open Play,Off T,0,0.044797283,0.06230930405503371,0.0011344911318647303
Frederico Rodrigues Santos,Brazil,3857280,43,21,107.6,39.2,12.425779653607258,32.77038005519134,Right Foot,Open Play,Blocked,0,0.083684884,0.16272662154052178,0.13544998441167808
Rodrygo Silva de Goes,Brazil,3857280,43,29,94.0,42.7,26.139816372729168,15.860085738489873,Right Foot,Free Kick,Blocked,0,0.0651609,0.06087551418787729,0.11265066877089927
Daniel Alves da Silva,Brazil,3857280,43,33,96.7,29.3,25.639422770413532,14.83392460306544,Right Foot,Free Kick,Off T,0,0.06485747,0.06273161804636392,0.003688028730611206
Antony Matheus dos Santos,Brazil,3857280,43,37,105.6,52.3,18.938056922503957,16.97770846183759,Left Foot,Open Play,Saved,0,0.033440635,0.07589143760897427,0.20640828246206958
Gabriel Teodoro Martinelli Silva,Brazil,3857280,43,45,101.3,45.2,19.409533739891852,20.64359179056376,Right Foot,Open Play,Saved,0,0.047920834,0.06030646758129332,0.2375635749139989
Rodrygo Silva de Goes,Brazil,3857280,43,46,107.8,50.0,15.774663229368798,20.771723556382845,Right Foot,Open Play,Off T,0,0.06651591,0.06012806463268909,0.0024047699662088544
Bryan Mbeumo,Cameroon,3857280,43,47,113.5,47.4,9.849365461794987,29.641639487566863,Head,Open Play,Saved,0,0.11827337,0.08134532146657925,0.14558605892460436
Vincent Paté Aboubakar,Cameroon,3857280,43,50,109.5,54.0,17.5,14.705690145924908,Right Foot,Open Play,Off T,0,0.07058843,0.06449469378384677,0.0002708348040944803
Gabriel Fernando de Jesus,Brazil,3857280,43,52,111.9,36.3,8.90505474435727,41.97666294569821,Right Foot,Open Play,Saved,0,0.27918908,0.26851689851741867,0.3943741166878945
Pierre Kunde Malong,Cameroon,3857280,43,53,91.8,17.8,35.88983142897163,9.198693745006814,Right Foot,Open Play,Off T,0,0.006493906,0.0071636939005695534,0.00021848616263183505
Gabriel Teodoro Martinelli Silva,Brazil,3857280,43,55,108.9,25.7,18.102486017119304,14.49442199744764,Right Foot,Open Play,Saved,0,0.038835723,0.060130720479266105,0.2317319949658469
Éder Gabriel Militão,Brazil,3857280,43,56,105.3,39.2,14.721752613055283,27.887668908969598,Left Foot,Open Play,Saved,0,0.075584605,0.14920499953913685,0.16045802082190197
Antony Matheus dos Santos,Brazil,3857280,43,57,101.0,51.2,22.055384830013736,16.383887582892037,Left Foot,Open Play,Saved,0,0.037848417,0.05347255296236884,0.103438189291371
Bruno Guimarães Rodriguez Moura,Brazil,3857280,43,72,99.9,37.6,20.2427764894048,20.364649265902703,Right Foot,Open Play,Off T,0,0.086029716,0.03646076830614784,0.013151182215542366
Jules Olivier Ntcham,Cameroon,3857280,43,77,92.8,35.5,27.569729777420747,14.930377940310377,Right Foot,Open Play,Saved,0,0.03332142,0.02126117662147527,0.03548317003241047
Vincent Paté Aboubakar,Cameroon,3857280,43,79,104.1,25.5,21.51882896442091,14.511569769945341,Right Foot,Open Play,Blocked,0,0.042308386,0.04138738338803744,1.4351313662657092e-05
Christopher Wooh,Cameroon,3857280,43,80,106.3,39.9,13.700364958642528,29.91346736668205,Right Foot,Open Play,Wayward,0,0.05692788,0.1351236262955557,0.1841421270702821
Bruno Guimarães Rodriguez Moura,Brazil,3857280,43,83,114.9,44.0,6.481512169239516,52.53039397039528,Right Foot,Open Play,Blocked,0,0.14917652,0.29229588712124166,0.5107859471001546
Pedro Guilherme Abreu dos Santos,Brazil,3857280,43,88,104.2,47.1,17.3219513912261,21.97252006553196,Left Foot,Open Play,Off T,0,0.18481041,0.06826449473549583,0.015120472379548035
Vincent Paté Aboubakar,Cameroon,3857280,43,91,106.7,40.7,13.31840831330831,30.697207023299534,Head,Open Play,Goal,1,0.05544736,0.057453487047784885,0.17196045993365602
Pedro Guilherme Abreu dos Santos,Brazil,3857280,43,95,108.8,37.5,11.475626344561766,34.72391618722114,Head,Open Play,Off T,0,0.07645427,0.07694746307994395,0.00036259123626782323
Bruno Guimarães Rodriguez Moura,Brazil,3857280,43,96,112.9,39.8,7.1028163428318996,54.512326452559755,Head,Open Play,Saved,0,0.17098139,0.18454125274678101,0.6092933171972152
Gabriel Teodoro Martinelli Silva,Brazil,3857280,43,97,115.1,36.0,6.325345840347392,53.42423058477441,Head,Open Play,Off T,0,0.1945778,0.1941164028905493,0.007784395026025353
Bruno Guimarães Rodriguez Moura,Brazil,3857280,43,98,114.1,35.3,7.54320886625845,44.790889349616336,Right Foot,Open Play,Off T,0,0.22043578,0.3154301117928632,0.026029336059560114
Ousmane Dembélé,France,3857279,43,1,95.0,47.8,26.188547115103578,15.223873103487776,Left Foot,Open Play,Blocked,0,0.018982504,0.03295940975266602,0.0698881027994841
Riley McGree,Australia,3857279,43,2,89.5,39.1,30.513275799232044,13.673920601550671,Right Foot,Open Play,Off T,0,0.030384658,0.014773638193104758,3.042307237361041e-06
Craig Goodwin,Australia,3857279,43,8,114.2,31.3,10.456098698845567,23.871901224216387,Left Foot,Open Play,Goal,1,0.19147108,0.2059275709056917,0.5335716507614663
Theo Bernard François Hernández,France,3857279,43,12,92.7,34.0,27.951565251341467,14.587037118677994,Left Foot,Open Play,Wayward,0,0.017692888,0.02664710590891271,0.02407791265014708
Mitchell Thomas Duke,Australia,3857279,43,21,91.1,46.9,29.712287020692305,13.675437759409672,Right Foot,Open Play,Off T,0,0.017896876,0.01617981956283418,0.000958409804446083
Antoine Griezmann,France,3857279,43,25,112.1,52.7,14.95660389259541,15.374804968400197,Right Foot,Open Play,Blocked,0,0.034694295,0.08590763184566712,6.464249113965406e-05
Adrien Rabiot,France,3857279,43,26,111.6,42.0,8.634813257969167,45.15116598802937,Head,Open Play,Goal,1,0.16905431,0.13050786329611666,0.15678780863946185
Olivier Giroud,France,3857279,43,28,112.3,39.8,7.702596964660688,50.821346379572226,Head,Open Play,Off T,0,0.17925091,0.1117946096595507,0.013006928262257056
Olivier Giroud,France,3857279,43,31,110.5,39.2,9.533624704172071,41.90337967845735,Right Foot,Open Play,Goal,1,0.77927965,0.25418170691648084,0.25619333215822493
Kylian Mbappé Lottin,France,3857279,43,36,105.0,47.2,16.63850954863446,22.625702107602237,Right Foot,Open Play,Blocked,0,0.08709453,0.08492716429925035,0.00039124214715045304
Olivier Giroud,France,3857279,43,36,104.5,38.9,15.538983235720412,26.449934444013987,Right Foot,Open Play,Off T,0,0.14067347,0.10387582782177948,0.008408089523874444
Ousmane Dembélé,France,3857279,43,39,106.5,38.2,13.6194713553794,29.865292655545243,Right Foot,Open Play,Off T,0,0.08098688,0.1360751784551432,0.003491069004069177
Antoine Griezmann,France,3857279,43,41,99.5,47.5,21.828879952943073,17.953911363223018,Left Foot,Open Play,Off T,0,0.04884043,0.05687864477035199,0.0005871849291218432
Kylian Mbappé Lottin,France,3857279,43,44,112.9,40.2,7.1028163428318996,54.512326452559755,Right Foot,Open Play,Off T,0,0.5517509,0.38200393078725564,0.025998018915806453
Jackson Irvine,Australia,3857279,43,46,110.1,43.4,10.467568963231152,36.998248771527166,Head,Open Play,Post,0,0.083539926,0.09017275951765016,0.36286719993360594
Aurélien Djani Tchouaméni,France,3857279,43,49,96.3,40.8,23.71349826575573,17.538503390465625,Right Foot,Open Play,Blocked,0,0.035826564,0.03489947918278033,0.029414519289210808
Olivier Giroud,France,3857279,43,49,111.6,44.2,9.391485505499123,39.419648503349656,Left Foot,Open Play,Off T,0,0.07860331,0.3019048940644679,0.0050570325697689615
Kylian Mbappé Lottin,France,3857279,43,60,107.5,31.1,15.344705927452633,22.393749238373097,Right Foot,Open Play,Blocked,0,0.12751806,0.0967470191606665,0.0002759721760338522
Kylian Mbappé Lottin,France,3857279,43,62,109.2,30.1,14.650938536489733,21.445706891767763,Left Foot,Open Play,Blocked,0,0.07606661,0.1308178691245785,0.0002894598478036882
Ibrahima Konaté,France,3857279,43,62,113.0,40.0,7.0,55.206279386696266,Head,Open Play,Off T,0,0.096129,0.1321663140312217,0.0004440709879493017
Kylian Mbappé Lottin,France,3857279,43,63,108.0,25.2,19.053608582103287,14.10237333323777,Right Foot,Open Play,Blocked,0,0.027555656,0.05372602018066993,2.2646699211292492e-05
Antoine Griezmann,France,3857279,43,66,105.3,36.2,15.183214415926559,26.361361077362922,Left Foot,Open Play,Blocked,0,0.17584424,0.1379774266173446,0.24341132262537216
Kylian Mbappé Lottin,France,3857279,43,66,115.7,24.7,15.892765649816901,7.496886268446393,Left Foot,Open Play,Wayward,0,0.013371275,0.08427727225883977,0.0001641333189961981
Kylian Mbappé Lottin,France,3857279,43,67,113.5,42.2,6.8622153857191055,54.69528223797619,Head,Open Play,Goal,1,0.14142905,0.13252268796414704,0.3274116051764853
Olivier Giroud,France,3857279,43,70,113.5,42.6,7.000714249274855,53.18455163745768,Head,Open Play,Goal,1,0.16888039,0.1813382241409611,0.3115491544134063
Ibrahima Konaté,France,3857279,43,89,112.1,41.4,8.02309167341369,48.604370977973545,Head,Open Play,Saved,0,0.07988335,0.14935833432659876,0.3156887009121925
Theo Bernard François Hernández,France,3857279,43,90,112.8,32.1,10.688779163215976,27.5904485096673,Head,Open Play,Saved,0,0.041087516,0.04753945621593501,0.1440375051112989
Ricardo Jorge Luz Horta,Portugal,3857262,43,4,113.6,47.0,9.484724561103505,31.46150743022984,Right Foot,Open Play,Goal,1,0.29158956,0.20885222278639837,0.35626682093765455
João Pedro Cavaco Cancelo,Portugal,3857262,43,14,117.5,20.6,19.56041921841145,2.8375258809298325,Right Foot,Open Play,Saved,0,0.010523141,0.03884042503192157,0.14891098400747096
Heung-Min Son,South Korea,3857262,43,15,108.5,21.6,21.698156603730187,10.42771680401583,Right Foot,Open Play,Blocked,0,0.011031977,0.036781703359955745,4.35206582538316e-06
Gue-Sung Cho,South Korea,3857262,43,16,111.1,32.0,11.967038062946072,26.650012994512053,Head,Open Play,Saved,0,0.040536147,0.060480085753549545,0.1087348741007309
Young-Gwon Kim,South Korea,3857262,43,26,116.7,38.0,3.858756276314945,86.45993415527795,Left Foot,Open Play,Goal,1,0.6242964,0.7262047680539929,0.7970995812439297
In-Beom Hwang,South Korea,3857262,43,30,98.2,31.4,23.435016535091243,16.584852530722486,Left Foot,Open Play,Blocked,0,0.020656463,0.04619427778989993,0.0001486671227911385
José Diogo Dalot Teixeira,Portugal,3857262,43,33,92.8,40.0,27.200000000000003,15.327242414329415,Left Foot,Open Play,Saved,0,0.036435805,0.02951363000232233,0.052748776917042474
Vitor Machado Ferreira,Portugal,3857262,43,34,91.6,45.7,28.96635979891157,14.132499480552909,Right Foot,Open Play,Saved,0,0.017112639,0.017805427195006922,0.0394216515437273
Cristiano Ronaldo dos Santos Aveiro,Portugal,3857262,43,36,110.6,56.3,18.816216410320116,11.419397258400096,Right Foot,Open Play,Blocked,0,0.022429451,0.05174212604193539,2.6613103512428878e-05
Heung-Min Son,South Korea,3857262,43,39,94.6,44.2,25.744902408049644,15.976704361515196,Left Foot,Open Play,Saved,0,0.024709688,0.03526326020969523,0.044361155593867926
Matheus Luiz Nunes,Portugal,3857262,43,40,92.6,58.9,33.28618331981004,10.38359219612979,Right Foot,Open Play,Off T,0,0.007849269,0.00993353120797298,0.0018189167962576066
Vitor Machado Ferreira,Portugal,3857262,43,41,97.8,46.9,23.24758051927125,17.135833736112563,Right Foot,Open Play,Saved,0,0.03675865,0.03639912314686944,0.049979684532319345
Cristiano Ronaldo dos Santos Aveiro,Portugal,3857262,43,41,112.7,35.0,8.848163651289456,39.46906786023936,Head,Open Play,Off T,0,0.28873095,0.11273301202895587,0.000657171143598341
Ricardo Jorge Luz Horta,Portugal,3857262,43,43,104.3,43.4,16.063934760823702,25.16132981413371,Left Foot,Open Play,Saved,0,0.11468789,0.12306791235553569,0.27018304735096366
Ricardo Jorge Luz Horta,Portugal,3857262,43,46,101.8,45.2,18.92828571212935,21.120846362645295,Right Foot,Open Play,Blocked,0,0.052517958,0.0642407467862601,0.0007527612550525515
Heung-Min Son,South Korea,3857262,43,55,104.5,54.7,21.362116000059547,14.367376766348091,Right Foot,Open Play,Blocked,0,0.023785131,0.041964715775027576,1.6304844844132602e-05
Jae-Sung Lee,South Korea,3857262,43,56,97.9,50.9,24.641834347304577,15.238942534148563,Left Foot,Open Play,Off T,0,0.021393217,0.03915313657500687,6.0642700138481174e-05
Heung-Min Son,South Korea,3857262,43,65,98.1,47.1,23.02216323458767,17.239060807356378,Left Foot,Open Play,Saved,0,0.039930075,0.04909447032569042,0.1826717391731782
In-Beom Hwang,South Korea,3857262,43,66,98.4,35.1,22.14881486671465,18.33264348410149,Left Foot,Open Play,Saved,0,0.100738145,0.055426409936420916,0.13590222651285144
Heung-Min Son,South Korea,3857262,43,69,111.1,52.8,15.590060936378665,15.837495613909832,Right Foot,Open Play,Blocked,0,0.04621987,0.08120438583589569,0.0001290286530324099
Rafael Alexandre Conceição Leão,Portugal,3857262,43,71,94.1,55.0,29.930085198675936,12.125743857595427,Right Foot,Open Play,Off T,0,0.029762346,0.015194312643078401,3.129898812616597e-05
Kang-In Lee,South Korea,3857262,43,73,88.0,49.4,33.35206140555633,12.032315249156692,Left Foot,Free Kick,Off T,0,0.023724081,0.03295526832524639,0.003391992283131157
João Maria Lobo Alves Palhinha Gonçalves,Portugal,3857262,43,80,88.8,40.2,31.200641019056004,13.380777015442137,Right Foot,Open Play,Blocked,0,0.021024177,0.013565433578400996,0.016039211782335756
João Pedro Cavaco Cancelo,Portugal,3857262,43,89,112.1,25.0,16.953170794869028,11.91683816066811,Left Foot,Open Play,Blocked,0,0.04430043,0.08337850349069763,3.530979898003404e-05
Hee-Chan Hwang,South Korea,3857262,43,90,108.3,44.6,12.571793825862724,30.628053601447693,Right Foot,Open Play,Goal,1,0.42196128,0.15336258296105235,0.1911953160315705
Vivianne Miedema,Netherlands Women's,69284,72,2,98.4,26.7,25.366316248127156,14.08744819692293,Right Foot,Open Play,Off T,0,0.026938466,0.026687186993405512,0.00021024755051398558
Emma Stina Blackstenius,Sweden Women's,69284,72,12,104.1,46.7,17.253985046939164,22.263118901673984,Right Foot,Open Play,Saved,0,0.116283655,0.07891319733195203,0.2132229704589707
Lineth Beerensteyn,Netherlands Women's,69284,72,16,92.1,23.4,32.46490412738039,11.10399873829585,Right Foot,Open Play,Saved,0,0.008810226,0.01110496581289644,0.024078609257541454
Elin Ingrid Johanna Rubensson,Sweden Women's,69284,72,36,104.5,38.2,15.604166110369372,26.247996794633767,Right Foot,Open Play,Blocked,0,0.066955514,0.10271240410620466,0.14495308225907924
Lina Mona Andréa Hurtig,Sweden Women's,69284,72,36,114.1,37.1,6.574191965557445,55.372148975082865,Right Foot,Open Play,Saved,0,0.21596621,0.40164090299229516,0.36349745064420635
Sherida Spitse,Netherlands Women's,69284,72,38,84.3,44.9,36.0347054934545,11.494286774912768,Right Foot,Open Play,Off T,0,0.011219676,0.007459027127742093,7.437489135262706e-05
Lineth Beerensteyn,Netherlands Women's,69284,72,44,105.6,41.0,14.434680460612912,28.397985712997627,Right Foot,Open Play,Blocked,0,0.0648339,0.1214348205998334,0.1137771861539507
Vivianne Miedema,Netherlands Women's,69284,72,44,101.9,42.7,18.300273222004087,22.396564632946347,Right Foot,Open Play,Blocked,0,0.060436837,0.0708009887991994,0.1270263600224427
Danielle van de Donk,Netherlands Women's,69284,72,45,94.0,39.4,26.006922155456998,16.017408804848476,Right Foot,Open Play,Off T,0,0.061864045,0.026030841027099825,0.0005012655327947655
Emma Stina Blackstenius,Sweden Women's,69284,72,47,105.7,35.4,15.02165104108067,26.25080631778263,Left Foot,Open Play,Blocked,0,0.052461673,0.1398741229751778,0.0019300349870992064
Kosovare Asllani,Sweden Women's,69284,72,55,103.5,45.3,17.33032025093593,22.827090972571757,Right Foot,Open Play,Blocked,0,0.06764507,0.07929949287616964,0.18671820990470242
Nilla Fischer,Sweden Women's,69284,72,55,104.8,52.5,19.679684956827945,16.57202352983445,Right Foot,Open Play,Saved to Post,0,0.04495508,0.05319932249628713,0.07203221680759082
Lineth Beerensteyn,Netherlands Women's,69284,72,57,98.2,57.4,27.892651361962702,11.788641868502951,Left Foot,Open Play,Off T,0,0.02288941,0.02505664785910514,4.489771798353829e-05
Vivianne Miedema,Netherlands Women's,69284,72,63,110.6,31.3,12.808200498118387,24.547481333399748,Head,Open Play,Saved to Post,0,0.07607756,0.052522499586405605,0.11961139002972764
Dominique Johanna Anna Petrone Janssen,Netherlands Women's,69284,72,63,114.5,43.8,6.685057965343305,52.14180889640001,Right Foot,Open Play,Blocked,0,0.3287944,0.3793819531335481,0.5477539121539309
Jill Roord,Netherlands Women's,69284,72,76,109.1,41.5,11.002726934719417,36.54142743359783,Right Foot,Open Play,Wayward,0,0.04525335,0.20104165389086748,7.83893418685899e-06
Kosovare Asllani,Sweden Women's,69284,72,83,105.8,28.1,18.527007313648905,17.490726438925183,Left Foot,Open Play,Off T,0,0.04582006,0.08022250180573318,0.006868797144323797
Magdalena Lilly Eriksson,Sweden Women's,69284,72,87,110.8,65.1,26.732938484199597,5.485499247479785,Left Foot,Free Kick,Off T,0,0.008211215,0.058417550069760876,0.002891481368943384
Shanice van de Sanden,Netherlands Women's,69284,72,91,107.7,59.1,22.71783440383348,10.154199331684605,Right Foot,Open Play,Saved,0,0.010102,0.032621078991147794,0.14865610656300973
Kosovare Asllani,Sweden Women's,69284,72,93,89.0,45.4,31.466807909287525,13.078842020129882,Right Foot,Open Play,Off T,0,0.01998928,0.008577012202767392,0.0030293611940268054
Shanice van de Sanden,Netherlands Women's,69284,72,95,91.1,73.8,44.47077692147957,6.146997938963153,Right Foot,Open Play,Wayward,0,0.0070897387,0.002480637724042209,5.453309272190652e-06
Jackie Groenen,Netherlands Women's,69284,72,98,97.7,48.4,23.829603437741046,16.40486857962837,Right Foot,Open Play,Goal,1,0.07625431,0.03352113171312514,0.11076583666838392
Julia Zigiotti-Olme,Sweden Women's,69284,72,106,110.0,43.8,10.697663296253065,35.920850097791146,Head,Open Play,Blocked,0,0.06754429,0.08588232948673992,0.13350125303344204
Jill Roord,Netherlands Women's,69284,72,107,107.3,57.6,21.703686322834656,11.482346043464494,Left Foot,Open Play,Off T,0,0.0209673,0.04947040248337076,0.0006812427037001575
Vivianne Miedema,Netherlands Women's,69284,72,111,113.3,34.3,8.796590248499703,37.470140795617056,Head,Open Play,Off T,0,0.0952147,0.07361671291882385,0.0012621031898064539
Julia Zigiotti-Olme,Sweden Women's,69284,72,118,102.3,39.9,17.700282483621557,23.365197643325246,Right Foot,Open Play,Blocked,0,0.063260436,0.07719478064868993,0.06952682595008429
Shanice van de Sanden,Netherlands Women's,69284,72,120,110.7,47.9,12.202458768625277,26.674477201775662,Right Foot,Open Play,Off T,0,0.25687107,0.14619669446966027,0.0003961898630511487
Marta Vieira da Silva Veiga,Brazil Women's,68312,72,4,95.2,50.1,26.777789303824164,14.466306520630162,Left Foot,Open Play,Blocked,0,0.024608504,0.020014676621653217,5.024139434613456e-05
Barbara Bonansea,Italy Women's,68312,72,4,101.5,29.0,21.523243250030884,16.753409291619413,Right Foot,Open Play,Saved,0,0.069181636,0.04364791154247039,0.10912909709489126
Valentina Cernoia,Italy Women's,68312,72,8,85.8,35.1,34.54924022319449,11.975528809180883,Left Foot,Open Play,Off T,0,0.01762217,0.011847586340297611,1.2625609053071501e-05
Débora Cristiane de Oliveira,Brazil Women's,68312,72,16,115.5,46.7,8.070935509592431,32.48044823875625,Right Foot,Open Play,Saved,0,0.06912318,0.24168759726734296,0.6800387392267591
Kathellen Sousa Feitoza,Brazil Women's,68312,72,17,116.5,31.7,9.007774419910836,20.715928324035588,Head,Open Play,Off T,0,0.07242029,0.07240151653304486,0.002651261492025722
Débora Cristiane de Oliveira,Brazil Women's,68312,72,22,100.5,23.6,25.47959968288356,12.653084548931437,Right Foot,Open Play,Off T,0,0.019257534,0.02544557692500761,0.00010049517559937253
Cristiana Girelli,Italy Women's,68312,72,26,99.3,48.9,22.53219918250325,17.042389626355114,Right Foot,Open Play,Blocked,0,0.045545235,0.03931562457625738,0.0003304642595556505
Cristiane Rozeira de Souza Silva,Brazil Women's,68312,72,27,107.9,42.1,12.280879447336003,32.802361797447986,Head,Open Play,Off T,0,0.096464515,0.045188686453328325,1.5363240052608651e-06
Cristiana Girelli,Italy Women's,68312,72,30,113.4,45.7,8.720665112249177,37.6353532522493,Head,Open Play,Blocked,0,0.07180795,0.10965448130571032,0.12012254937810511
Barbara Bonansea,Italy Women's,68312,72,39,114.3,34.9,7.64852927038918,42.770488835711596,Left Foot,Open Play,Saved,0,0.30314377,0.3650297867816145,0.6194201083689854
Valentina Giacinti,Italy Women's,68312,72,41,109.1,21.8,21.2143819141638,10.35517390211024,Left Foot,Open Play,Off T,0,0.011505969,0.05081388792516571,0.00028486698896654184
Thaysa de Moraes Rosa Moreno,Brazil Women's,68312,72,44,90.9,36.4,29.321834867552198,14.126578940502794,Right Foot,Open Play,Blocked,0,0.02439547,0.017100465812883547,0.024955375675513924
Andressa Cavalari Machry,Brazil Women's,68312,72,51,98.9,34.8,21.731313812100726,18.603413471604785,Right Foot,Free Kick,Post,0,0.09132244,0.10344978196374038,0.002959891874229793
Kathellen Sousa Feitoza,Brazil Women's,68312,72,55,109.4,43.4,11.131936040060591,35.07019935741182,Head,Open Play,Off T,0,0.0836327,0.054086990670768754,0.0008599956761510052
Beatriz Zaneratto João,Brazil Women's,68312,72,64,114.7,42.8,5.99416382825828,59.85012140900008,Left Foot,Open Play,Off T,0,0.34448034,0.41067234513726303,0.0011136635819001366
Débora Cristiane de Oliveira,Brazil Women's,68312,72,69,109.6,29.4,14.849915824677261,20.180764256462922,Left Foot,Open Play,Saved,0,0.10791177,0.12473849102621606,0.1684766566625466
Marta Vieira da Silva Veiga,Brazil Women's,68312,72,73,108.1,40.0,11.900000000000006,34.19192403489305,Left Foot,Penalty,Goal,1,0.7835,0.76,0.76
Valentina Bergamaschi,Italy Women's,68312,72,76,112.2,46.5,10.153324578678648,32.47925984634476,Right Foot,Open Play,Off T,0,0.09108146,0.20045290213176184,0.0006502298513684609
Valentina Bergamaschi,Italy Women's,68312,72,80,107.5,36.3,13.036103712382777,30.306230833914046,Left Foot,Open Play,Off T,0,0.051596176,0.18450503594120313,0.007697268117436152
Valentina Bergamaschi,Italy Women's,68312,72,84,111.5,42.5,8.860022573334675,43.702246514345354,Right Foot,Open Play,Saved,0,0.27362347,0.20115539549107753,0.24703119994578124
Valentina Cernoia,Italy Women's,68312,72,95,99.0,19.1,29.627858511880333,10.083574687764804,Left Foot,Free Kick,Blocked,0,0.010480597,0.047488465118833784,1.825796659705271e-05
Eva Sofia Jakobsson,Sweden Women's,69163,72,17,95.9,44.7,24.5540220737866,16.660062912612876,Right Foot,Open Play,Off T,0,0.046289932,0.031110972170855695,7.841174586015934e-05
Jessie Alexandra Fleming,Canada Women's,69163,72,21,107.4,48.5,15.19901312585787,22.968797064199734,Right Foot,Open Play,Off T,0,0.09563445,0.09950509342019903,0.015921689029331065
Eva Sofia Jakobsson,Sweden Women's,69163,72,33,107.3,30.5,15.860012610335469,21.32409235095079,Head,Open Play,Off T,0,0.037167173,0.034728134888618006,0.00022936017588845177
Christine Margaret Sinclair,Canada Women's,69163,72,52,92.4,46.0,28.244645510255562,14.443949784862125,Right Foot,Free Kick,Off T,0,0.05977403,0.04679313789529717,0.001649335613334272
Emma Stina Blackstenius,Sweden Women's,69163,72,54,106.7,42.9,13.612494260788504,29.524527670264085,Right Foot,Open Play,Goal,1,0.16172293,0.13517069841387278,0.20504409937280255
Fridolina Rolfö,Sweden Women's,69163,72,61,88.6,41.5,31.435807608521852,13.267244260585203,Left Foot,Open Play,Off T,0,0.030817252,0.017419232724865463,0.00040160122809376904
Desiree Rose Marie Scott,Canada Women's,69163,72,65,101.6,32.7,19.795201438732576,19.590117350317826,Right Foot,Open Play,Blocked,0,0.050132226,0.05641776891548957,0.0003006726012994356
Janine Elizabeth Sonis,Canada Women's,69163,72,68,108.0,40.0,12.0,33.92341177306582,Right Foot,Penalty,Saved,0,0.7835,0.76,0.76
Fridolina Rolfö,Sweden Women's,69163,72,69,112.4,20.6,20.835546549106887,7.532470433513284,Left Foot,Open Play,Off T,0,0.011378179,0.04953144735728067,0.0009199941883382673
Adriana Kristina Leon,Canada Women's,69163,72,76,101.9,12.4,33.0056055845064,7.019878888575489,Right Foot,Open Play,Off T,0,0.007069858,0.009437162627197656,0.00241951853424802
Magdalena Lilly Eriksson,Sweden Women's,69163,72,79,112.4,38.7,7.710382610480488,50.380679353197124,Head,Open Play,Saved,0,0.18791115,0.15987021267145854,0.21329893307344178
Kosovare Asllani,Sweden Women's,69163,72,85,111.0,35.1,10.247438704378768,35.719946901357794,Right Foot,Open Play,Blocked,0,0.07809761,0.21193668145472624,0.2716660429166582
Kosovare Asllani,Sweden Women's,69163,72,85,106.8,46.3,14.626346091898688,25.72628046526101,Head,Open Play,Off T,0,0.06588941,0.04425072156076643,0.0033083683387609628
Adriana Kristina Leon,Canada Women's,69163,72,86,107.3,59.4,23.18728099627035,10.055510913906726,Right Foot,Open Play,Off T,0,0.01053935,0.02040296853354082,0.001731091644265853
Shelina Laura Zadorsky,Canada Women's,69163,72,90,112.8,26.8,15.035956903370002,13.917750715519611,Left Foot,Open Play,Off T,0,0.056664314,0.07231990388275086,0.018223252420100738
Sophie Schmidt,Canada Women's,69163,72,90,102.4,42.4,17.76288264893961,23.094387614343432,Right Foot,Open Play,Off T,0,0.06439348,0.07620441871100345,0.0015318276705518236
Ashley Elizabeth Marie Lawrence,Canada Women's,69163,72,96,102.3,22.3,25.031580054003783,11.93093221960538,Left Foot,Open Play,Blocked,0,0.02293927,0.034624493514919856,1.276596765837033e-05
Ashley Elizabeth Marie Lawrence,Canada Women's,69163,72,98,105.4,30.2,17.584083712266608,19.86442297226463,Right Foot,Open Play,Blocked,0,0.06612935,0.07207665322750939,0.00025596398780621714
Sophie Schmidt,Canada Women's,69163,72,98,97.7,35.1,22.831995094603535,17.81694770558277,Right Foot,Open Play,Blocked,0,0.040102214,0.038746073242747585,0.10792468171257127
Danielle van de Donk,Netherlands Women's,22964,72,5,86.6,37.5,33.49343219199849,12.43881392143889,Right Foot,Open Play,Off T,0,0.02312676,0.01020765379324957,0.000506811640380332
Gaelle Enganamouit,Cameroon W,22964,72,11,90.8,60.8,35.85080194361069,9.53958953335352,Right Foot,Open Play,Off T,0,0.008100627,0.007256899813679789,3.5718668690155676e-05
Gabrielle Onguene,Cameroon W,22964,72,21,108.2,28.3,16.617159805454115,18.19868625451781,Right Foot,Open Play,Off T,0,0.09782372,0.0768858876432374,0.0011741305366228002
Geneviève Ngo Mbeleck,Cameroon W,22964,72,25,87.4,22.5,37.00013513488835,9.983627577108313,Left Foot,Open Play,Blocked,0,0.007319563,0.008526876381042181,6.095853003600061e-06
Jeannette Yango,Cameroon W,22964,72,29,92.5,51.9,29.964312106237312,12.821842799722647,Left Foot,Open Play,Saved,0,0.02449257,0.02034910531405373,0.017978030586509413
Vivianne Miedema,Netherlands Women's,22964,72,40,112.3,41.5,7.844743462982078,49.49706345586909,Head,Open Play,Goal,1,0.4445364,0.1548875664822729,0.2842100931460781
Sherida Spitse,Netherlands Women's,22964,72,42,87.2,38.7,32.82575208582433,12.714497903101416,Right Foot,Open Play,Blocked,0,0.018807383,0.011090461434734739,0.014251675473996072
Gabrielle Onguene,Cameroon W,22964,72,42,114.8,30.7,10.655045753069295,20.813254608765384,Left Foot,Open Play,Goal,1,0.6475734,0.1901480809771617,0.31937521913488603
Gaelle Enganamouit,Cameroon W,22964,72,45,98.5,52.3,24.76973960299139,14.694199610825093,Right Foot,Open Play,Blocked,0,0.022357285,0.028955860342389714,2.4703164985379576e-05
Dominique Johanna Anna Petrone Janssen,Netherlands Women's,22964,72,47,118.1,42.0,2.7586228448267485,112.58686100973725,Left Foot,Open Play,Goal,1,0.690471,0.8526383364457274,0.9328809778681949
Vivianne Miedema,Netherlands Women's,22964,72,56,112.3,41.4,7.826237921249266,49.66793724947138,Right Foot,Open Play,Off T,0,0.13982432,0.2477219688827907,0.021660216461819183
Gaelle Enganamouit,Cameroon W,22964,72,60,102.9,57.8,24.68299009439496,11.863700140438466,Right Foot,Open Play,Off T,0,0.022499839,0.027295245829330638,0.0006704401324277378
Raissa Feudjio Tchuanyo,Cameroon W,22964,72,64,90.9,36.6,29.29795214686514,14.149045332556755,Left Foot,Open Play,Off T,0,0.026876431,0.022661132713189584,0.0023746923311943574
Vivianne Miedema,Netherlands Women's,22964,72,71,97.6,31.0,24.14042253151341,16.06556912511918,Right Foot,Open Play,Saved,0,0.03699053,0.021226557118475594,0.03821255005880935
Henriette Akaba,Cameroon W,22964,72,80,111.2,47.4,11.497825881443845,28.466643989840595,Left Foot,Open Play,Blocked,0,0.14089398,0.2050817977892571,0.002773679749694086
Jeannette Yango,Cameroon W,22964,72,81,95.7,41.1,24.324884377936925,17.09695306497216,Right Foot,Open Play,Blocked,0,0.030362662,0.0322561257293672,0.03787524811830978
Vivianne Miedema,Netherlands Women's,22964,72,84,104.9,27.1,19.860010070490894,16.177003123929087,Right Foot,Open Play,Goal,1,0.07462325,0.051676100268049564,0.09574447033391364
Lineth Beerensteyn,Netherlands Women's,22964,72,85,98.5,41.8,21.57521726425947,19.193678467653047,Left Foot,Open Play,Blocked,0,0.05601157,0.060197124147869874,0.07448507236146257
Sherida Spitse,Netherlands Women's,22964,72,88,90.6,35.4,29.757688082241877,13.861552246326662,Right Foot,Open Play,Off T,0,0.020933898,0.016170602771766702,0.003555684603332533
Kosovare Asllani,Sweden Women's,69301,72,10,104.7,45.5,16.258536219475598,24.05111425206179,Right Foot,Open Play,Goal,1,0.1051876,0.0913068164680561,0.22894467198145152
Eva Sofia Jakobsson,Sweden Women's,69301,72,15,110.9,53.1,15.950548579907839,15.449221156149116,Left Foot,Open Play,Saved to Post,0,0.039003637,0.10034098072626296,0.002160977109533521
Eva Sofia Jakobsson,Sweden Women's,69301,72,21,107.8,26.1,18.494593804677084,15.201716969960419,Right Foot,Open Play,Goal,1,0.035328,0.05859492371710799,0.25410191733058773
Lucy Bronze,England Women's,69301,72,22,93.7,51.1,28.546453369902185,13.506205795681376,Right Foot,Open Play,Saved,0,0.018010672,0.018387026482195076,0.07078236086209519
Francesca Kirby,England Women's,69301,72,30,108.0,52.7,17.47254989977136,16.74815637753008,Left Foot,Open Play,Goal,1,0.1007295,0.08815519011998754,0.2692161117971136
Hanna Erica Maria Glas,Sweden Women's,69301,72,43,83.6,47.1,37.08598117887675,11.069179427292214,Right Foot,Open Play,Saved,0,0.0069027855,0.00654409321550972,0.01912629152918415
Emma Stina Blackstenius,Sweden Women's,69301,72,48,105.4,25.5,20.576928828180357,14.609323314040509,Right Foot,Open Play,Off T,0,0.124659725,0.04602218728496162,0.0029742627336102
Ellen White,England Women's,69301,72,50,108.4,53.3,17.647946056127886,15.901595027326257,Right Foot,Open Play,Saved,0,0.13908964,0.065274293816552,0.0004207118873928602
Alex Greenwood,England Women's,69301,72,49,84.3,31.3,36.744795549846245,11.061088596545686,Left Foot,Open Play,Blocked,0,0.0068381405,0.009016837207674057,4.209872096501664e-05
Jade Moore,England Women's,69301,72,49,81.9,35.2,38.401171857119145,10.805403066612888,Right Foot,Open Play,Off T,0,0.0066160476,0.0055921032154536724,5.956627110058831e-05
Jill Scott,England Women's,69301,72,56,88.6,39.9,31.40015923526504,13.296716726385323,Right Foot,Open Play,Blocked,0,0.020786265,0.013233690229099372,0.01253699166808356
Stephanie Houghton,England Women's,69301,72,61,117.5,48.2,8.57263086805912,16.936587692826258,Head,Open Play,Off T,0,0.057167698,0.0694795389637042,0.03536749915379022
Lucy Bronze,England Women's,69301,72,63,63.1,79.4,69.20960915942237,4.983475454643664,Right Foot,Open Play,Wayward,0,0.0044258432,0.00013955724111634705,3.072311237252269e-12
Julia Zigiotti-Olme,Sweden Women's,69301,72,65,95.7,39.3,24.310080213771403,17.117020674351224,Right Foot,Open Play,Saved,0,0.04116787,0.03232511606428691,0.03862901911196812
Jade Moore,England Women's,69301,72,82,82.9,38.3,37.138928363645604,11.24502557776602,Right Foot,Open Play,Off T,0,0.0064325384,0.006533014237188665,2.912664646392713e-05
Eva Sofia Jakobsson,Sweden Women's,69301,72,87,102.9,51.5,20.607280266934787,16.92809626198706,Right Foot,Open Play,Saved,0,0.070376985,0.0484738701368902,0.12591986736777722
Lucy Bronze,England Women's,69301,72,89,107.0,37.7,13.201893803541974,30.60193044529521,Right Foot,Open Play,Blocked,0,0.094765656,0.1440887603397255,0.14706288071480544
Karen Julia Carney,England Women's,69301,72,90,89.3,33.5,31.38056723515367,13.026400373647505,Right Foot,Open Play,Saved,0,0.018981313,0.013175050415001735,0.03316520327346527
Julia Zigiotti-Olme,Sweden Women's,69301,72,90,109.0,33.4,12.82809416865966,28.042670415021853,Left Foot,Open Play,Saved,0,0.12665191,0.17964739107121946,0.3823929144455075
Barbara Bonansea,Italy Women's,22963,72,4,94.3,25.9,29.313819266687176,12.53818227527109,Right Foot,Open Play,Saved,0,0.03063444,0.016460576794304863,0.06999964369547132
Cristiana Girelli,Italy Women's,22963,72,11,108.1,40.1,11.900420160649796,34.18984690946256,Right Foot,Penalty,Goal,1,0.7835,0.76,0.76
Cristiana Girelli,Italy Women's,22963,72,24,112.7,39.2,7.343704787094859,52.81750896407296,Other,Open Play,Goal,1,0.26471415,0.23458612287940261,0.3855923748438845
Cristiana Girelli,Italy Women's,22963,72,27,112.7,39.5,7.317103251970684,53.083878557902175,Head,Open Play,Wayward,0,0.09256052,0.12222284893085776,0.12660799289928454
Valentina Bergamaschi,Italy Women's,22963,72,27,116.7,39.1,3.420526275297411,94.01521918775552,Right Foot,Open Play,Saved,0,0.5205263,0.717266574389637,0.778740494545769
Daniela Sabatino,Italy Women's,22963,72,27,113.3,36.0,7.803204469959764,45.91961246258619,Right Foot,Open Play,Post,0,0.38249576,0.31505367527148315,0.005753366585670813
Mireya Grey,Jamaica Women's,22963,72,28,95.0,32.5,26.100766272276374,15.323600181413415,Left Foot,Open Play,Off T,0,0.02566208,0.022061471511397673,9.334397164665978e-05
Barbara Bonansea,Italy Women's,22963,72,33,115.7,48.9,9.884331034521251,20.473685637405623,Right Foot,Open Play,Off T,0,0.07238255,0.16075501169540485,0.002042904067010941
Daniela Sabatino,Italy Women's,22963,72,42,110.1,40.2,9.902019995940229,40.56502291416886,Head,Open Play,Off T,0,0.08232697,0.07027739223284601,8.740051362084205e-06
Manuela Giugliano,Italy Women's,22963,72,46,89.4,23.0,35.0051424793558,10.47109682768054,Right Foot,Open Play,Blocked,0,0.0069582877,0.00818063329235901,1.1846500082389581e-06
Daniela Sabatino,Italy Women's,22963,72,48,112.3,36.8,8.33846508657319,45.1169358205188,Head,Open Play,Off T,0,0.071280874,0.0920849913944083,0.02443870993122092
Cristiana Girelli,Italy Women's,22963,72,45,116.0,38.5,4.272001872658765,80.5864254523078,Head,Open Play,Goal,1,0.27041373,0.37572101286688786,0.43035528639539816
Allyson Swaby,Jamaica Women's,22963,72,48,90.9,29.6,30.902588888311602,12.747421986653045,Right Foot,Open Play,Off T,0,0.02113753,0.013815429199380027,0.0008701924258024461
Mireya Grey,Jamaica Women's,22963,72,51,104.0,48.6,18.164801127455263,20.303068295045353,Right Foot,Open Play,Blocked,0,0.075658485,0.06842250637123459,0.06256231916720595
Olufolasade Adamolekun,Jamaica Women's,22963,72,56,99.1,20.7,28.448198536990002,10.880630128840489,Right Foot,Open Play,Blocked,0,0.008183396,0.017431841495139908,1.1723250543983249e-06
Khadija Monifa Shaw,Jamaica Women's,22963,72,65,93.5,45.6,27.085235830614433,15.07413459446875,Right Foot,Open Play,Blocked,0,0.0320157,0.022533696012909596,0.00017047723725514577
Daniela Sabatino,Italy Women's,22963,72,66,113.2,42.1,7.116881339463232,53.1873120052561,Head,Open Play,Blocked,0,0.1010343,0.1793693749148642,0.17118813307082645
Lisa Boattin,Italy Women's,22963,72,66,93.7,38.2,26.361524993823856,15.773625967310547,Left Foot,Open Play,Wayward,0,0.024425145,0.032762670582719124,6.103454404894054e-08
Aurora Galli,Italy Women's,22963,72,70,96.7,46.0,24.060133000463647,16.78357935284031,Right Foot,Open Play,Goal,1,0.070518576,0.032971553968692634,0.19388390321306234
Barbara Bonansea,Italy Women's,22963,72,75,85.9,36.8,34.24981751776205,12.147400097201547,Right Foot,Open Play,Off T,0,0.02499071,0.009296167142748522,6.810179234450884e-05
Deneisha Selena Blackwood,Jamaica Women's,22963,72,78,109.4,31.7,13.462912017836256,24.809106966391134,Left Foot,Open Play,Blocked,0,0.09285158,0.10929116786207768,0.00048216994151456185
Khadija Monifa Shaw,Jamaica Women's,22963,72,79,99.6,29.5,22.943626565998677,16.2291977609096,Right Foot,Open Play,Blocked,0,0.030037442,0.03683521695786148,6.634910368330977e-05
Aurora Galli,Italy Women's,22963,72,80,114.5,39.6,5.514526271584895,67.09044791657625,Right Foot,Open Play,Goal,1,0.9543202,0.5041155813350456,0.41584450804015194
Havana Solaun,Jamaica Women's,22963,72,92,96.0,30.9,25.667294364618957,15.226847192135592,Right Foot,Open Play,Saved,0,0.02844963,0.026526613466712874,0.11800058404993605
Marta Vieira da Silva Veiga,Brazil Women's,69137,72,8,95.1,41.3,24.9339126492414,16.679944707070927,Left Foot,Open Play,Off T,0,0.04894781,0.03924224816147952,0.00019780924084883834
Amandine Henry,France Women's,69137,72,10,86.2,40.8,33.80946613006481,12.353487976816865,Right Foot,Open Play,Off T,0,0.017695067,0.009825382130473301,0.0007527034979469583
Débora Cristiane de Oliveira,Brazil Women's,69137,72,14,98.3,32.6,22.927058250024142,17.228041926727627,Right Foot,Open Play,Blocked,0,0.04739453,0.037800907757321034,0.0003552750797904556
Cristiane Rozeira de Souza Silva,Brazil Women's,69137,72,37,111.9,35.2,9.415412895885124,38.23413265391235,Head,Open Play,Saved,0,0.072495505,0.070134052713186,0.14133981714140723
Viviane Asseyi,France Women's,69137,72,38,109.8,44.3,11.06932698947863,34.377875358551414,Left Foot,Open Play,Wayward,0,0.10911962,0.23909294614208232,0.26833137994126954
Cristiane Rozeira de Souza Silva,Brazil Women's,69137,72,43,114.4,24.3,16.668833192518303,8.81106473293919,Left Foot,Open Play,Saved,0,0.016194133,0.08001201270301486,0.21227059357805425
Amel Majri,France Women's,69137,72,47,105.4,29.1,18.22004390774072,18.54503300127658,Left Foot,Open Play,Off T,0,0.06608622,0.08489742694280952,0.015856247292639288
Marta Vieira da Silva Veiga,Brazil Women's,69137,72,48,72.7,46.2,47.70461193637361,8.701242019467921,Left Foot,Open Play,Wayward,0,0.0048467205,0.0024197270582072407,4.951640321191866e-06
Valérie Gauvin,France Women's,69137,72,51,116.7,41.3,3.546829570193636,91.93379253020179,Right Foot,Open Play,Goal,1,0.6790545,0.7035684148225614,0.8095702039467756
Cristiane Rozeira de Souza Silva,Brazil Women's,69137,72,54,107.4,43.3,13.02497600765544,30.552001383243436,Head,Open Play,Saved to Post,0,0.056908067,0.059110172756688804,0.17880124574140638
Wendie Renard,France Women's,69137,72,56,115.8,35.2,6.37808748764079,48.41188322371384,Head,Open Play,Wayward,0,0.35625467,0.17438328562156624,0.11881302870254339
Eugénie Le Sommer,France Women's,69137,72,61,109.0,26.4,17.491712323268985,15.388046946996003,Right Foot,Open Play,Blocked,0,0.050600585,0.06559019361441189,0.0005021724432496063
Thaysa de Moraes Rosa Moreno,Brazil Women's,69137,72,62,109.2,34.0,12.354756169184398,29.58574140953089,Left Foot,Open Play,Goal,1,0.10963684,0.19378375437864329,0.34092011238858017
Débora Cristiane de Oliveira,Brazil Women's,69137,72,73,100.6,20.5,27.506544675767625,10.817276472997026,Right Foot,Open Play,Saved,0,0.0118768355,0.019361196336892983,0.06296989021889324
Andressa Cavalari Machry,Brazil Women's,69137,72,84,88.5,29.3,33.26770205469563,11.908840561758142,Right Foot,Free Kick,Saved,0,0.024829615,0.02517605577772399,0.07142056925819948
Beatriz Zaneratto João,Brazil Women's,69137,72,93,104.3,36.7,16.04306703844374,25.2218477568417,Left Foot,Open Play,Off T,0,0.11474484,0.12349137101021326,0.018394121180895836
Cristiane Rozeira de Souza Silva,Brazil Women's,69137,72,92,61.4,38.2,58.62763853337434,7.141104830515843,Left Foot,Open Play,Wayward,0,0.0036995276,0.0006620427600360416,9.634618207956612e-06
Marion Torrent,France Women's,69137,72,95,84.8,49.7,36.51205280451923,11.047416176548813,Right Foot,Open Play,Off T,0,0.00656735,0.006984672349750674,0.0009009723517973432
Kadidiatou Diani,France Women's,69137,72,96,96.5,32.6,24.637572932413615,16.160746519348606,Left Foot,Open Play,Off T,0,0.033032954,0.040048287710488545,0.005409409454273348
Eugénie Le Sommer,France Women's,69137,72,103,98.5,41.8,21.57521726425947,19.193678467653047,Right Foot,Open Play,Blocked,0,0.05416084,0.04600314973650564,0.06776069068189564
Kadidiatou Diani,France Women's,69137,72,104,111.7,43.9,9.170605214488297,40.672332120058684,Head,Open Play,Saved,0,0.10221251,0.07617701964612396,0.24837867551510825
Débora Cristiane de Oliveira,Brazil Women's,69137,72,104,112.7,35.6,8.523496934944012,42.04434450353779,Right Foot,Open Play,Blocked,0,0.3678391,0.2775804742834918,0.2067180717665731
Amandine Henry,France Women's,69137,72,105,113.2,38.7,6.923149572268387,55.247233550405035,Left Foot,Open Play,Goal,1,0.3421029,0.46056538959778326,0.617528289775665
Amandine Henry,France Women's,69137,72,109,108.6,44.8,12.369316876852984,30.86871133048471,Head,Open Play,Saved Off Target,0,0.04638145,0.04272923670570601,0.00024952963375807734
Kadidiatou Diani,France Women's,69137,72,113,114.4,53.2,14.338758663147937,12.039266166836962,Right Foot,Open Play,Saved,0,0.067306206,0.08495529708209924,0.44430034165017734
Gaëtane Thiney,France Women's,69137,72,116,105.2,27.5,19.372403051764124,16.665493939981644,Right Foot,Open Play,Off T,0,0.054293144,0.05513313974026486,9.792213233767729e-05
Francisca Ordega,Nigeria Women's,68355,72,1,114.0,47.9,9.920181449953422,27.321706708158462,Right Foot,Open Play,Saved,0,0.057198483,0.18459163406059287,0.6314179872655002
Lina Magull,Germany Women's,68355,72,5,111.2,38.8,8.881441324469804,44.52876641980609,Left Foot,Open Play,Blocked,0,0.14670533,0.34260024660304705,0.33037095858279264
Alexandra Popp,Germany Women's,68355,72,16,100.5,30.0,21.914607000811127,17.000930002754252,Left Foot,Open Play,Blocked,0,0.04000731,0.03671228719428915,6.740822200104224e-05
Alexandra Popp,Germany Women's,68355,72,19,115.3,40.1,4.701063709417267,75.80180050070791,Head,Open Play,Goal,1,0.13878757,0.3369713799785029,0.47878500319448986
Sara Däbritz,Germany Women's,68355,72,26,108.0,40.0,12.0,33.92341177306582,Left Foot,Penalty,Goal,1,0.7835,0.76,0.76
Svenja Huth,Germany Women's,68355,72,41,110.7,50.9,14.32829368766567,19.531587355817464,Right Foot,Open Play,Off T,0,0.070565134,0.10080394366310896,0.0012883161226048593
Uchenna Kanu,Nigeria Women's,68355,72,48,109.3,44.6,11.646887996370536,32.64622678582766,Right Foot,Open Play,Blocked,0,0.07187568,0.17488143145448545,0.0022192716581352885
Chinwendu Ihezuo,Nigeria Women's,68355,72,51,112.9,26.0,15.697452022541745,12.573559908308996,Head,Open Play,Off T,0,0.029893473,0.02861198807368917,0.0002158403774796602
Sara Däbritz,Germany Women's,68355,72,54,90.5,25.8,32.739731214535034,11.530501556368677,Left Foot,Open Play,Blocked,0,0.009825332,0.014396054072996182,6.4480832008488255e-06
Giulia Gwinn,Germany Women's,68355,72,55,90.8,42.1,29.27541630788536,14.217016148389204,Right Foot,Open Play,Saved,0,0.028502364,0.0172288563676733,0.026061140242663667
Giulia Gwinn,Germany Women's,68355,72,57,105.7,51.8,18.53995685000372,17.58230971970635,Right Foot,Open Play,Off T,0,0.08775732,0.04118217879400134,0.00529629385284603
Halimatu Ibrahim Ayinde,Nigeria Women's,68355,72,58,88.1,33.8,32.49692293125613,12.623399202831072,Right Foot,Open Play,Blocked,0,0.022084724,0.011487988224381893,8.857038165777663e-05
Alexandra Popp,Germany Women's,68355,72,69,106.2,44.4,14.484474446799922,27.21796243590773,Left Foot,Open Play,Wayward,0,0.059986897,0.15055583278431794,0.001546758748700886
Alexandra Popp,Germany Women's,68355,72,71,85.3,39.8,34.7005763640894,12.041685107965106,Left Foot,Open Play,Wayward,0,0.015224432,0.011664182991105604,8.009511530432598e-08
Chinaza Uchendu,Nigeria Women's,68355,72,76,105.0,34.9,15.843295111813074,24.80133790493779,Head,Open Play,Saved,0,0.09182156,0.025056229210043465,0.06542800601049413
Sara Däbritz,Germany Women's,68355,72,78,110.4,27.1,16.08011193990887,15.993386026253335,Left Foot,Open Play,Off T,0,0.1182996,0.10022127002751409,0.00015184734522105146
Lea Schüller,Germany Women's,68355,72,81,103.2,45.4,17.646529403823287,22.4242284495347,Right Foot,Open Play,Goal,1,0.17814477,0.07596922879289737,0.1590034311354628
Ugochi Desire Oparanozie,Nigeria Women's,68355,72,90,95.4,19.4,32.086134076887475,10.049311495789834,Right Foot,Free Kick,Off T,0,0.009257831,0.0274732899897914,0.001458280492382159
Alice Ogebe,Nigeria Women's,68355,72,94,103.1,53.7,21.755459085020483,15.055428972217838,Right Foot,Open Play,Blocked,0,0.030399311,0.040848285162505237,2.219655455489918e-05
Samantha May Kerr,Australia Women's,68357,72,0,108.0,29.0,16.278820596099706,19.245090043101133,Right Foot,Open Play,Off T,0,0.1509912,0.08163950083577014,0.0010514836487094863
Vilde Bøe Risa,Norway Women's,68357,72,2,90.5,50.7,31.38056723515367,12.533624212673756,Right Foot,Open Play,Off T,0,0.023110343,0.013015828479088621,0.00011863227235990018
Hayley Emma Raso,Australia Women's,68357,72,5,112.7,45.3,9.021086409075124,38.16748311270768,Left Foot,Open Play,Saved,0,0.17351358,0.30430896911183136,0.5275919620295104
Samantha May Kerr,Australia Women's,68357,72,10,113.3,47.6,10.131633629380804,28.78815712807494,Right Foot,Open Play,Off T,0,0.11143544,0.18644930903329585,0.001309147383350091
Kristine Minde,Norway Women's,68357,72,13,110.3,32.4,12.322743201089605,27.150252991969605,Head,Open Play,Saved,0,0.07798705,0.058881518467545815,0.07135857320138633
Caroline Graham Hansen,Norway Women's,68357,72,18,114.7,53.7,14.689451997947373,10.851649299812774,Right Foot,Open Play,Saved,0,0.019806115,0.07966145657755233,0.22686024644483935
Caroline Graham Hansen,Norway Women's,68357,72,24,103.4,57.8,24.33926868252207,11.852298809768198,Right Foot,Open Play,Off T,0,0.026687084,0.028359037379940513,0.00015789011927897477
Isabell Herlovsen,Norway Women's,68357,72,30,103.9,49.8,18.848076824970757,19.021287791402788,Right Foot,Open Play,Goal,1,0.24514452,0.06168941984541144,0.23988365145335178
Maren Nævdal Mjelde,Norway Women's,68357,72,36,108.0,36.1,12.617844506887854,31.06516488549865,Head,Open Play,Blocked,0,0.055300925,0.0625221066234762,0.09471330291894767
Caroline Graham Hansen,Norway Women's,68357,72,37,106.0,50.4,17.440183485273312,19.415021225750625,Left Foot,Open Play,Blocked,0,0.064202435,0.09398116233707035,0.00020342166036244817
Ingrid Moe Wold,Norway Women's,68357,72,38,85.5,44.7,34.81867315105502,11.894636619836728,Right Foot,Open Play,Saved Off Target,0,0.013965681,0.008657009884923548,0.0003519960265810138
Ingrid Moe Wold,Norway Women's,68357,72,39,104.7,47.1,16.867127793433,22.446020294580386,Right Foot,Open Play,Blocked,0,0.06266007,0.08256095430896673,0.0007767098381918489
Ingrid Moe Wold,Norway Women's,68357,72,40,100.6,44.9,20.00924786192625,20.151622531597322,Right Foot,Open Play,Blocked,0,0.04920985,0.05585456479254415,0.000466305214555735
Hayley Emma Raso,Australia Women's,68357,72,49,102.7,40.7,17.314156057977527,23.8544818538266,Left Foot,Open Play,Off T,0,0.040613405,0.1052270948170885,0.00029877164048950695
Caitlin Jade Foord,Australia Women's,68357,72,51,117.3,33.9,6.670832032063169,32.43222372030824,Right Foot,Open Play,Off T,0,0.20582631,0.27223770669798475,0.0051937945755544425
Elise Kellond-Knight,Australia Women's,68357,72,53,99.3,50.1,23.032585612562045,16.33185090564068,Left Foot,Free Kick,Blocked,0,0.081794284,0.11082698863439161,0.00039882049365976056
Caroline Graham Hansen,Norway Women's,68357,72,55,111.4,52.4,15.090394295710098,16.36872537512512,Right Foot,Open Play,Saved,0,0.048517138,0.05838769044002775,0.0011231534149641976
Ingrid Syrstad Engen,Norway Women's,68357,72,55,94.4,37.7,25.70311265197271,16.146697931599405,Left Foot,Open Play,Off T,0,0.034293592,0.03557299197661868,0.010714377100101901
Caitlin Jade Foord,Australia Women's,68357,72,57,100.9,28.3,22.398660674245676,15.977550599001527,Right Foot,Open Play,Blocked,0,0.060257502,0.0388935578372,8.795427180901549e-05
Samantha May Kerr,Australia Women's,68357,72,58,112.8,45.4,9.000000000000002,37.939773264062204,Head,Open Play,Saved,0,0.07195295,0.0728227262063261,0.3338861679756248
Tameka Yallop,Australia Women's,68357,72,61,106.4,60.1,24.26870412692033,9.812859150926364,Right Foot,Open Play,Off T,0,0.012376024,0.027201706715535148,0.0020048257168477153
Caroline Graham Hansen,Norway Women's,68357,72,63,109.3,49.9,14.577379737113253,21.47376138149594,Right Foot,Open Play,Saved,0,0.22289233,0.06954284774163451,0.22483255233227042
Alanna Stephanie Kennedy,Australia Women's,68357,72,68,90.6,33.7,30.067424232880345,13.583956267833669,Right Foot,Open Play,Off T,0,0.02442954,0.01550610822592942,0.001526614854352897
Hayley Emma Raso,Australia Women's,68357,72,70,107.6,41.8,12.529964086141673,32.295742937522355,Left Foot,Open Play,Blocked,0,0.05688614,0.20132276725790613,0.23676341429991193
Tameka Yallop,Australia Women's,68357,72,75,115.9,49.2,10.072239075796405,18.820894339284923,Right Foot,Open Play,Off T,0,0.044372786,0.15243893979804973,0.0014599502254367825
Tameka Yallop,Australia Women's,68357,72,81,97.7,38.3,22.36470433517957,18.538121324890472,Right Foot,Open Play,Blocked,0,0.042696785,0.04151394933168971,0.048034206326699004
Elise Kellond-Knight,Australia Women's,68357,72,82,119.5,79.5,39.50316443020736,0.1355449327228978,Left Foot,Corner,Goal,1,0.00018,0.0123043880921021,0.025560638187213342
Maria Thorisdottir,Norway Women's,68357,72,85,114.3,43.9,6.906518659932805,50.573836468645354,Head,Open Play,Off T,0,0.10950411,0.12057641956729487,0.0016434536999426683
Chloe Logarzo,Australia Women's,68357,72,87,106.5,30.6,16.4502279619463,21.016431292535916,Left Foot,Open Play,Off T,0,0.05111868,0.10795135468501917,0.03137730563310373
Caroline Graham Hansen,Norway Women's,68357,72,92,100.8,18.9,28.528056365620145,9.958501435091293,Right Foot,Open Play,Post,0,0.008969655,0.01110284368020391,0.0002281112799078639
Caroline Graham Hansen,Norway Women's,68357,72,92,105.5,37.6,14.6972786596703,27.64789422479577,Right Foot,Open Play,Blocked,0,0.06140472,0.116301589783854,0.15670545492685647
Vilde Bøe Risa,Norway Women's,68357,72,94,87.3,32.0,33.664372859151854,12.064750254575802,Right Foot,Open Play,Saved,0,0.018637458,0.009918263229800044,0.031021433876933267
Caroline Graham Hansen,Norway Women's,68357,72,98,107.0,51.2,17.15925406304132,18.70580154411787,Right Foot,Open Play,Saved,0,0.12695725,0.0492432355187997,0.3448159349678241
Caroline Graham Hansen,Norway Women's,68357,72,99,94.0,25.6,29.721372781215877,12.340048129804766,Right Foot,Open Play,Blocked,0,0.024586938,0.01564073816856049,4.349105519871158e-05
Alanna Stephanie Kennedy,Australia Women's,68357,72,102,82.5,42.5,37.58324094593227,11.100261439720082,Right Foot,Open Play,Off T,0,0.0056803613,0.006186642260834342,3.2911253539630423e-06
Maren Nævdal Mjelde,Norway Women's,68357,72,106,92.2,31.6,29.04134983088768,13.77573788024871,Right Foot,Free Kick,Saved,0,0.04702857,0.04218384487416207,0.14288920590362544
Vilde Bøe Risa,Norway Women's,68357,72,108,84.6,46.1,35.92172044877584,11.470898351271293,Right Foot,Open Play,Post,0,0.014268769,0.0075516643669690554,0.0003202211779926655
Frida Maanum,Norway Women's,68357,72,105,110.5,57.4,19.82447981663075,10.380684179132679,Right Foot,Open Play,Off T,0,0.016767407,0.04519495444336337,6.801306347730959e-05
Caroline Graham Hansen,Norway Women's,68357,72,109,96.6,57.5,29.22002737849505,11.519884349571958,Right Foot,Open Play,Saved,0,0.014475412,0.016225076469791627,0.027268582585870275
Guro Reiten,Norway Women's,68357,72,113,105.2,27.7,19.243960091415694,16.88398591911698,Left Foot,Open Play,Blocked,0,0.03146504,0.07329635201118866,7.444307151496237e-05
Frida Maanum,Norway Women's,68357,72,116,104.0,59.1,24.916059078433733,10.913681032895338,Right Foot,Open Play,Blocked,0,0.009794336,0.025983157259406284,3.0646782814753315e-06
Lisa-Marie Utland,Norway Women's,68357,72,117,115.4,43.0,5.4918120870983875,63.532498505219024,Right Foot,Open Play,Blocked,0,0.302469,0.4825388331110649,0.6080544172400162
Caroline Graham Hansen,Norway Women's,68357,72,119,96.7,47.6,24.508161905781506,16.194855756726437,Right Foot,Open Play,Saved,0,0.06298887,0.030920264250392553,0.030973955447437505
Tameka Yallop,Australia Women's,68357,72,120,99.2,45.7,21.56687274502263,18.626266083040083,Right Foot,Open Play,Saved,0,0.036478423,0.04542624453575619,0.043776133869498315
Guro Reiten,Norway Women's,68357,72,120,102.9,34.0,18.12208597264674,21.670560282452943,Left Foot,Open Play,Wayward,0,0.06201738,0.06218605049179512,3.4328669990835177e-07
Caroline Graham Hansen,Norway Women's,68357,72,120,108.1,40.2,11.901680553602509,34.18361686304701,Right Foot,Penalty,Goal,1,0.7835,0.76,0.76
Samantha May Kerr,Australia Women's,68357,72,120,108.1,40.1,11.900420160649796,34.18984690946256,Right Foot,Penalty,Off T,0,0.7835,0.76,0.76
Guro Reiten,Norway Women's,68357,72,121,108.2,40.2,11.80169479354554,34.4560958574903,Left Foot,Penalty,Goal,1,0.7835,0.76,0.76
Emily Gielnik,Australia Women's,68357,72,122,108.1,40.0,11.900000000000006,34.19192403489305,Right Foot,Penalty,Saved,0,0.7835,0.76,0.76
Maren Nævdal Mjelde,Norway Women's,68357,72,123,108.1,40.2,11.901680553602509,34.18361686304701,Right Foot,Penalty,Goal,1,0.7835,0.76,0.76
Stephanie-Elise Catley,Australia Women's,68357,72,123,108.1,40.1,11.900420160649796,34.18984690946256,Left Foot,Penalty,Goal,1,0.7835,0.76,0.76
Ingrid Syrstad Engen,Norway Women's,68357,72,124,108.1,40.3,11.90378091196239,34.17323788347321,Right Foot,Penalty,Goal,1,0.7835,0.76,0.76
Kosovare Asllani,Sweden Women's,22973,72,1,100.6,21.9,26.53243298304926,11.62017532653378,Right Foot,Open Play,Off T,0,0.02149524,0.0220402683353713,0.0002968832883343825
Kosovare Asllani,Sweden Women's,22973,72,3,112.4,39.6,7.610519036176173,51.32838744238048,Other,Open Play,Off T,0,0.1379833,0.2226009277690735,0.025948101660940838
Linda Brigitta Sembrant,Sweden Women's,22973,72,5,113.7,40.2,6.303173803727766,60.27160555681451,Head,Open Play,Goal,1,0.1336544,0.22274644065519578,0.5352055278238498
Fridolina Rolfö,Sweden Women's,22973,72,7,102.5,60.7,27.10608787708031,10.069894885666343,Left Foot,Open Play,Saved,0,0.010114029,0.017313169636415514,0.06351669802942701
Fridolina Rolfö,Sweden Women's,22973,72,8,108.9,42.6,11.400438588054403,34.8763788797781,Left Foot,Open Play,Off T,0,0.084961526,0.2344495193267187,0.023733035982588288
Suchawadee Nildhamrong,Thailand W,22973,72,15,94.1,42.6,26.030174797722744,15.931348832169542,Left Foot,Open Play,Off T,0,0.03619141,0.034124344439749786,0.003751996679356149
Kosovare Asllani,Sweden Women's,22973,72,16,107.2,37.1,13.124404748406684,30.533087246714885,Left Foot,Open Play,Saved,0,0.18189473,0.18382822000274468,0.2599366924148758
Lina Mona Andréa Hurtig,Sweden Women's,22973,72,18,111.3,32.5,11.486513831445992,28.24542281863221,Head,Open Play,Saved,0,0.1401817,0.06612541380864131,0.21368876600972697
Kosovare Asllani,Sweden Women's,22973,72,18,116.2,46.5,7.529276193632425,32.72013409845906,Left Foot,Open Play,Goal,1,0.12371247,0.3119265140682531,0.5562828820526731
Fridolina Rolfö,Sweden Women's,22973,72,22,96.3,57.5,29.460821441365145,11.475852693762205,Left Foot,Open Play,Off T,0,0.015001432,0.013720540295176964,0.0017810384809668353
Fridolina Rolfö,Sweden Women's,22973,72,23,105.2,46.4,16.124515496597095,23.716407394657956,Head,Open Play,Off T,0,0.07804835,0.023642299401092498,0.00010321298737470197
Kosovare Asllani,Sweden Women's,22973,72,24,113.3,36.4,7.605918747922571,47.81024919145268,Left Foot,Open Play,Off T,0,0.29382846,0.3958737894999608,0.03833704704560749
Anna Anvegård,Sweden Women's,22973,72,26,107.1,30.2,16.20030863903525,20.764026457573472,Right Foot,Open Play,Blocked,0,0.059990287,0.08523514762038996,0.00017300036693812447
Lina Mona Andréa Hurtig,Sweden Women's,22973,72,28,117.8,36.1,4.4777226354476225,67.54889557439606,Head,Open Play,Blocked,0,0.19924772,0.2170952593083813,0.38714708650218105
Magdalena Lilly Eriksson,Sweden Women's,22973,72,31,107.4,34.1,13.912943613772027,27.108089274377043,Head,Open Play,Off T,0,0.061658137,0.049460275977200076,0.0031103436701843787
Anna Anvegård,Sweden Women's,22973,72,32,107.0,40.0,13.0,31.4479055568056,Head,Open Play,Off T,0,0.118036374,0.06053175999241206,0.00015403718217707634
Magdalena Lilly Eriksson,Sweden Women's,22973,72,34,106.1,40.1,13.900359707575921,29.50199110098826,Head,Open Play,Saved,0,0.06360361,0.05242318160647564,0.07396629811232952
Kosovare Asllani,Sweden Women's,22973,72,38,105.5,41.8,14.611296999240006,27.943698217699314,Left Foot,Open Play,Blocked,0,0.07426424,0.1510076549678041,0.1383447249369039
Kanjana Sungngoen,Thailand W,22973,72,40,102.8,22.5,24.537522287305215,12.07197552380203,Right Foot,Open Play,Off T,0,0.026599977,0.027884698726639626,0.00011466231177644327
Lina Mona Andréa Hurtig,Sweden Women's,22973,72,40,106.3,24.3,20.83698634639856,13.40502713135463,Right Foot,Open Play,Wayward,0,0.033043902,0.04345522929752827,1.2552625548153071e-05
Fridolina Rolfö,Sweden Women's,22973,72,41,95.0,39.8,25.00079998720041,16.65683873364219,Left Foot,Open Play,Goal,1,0.03372217,0.02579315072592503,0.2127160444188906
Anna Anvegård,Sweden Women's,22973,72,45,110.4,28.4,15.057224179774966,18.23259597944786,Left Foot,Open Play,Saved,0,0.12647885,0.11702580590776569,0.46628276579473843
Madelen Fatimma Maria Janogy,Sweden Women's,22973,72,46,114.9,39.4,5.135172830587101,70.83556549022074,Left Foot,Open Play,Saved,0,0.38400677,0.6077155085524795,0.7136884995509563
Lina Mona Andréa Hurtig,Sweden Women's,22973,72,46,106.8,28.0,17.839282496782207,17.5866211428621,Left Foot,Open Play,Off T,0,0.039473027,0.08645783159968366,0.0009109737879444349
Rattikan Thongsombut,Thailand W,22973,72,47,106.7,37.1,13.612494260788504,29.524527670264085,Head,Open Play,Saved,0,0.09300802,0.05412468754881845,0.08037378756092549
Anna Anvegård,Sweden Women's,22973,72,48,96.3,40.1,23.70021096952515,17.55741767203142,Left Foot,Open Play,Off T,0,0.04618189,0.045919804706308215,0.001056119355798947
Lina Mona Andréa Hurtig,Sweden Women's,22973,72,51,114.4,42.0,5.946427498927397,61.816631498944744,Head,Open Play,Off T,0,0.12581162,0.23685656550831152,0.009244094535261782
Hanna Erica Maria Glas,Sweden Women's,22973,72,52,101.8,58.9,26.238330739587838,11.164028842955686,Left Foot,Open Play,Saved,0,0.010496934,0.029707369081238156,0.1275472102205515
Hanna Erica Maria Glas,Sweden Women's,22973,72,59,100.3,58.0,26.68501452126268,11.66157088129542,Right Foot,Open Play,Off T,0,0.018722065,0.02168636050786792,6.859742037147567e-05
Silawan Intamee,Thailand W,22973,72,67,114.9,26.0,14.899999999999999,10.145811121179825,Left Foot,Open Play,Blocked,0,0.020108784,0.0993057399012758,6.0198010852075174e-05
Elin Ingrid Johanna Rubensson,Sweden Women's,22973,72,67,101.6,49.0,20.48316381812146,18.34601471813188,Right Foot,Open Play,Blocked,0,0.051339786,0.05082096474960305,0.05639287085781697
Madelen Fatimma Maria Janogy,Sweden Women's,22973,72,71,108.2,46.1,13.28344834747363,27.91183829269689,Left Foot,Open Play,Blocked,0,0.10394659,0.17157767797031748,0.283315747372631
Madelen Fatimma Maria Janogy,Sweden Women's,22973,72,73,112.6,45.2,9.044335243676016,38.37495922042494,Head,Open Play,Saved,0,0.118491195,0.07321332818467831,0.23906880190936086
Taneekarn Dangda,Thailand W,22973,72,74,91.9,22.4,33.15674893592554,10.725214071322915,Right Foot,Open Play,Saved,0,0.006963924,0.010166907408765545,0.00015018864444125851
Anna Anvegård,Sweden Women's,22973,72,76,119.0,29.2,10.846197490365,4.016693511820146,Left Foot,Open Play,Off T,0,0.011306224,0.131128868906916,0.003471544687939875
Lina Mona Andréa Hurtig,Sweden Women's,22973,72,80,109.8,36.8,10.690182411914218,36.50494339902977,Head,Open Play,Goal,1,0.086481035,0.08710425484586283,0.3462641414756492
Olivia Alma Charlotta Schough,Sweden Women's,22973,72,82,105.1,37.8,15.061540425866147,27.065500263653274,Head,Open Play,Saved Off Target,0,0.058035687,0.028900889319797098,0.0007012050430783448
Olivia Alma Charlotta Schough,Sweden Women's,22973,72,88,113.5,28.3,13.3843191832831,16.017106252768837,Right Foot,Open Play,Off T,0,0.08455341,0.10271631638421495,0.0016142293546611505
Kanjana Sungngoen,Thailand W,22973,72,89,108.0,59.4,22.811400658442697,9.82985213896912,Right Foot,Open Play,Off T,0,0.01120853,0.02116977059321232,0.003039346076150899
Kanjana Sungngoen,Thailand W,22973,72,90,113.3,52.5,14.18238343861849,14.6400736759216,Right Foot,Open Play,Goal,1,0.092396416,0.09163754292517474,0.34883730353531983
Lina Mona Andréa Hurtig,Sweden Women's,22973,72,92,106.7,41.0,13.337541002748592,30.619165545185165,Head,Open Play,Blocked,0,0.067101404,0.0572288366477542,0.057396895567854676
Elin Ingrid Johanna Rubensson,Sweden Women's,22973,72,95,108.0,40.0,12.0,33.92341177306582,Right Foot,Penalty,Goal,1,0.7835,0.76,0.76
Gabrielle Onguene,Cameroon W,68346,72,11,97.7,33.9,23.119256043393783,17.393169666348548,Right Foot,Open Play,Off T,0,0.06352114,0.03715085814594158,0.0007534820358557512
Yvonne Patrice Leuko,Cameroon W,68346,72,14,80.2,40.2,39.800502509390505,10.508000184949138,Right Foot,Open Play,Off T,0,0.0054913834,0.004728089801592399,9.470232321634899e-06
Gabrielle Onguene,Cameroon W,68346,72,18,99.1,29.3,23.479778533878896,15.876539224476513,Left Foot,Open Play,Saved,0,0.10641829,0.04519712216502448,0.002027040668148944
Raissa Feudjio Tchuanyo,Cameroon W,68346,72,21,89.4,55.9,34.48434427388753,10.78594236053058,Right Foot,Open Play,Blocked,0,0.0070569795,0.008750287021722319,1.5743575519128998e-05
Ajara Nchout,Cameroon W,68346,72,28,81.3,41.0,38.71291774072319,10.798099484148947,Right Foot,Open Play,Off T,0,0.0064100013,0.005394844394843571,4.01299518835501e-05
Ria Percival,New Zealand Women's,68346,72,39,83.3,41.5,36.73064115966396,11.371584640325844,Right Foot,Open Play,Saved,0,0.0073409607,0.006867153219187479,0.019998934542270374
Gabrielle Onguene,Cameroon W,68346,72,41,96.6,47.8,24.665765749313362,16.059885447427938,Left Foot,Open Play,Blocked,0,0.040925093,0.039827021697564316,0.000138203026500794
Rosie White,New Zealand Women's,68346,72,44,110.6,39.2,9.43398113205661,42.305508924006304,Head,Open Play,Wayward,0,0.14414187,0.1130737152130056,7.125066949726778e-06
Ria Percival,New Zealand Women's,68346,72,45,108.9,45.1,12.215563842901394,30.888436500970997,Head,Open Play,Wayward,0,0.102660544,0.043480428968281755,0.08649519969842215
Gaelle Enganamouit,Cameroon W,68346,72,45,91.2,58.1,34.015437671739576,10.444395537277646,Right Foot,Open Play,Saved,0,0.009235067,0.009153897211206295,0.014119878318298956
Rosie White,New Zealand Women's,68346,72,46,109.1,44.2,11.681181447096872,32.959220231036824,Head,Open Play,Saved Off Target,0,0.0747275,0.048446650963624764,0.0015831548045585123
Raissa Feudjio Tchuanyo,Cameroon W,68346,72,47,89.3,34.8,31.137276695305264,13.226392026783143,Right Foot,Open Play,Off T,0,0.02504929,0.013611578346925538,7.576934721079955e-05
Gabrielle Onguene,Cameroon W,68346,72,51,112.8,43.2,7.879086241436887,47.2703343401116,Right Foot,Open Play,Off T,0,0.19999632,0.23562214661142655,0.000367491273362489
Jeannette Yango,Cameroon W,68346,72,54,79.2,34.7,41.1428000991668,10.084158648123811,Right Foot,Open Play,Off T,0,0.00677029,0.004010640212401363,6.693563151834828e-06
Ajara Nchout,Cameroon W,68346,72,56,109.8,34.9,11.40394668524893,32.621049337775816,Left Foot,Open Play,Goal,1,0.29874805,0.22441067544369955,0.4153655485241518
Augustine Sylvia Ejangue Siliki,Cameroon W,68346,72,60,101.0,57.8,26.035360569809665,11.82233443945075,Right Foot,Open Play,Off T,0,0.018606467,0.02342477644244072,0.0018086602005575243
Sarah Gregorius,New Zealand Women's,68346,72,62,109.7,39.3,10.323759005323591,38.97650824014391,Head,Open Play,Off T,0,0.15894663,0.09573879163971472,0.001027807494763882
Gabrielle Onguene,Cameroon W,68346,72,63,115.1,48.5,9.81121806912883,23.405457888443884,Left Foot,Open Play,Saved,0,0.19782586,0.21636238385895776,0.005409445816903876
Gabrielle Onguene,Cameroon W,68346,72,63,112.9,43.2,7.787810988975011,47.722009294764156,Left Foot,Open Play,Saved,0,0.13514602,0.39034645413531693,0.6431720335610793
Alexandra Takounda Engolo,Cameroon W,68346,72,63,110.1,34.7,11.22942563090384,32.74068332228378,Right Foot,Open Play,Saved,0,0.11423126,0.18228440031611706,0.22269887183769874
Michaela Abam,Cameroon W,68346,72,63,116.4,33.3,7.605918747922567,30.658920184317108,Left Foot,Open Play,Off T,0,0.15174179,0.29911957881325113,0.00876182281181049
Ria Percival,New Zealand Women's,68346,72,65,99.7,34.8,20.955428890862624,19.240750151219405,Left Foot,Open Play,Blocked,0,0.041779283,0.06443819865569296,0.00025932416220401174
Alexandra Takounda Engolo,Cameroon W,68346,72,68,110.0,40.0,10.0,40.20525157181436,Right Foot,Open Play,Off T,0,0.12048972,0.2363788544572852,0.028281604715691157
Elizabeth Doon Hassett,New Zealand Women's,68346,72,73,111.3,36.7,9.304837451562495,41.02931631834538,Head,Open Play,Saved,0,0.14837693,0.11137770034509584,0.23848421280775517
Abby Erceg,New Zealand Women's,68346,72,73,107.8,46.7,13.918692467326093,26.34522689345952,Head,Open Play,Off T,0,0.053544667,0.04854065683284053,0.00017609480173451343
Olivia Chance,New Zealand Women's,68346,72,86,105.7,32.2,16.288953311984166,22.562352592361883,Left Foot,Open Play,Off T,0,0.10151676,0.11358803838440898,0.004046186342766615
Gabrielle Onguene,Cameroon W,68346,72,89,96.0,38.5,24.046829312822098,17.276644728517592,Right Foot,Open Play,Off T,0,0.043740448,0.03341636003733526,0.0010618545697995072
Therese Ninon Abena,Cameroon W,68346,72,91,98.5,37.2,21.68155898453799,19.01429995289994,Left Foot,Open Play,Blocked,0,0.049224224,0.05925701937620838,0.0934941209931397
Michaela Abam,Cameroon W,68346,72,91,101.3,41.2,18.738463117342363,22.062748648252157,Left Foot,Open Play,Off T,0,0.0907064,0.08711423105052621,0.0004574864473580262
Gabrielle Onguene,Cameroon W,68346,72,91,99.4,34.5,21.321585306913736,18.868674467171267,Right Foot,Open Play,Off T,0,0.055094637,0.04693828627294348,0.00024974618601499265
Ajara Nchout,Cameroon W,68346,72,94,107.3,31.2,15.45088994200658,22.419093947521937,Right Foot,Open Play,Goal,1,0.27418736,0.09573774646366094,0.33901381918539636
Lucía García Córdoba,Spain Women's,22983,72,7,114.7,39.9,5.3009433122794265,69.24236721711031,Right Foot,Open Play,Off T,0,0.22421794,0.5237017562603277,0.005933300358846791
Jennifer Hermoso Fuentes,Spain Women's,22983,72,9,105.6,28.7,18.30437106267244,18.144268046364452,Right Foot,Open Play,Blocked,0,0.07512525,0.06408973829905788,0.0001890363243408337
Virginia Torrecilla Reyes,Spain Women's,22983,72,22,103.5,50.8,19.720294115453754,17.83069491783896,Head,Open Play,Off T,0,0.03910049,0.013622165033155408,0.00013520834665627858
Jennifer Hermoso Fuentes,Spain Women's,22983,72,25,101.4,34.0,19.54379696988279,20.274819560935942,Right Foot,Open Play,Blocked,0,0.05772186,0.058922219486794734,0.0004742649165352861
Marta Corredera Rueda,Spain Women's,22983,72,25,90.2,46.1,30.41792234851026,13.453599270951614,Right Foot,Open Play,Blocked,0,0.018082924,0.014853625426273675,0.00010945342245563575
Nahikari García Pérez,Spain Women's,22983,72,28,116.7,29.3,11.19732110819369,12.17268140397497,Left Foot,Open Play,Saved,0,0.0528759,0.15089876798439208,0.0021542526357813964
María Francesca Caldentey Oliver,Spain Women's,22983,72,31,94.6,32.3,26.541476974727694,15.058816013742344,Right Foot,Open Play,Off T,0,0.030794984,0.023947112965791134,0.00046366214530803296
Virginia Torrecilla Reyes,Spain Women's,22983,72,34,97.5,31.7,23.98207664069148,16.34081231881236,Left Foot,Open Play,Off T,0,0.035329483,0.04324143593154383,0.0020811675345947097
Nahikari García Pérez,Spain Women's,22983,72,34,102.7,41.2,17.34156855650607,23.78437825997475,Right Foot,Open Play,Blocked,0,0.05199621,0.08096807451443203,0.07797652168259928
Jennifer Hermoso Fuentes,Spain Women's,22983,72,38,111.0,43.9,9.808669634563088,38.50273382967677,Head,Open Play,Saved,0,0.11008457,0.09993223711251253,0.25713294350987465
Patricia Guijarro Gutiérrez,Spain Women's,22983,72,49,101.9,42.7,18.300273222004087,22.396564632946347,Right Foot,Open Play,Blocked,0,0.05587824,0.0708009887991994,0.1270263600224427
Patricia Guijarro Gutiérrez,Spain Women's,22983,72,50,112.2,33.4,10.217631819555839,32.104087531478804,Head,Open Play,Saved,0,0.061234664,0.055706309618651584,0.1985325422441142
Yasha Gu,China PR Women's,22983,72,51,109.7,23.4,19.535864454894234,11.570768779521037,Left Foot,Open Play,Blocked,0,0.02244288,0.06276118423984528,2.1753953219618953e-05
Nahikari García Pérez,Spain Women's,22983,72,51,104.3,56.7,22.92116925464319,12.651355418676975,Right Foot,Open Play,Off T,0,0.04613964,0.022403211233698636,1.2860182785851847e-05
Lucía García Córdoba,Spain Women's,22983,72,55,110.7,40.7,9.326306878931229,42.77320162346543,Right Foot,Open Play,Blocked,0,0.10503859,0.26293032625368445,0.22583529028210247
Patricia Guijarro Gutiérrez,Spain Women's,22983,72,60,98.6,44.2,21.808255317654375,18.722290134583183,Right Foot,Open Play,Saved,0,0.07555749,0.04433671439384596,0.04933944292825787
Marta Corredera Rueda,Spain Women's,22983,72,63,90.8,36.3,29.433484333323506,14.068508161005944,Left Foot,Open Play,Off T,0,0.02540156,0.022273871910498923,3.732798553007233e-05
Irene Paredes Hernandez,Spain Women's,22983,72,65,112.9,37.1,7.669419795525598,48.84599662562421,Head,Open Play,Off T,0,0.081345715,0.10734976268980301,2.8605924758134745e-05
Alexia Putellas Segura,Spain Women's,22983,72,70,90.8,47.6,30.172835465033778,13.402865549418335,Left Foot,Free Kick,Saved,0,0.035064805,0.04840966872920113,0.07713547456349311
Jennifer Hermoso Fuentes,Spain Women's,22983,72,75,107.0,38.9,13.046455457326331,31.250717301999845,Head,Open Play,Off T,0,0.16159105,0.05994958196751602,1.1150113908409247e-05
Alexia Putellas Segura,Spain Women's,22983,72,78,111.2,42.4,9.1214034007931,42.70104337555134,Head,Open Play,Saved,0,0.102161944,0.08024153464983437,0.14955625455702068
Patricia Guijarro Gutiérrez,Spain Women's,22983,72,82,96.5,43.4,23.744683615495912,17.355494559671637,Right Foot,Open Play,Saved,0,0.053752,0.03462536281894226,0.06330723906650279
Patricia Guijarro Gutiérrez,Spain Women's,22983,72,83,91.9,35.9,28.39753510430086,14.540756449590203,Right Foot,Open Play,Off T,0,0.02965763,0.019179933986553946,8.758516156553232e-05
Jennifer Hermoso Fuentes,Spain Women's,22983,72,84,112.0,49.7,12.573384588089242,22.033919776959475,Right Foot,Open Play,Saved,0,0.11540245,0.1274700261530583,0.5893477834685545
Andrea Sánchez Falcón,Spain Women's,22983,72,85,106.3,29.3,17.383325343558408,19.15019817619313,Left Foot,Open Play,Saved,0,0.037568115,0.09397535031945192,0.25842188189470444
Leila Ouahabi El Ouahabi,Spain Women's,22983,72,90,85.2,38.8,34.82068350851258,11.993724808809844,Right Foot,Open Play,Blocked,0,0.01588236,0.008676303496792881,0.010078255317901835
Alexandra Popp,Germany Women's,69208,72,3,111.1,44.3,9.884331034521258,37.69581105516792,Head,Open Play,Saved,0,0.05745492,0.06585774675817918,0.1233064909014941
Lina Magull,Germany Women's,69208,72,5,99.9,31.5,21.823381956058043,17.634044731288007,Right Foot,Free Kick,Saved,0,0.08606018,0.10026225631546479,0.3074123746080568
Sara Däbritz,Germany Women's,69208,72,6,90.5,42.0,29.567718883945037,14.081737404339481,Left Foot,Open Play,Saved,0,0.021565653,0.021946546940943897,0.0310176160006504
Eva Sofia Jakobsson,Sweden Women's,69208,72,11,109.8,28.0,15.749285698088027,17.65110387189198,Left Foot,Open Play,Saved,0,0.047469076,0.1076285155916832,0.0011965867021521994
Magdalena Lilly Eriksson,Sweden Women's,69208,72,12,116.3,35.0,6.2201286160335965,46.95684968765993,Head,Open Play,Off T,0,0.12573287,0.1193806060171038,0.012935206347763184
Lina Magull,Germany Women's,69208,72,15,106.9,43.1,13.461797799699706,29.742910574156735,Right Foot,Open Play,Goal,1,0.22935413,0.09462505796076046,0.1334960305627557
Lea Schüller,Germany Women's,69208,72,18,109.2,38.6,10.890362712049582,36.9230846032399,Head,Open Play,Saved,0,0.15565853,0.08610628809966214,0.2256196554213876
Eva Sofia Jakobsson,Sweden Women's,69208,72,21,104.4,48.7,17.86197077592503,20.48560860012183,Right Foot,Open Play,Goal,1,0.24652642,0.07098120546555736,0.1684420588557662
Linda Dallmann,Germany Women's,69208,72,26,103.4,53.1,21.146394491733098,15.649003423188052,Left Foot,Open Play,Blocked,0,0.04392866,0.05801722211811895,5.242880411198167e-05
Linda Brigitta Sembrant,Sweden Women's,69208,72,31,84.1,27.1,38.147345910298924,10.329390545345536,Right Foot,Open Play,Off T,0,0.00612663,0.005689424245178438,0.0010960762996560219
Emma Stina Blackstenius,Sweden Women's,69208,72,35,104.0,53.0,20.615528128088304,15.883441236865119,Right Foot,Open Play,Saved,0,0.07386077,0.04724051680656387,0.307394471931287
Fridolina Rolfö,Sweden Women's,69208,72,42,110.6,45.4,10.840664186294127,33.45772247115515,Head,Open Play,Blocked,0,0.08899339,0.053742882157442155,0.0713472270874604
Fridolina Rolfö,Sweden Women's,69208,72,47,111.9,32.7,10.904127658827177,29.335378851528677,Head,Open Play,Saved,0,0.08922878,0.07219699624990628,0.1637837068592559
Emma Stina Blackstenius,Sweden Women's,69208,72,47,115.6,42.1,4.875448697299568,72.14592278037198,Left Foot,Open Play,Goal,1,0.21020292,0.6225562379997277,0.8577209032703944
Sara Däbritz,Germany Women's,69208,72,57,74.2,39.1,45.80884194126719,9.134408072696237,Left Foot,Open Play,Off T,0,0.005945709,0.003041469782856341,9.696871562195258e-06
Emma Stina Blackstenius,Sweden Women's,69208,72,70,107.1,46.3,14.356183336806483,26.105535878738262,Right Foot,Open Play,Blocked,0,0.20310664,0.07926027083297026,0.0006116830675112727
Giulia Gwinn,Germany Women's,69208,72,71,94.9,40.9,25.11613027518371,16.5718542285138,Right Foot,Open Play,Wayward,0,0.027614046,0.029154004820994516,5.438593709477692e-05
Eva Sofia Jakobsson,Sweden Women's,69208,72,77,107.5,50.1,16.070469812671938,20.489519591628095,Right Foot,Open Play,Saved,0,0.17136087,0.08586885944295714,0.2687593680328098
Alexandra Popp,Germany Women's,69208,72,80,90.8,32.0,30.27606315226602,13.31358077160772,Right Foot,Open Play,Blocked,0,0.022642145,0.015042807490137438,7.610799839894949e-05
Lena Oberdorf,Germany Women's,69208,72,87,113.5,35.0,8.200609733428363,41.460380500460204,Head,Open Play,Off T,0,0.07722952,0.12578962496000357,0.0026913494692257954
Emma Stina Blackstenius,Sweden Women's,69208,72,87,96.2,40.2,23.800840321299578,17.48390088572508,Right Foot,Open Play,Off T,0,0.060056932,0.034516507652429584,0.0033857740992165016
Sara Däbritz,Germany Women's,69208,72,90,103.1,23.1,23.90020920410531,12.504044023915684,Left Foot,Open Play,Saved,0,0.02963601,0.03980127484563333,0.08716095423167723
Svenja Huth,Germany Women's,69208,72,91,94.7,49.2,26.920809794655135,14.593005048887557,Right Foot,Open Play,Blocked,0,0.025642619,0.02268663240318867,4.782421770091346e-05
Marina Hegering,Germany Women's,69208,72,92,117.9,36.9,3.744329045369809,87.67396379631175,Head,Open Play,Off T,0,0.4872568,0.3329216128727671,0.0789657656594085
Sara Däbritz,Germany Women's,22949,72,1,88.7,55.6,34.972131762304684,10.725124715339247,Left Foot,Free Kick,Blocked,0,0.009016308,0.026636329927105146,2.6050478643196024e-05
Nahikari García Pérez,Spain Women's,22949,72,13,103.4,38.5,16.66763330530162,24.68121123387243,Right Foot,Open Play,Off T,0,0.28555807,0.08873530423025938,0.00047217723411355293
Silvia Meseguer Bellido,Spain Women's,22949,72,15,100.9,38.5,19.15880998392123,21.570072933938217,Right Foot,Open Play,Off T,0,0.11566309,0.06332499446550839,0.0007261002401192372
Giulia Gwinn,Germany Women's,22949,72,16,113.1,55.6,17.057842770995403,10.312824160097534,Right Foot,Open Play,Saved,0,0.014924447,0.06103248867094824,0.0026825100805638077
Giulia Gwinn,Germany Women's,22949,72,17,86.4,50.5,35.20241468990444,11.345393705033851,Right Foot,Open Play,Off T,0,0.007808205,0.008173526841721339,6.0250466774971086e-05
Virginia Torrecilla Reyes,Spain Women's,22949,72,20,89.1,38.8,30.92329219213246,13.490156429164395,Right Foot,Open Play,Blocked,0,0.019942386,0.014037664441669288,0.01851716625987007
Marta Corredera Rueda,Spain Women's,22949,72,21,108.4,9.7,32.44456811239749,4.67096070572962,Right Foot,Open Play,Saved,0,0.0063287783,0.009492769797591045,0.0833324797131359
Svenja Huth,Germany Women's,22949,72,31,107.5,56.5,20.700241544484452,12.430723638116662,Right Foot,Open Play,Saved,0,0.0434791,0.028596540979234312,0.07864051694458123
Jennifer Hermoso Fuentes,Spain Women's,22949,72,32,114.5,28.2,13.018832512940628,14.4625762205305,Left Foot,Open Play,Blocked,0,0.0380251,0.1323612376007932,0.00015946911368848078
Silvia Meseguer Bellido,Spain Women's,22949,72,32,92.1,46.4,28.62463973572419,14.219047794457234,Left Foot,Open Play,Blocked,0,0.020451138,0.024486656551271448,0.06800696804803891
Jennifer Hermoso Fuentes,Spain Women's,22949,72,35,99.0,49.5,23.04886114323222,16.533005071706455,Left Foot,Open Play,Blocked,0,0.044276487,0.048135741259020655,0.00011915430781719153
Virginia Torrecilla Reyes,Spain Women's,22949,72,35,95.2,39.0,24.82015310186462,16.76400161440955,Right Foot,Open Play,Blocked,0,0.033650126,0.019998015233198524,0.02321511113388249
Alexandra Popp,Germany Women's,22949,72,41,110.7,41.4,9.404786015641182,42.20872362370512,Head,Open Play,Saved,0,0.11853174,0.11316850776501186,0.12778036572161094
Sara Däbritz,Germany Women's,22949,72,41,118.9,37.0,3.1953090617340894,111.58515922234041,Right Foot,Open Play,Goal,1,0.7775286,0.801575495003601,0.8717518565863701
Virginia Torrecilla Reyes,Spain Women's,22949,72,46,95.0,45.3,25.555625603768732,15.964454036645273,Right Foot,Open Play,Blocked,0,0.031376135,0.027347242394937014,0.00032352008429867014
Alexia Putellas Segura,Spain Women's,22949,72,46,112.3,32.8,10.541821474489126,29.97230029843276,Head,Open Play,Saved,0,0.07529187,0.07615716688468699,0.2890731859711811
María Francesca Caldentey Oliver,Spain Women's,22949,72,50,98.5,46.3,22.404017496868725,17.855858720083774,Right Foot,Open Play,Off T,0,0.05212714,0.04066339639275177,9.837163453371817e-05
Alexandra Popp,Germany Women's,22949,72,56,108.3,43.7,12.271104269787626,31.976466720387037,Head,Open Play,Wayward,0,0.12181143,0.04435381922253584,8.338987975150896e-05
Klara Bühl,Germany Women's,22949,72,61,104.8,52.5,19.679684956827945,16.57202352983445,Left Foot,Open Play,Saved,0,0.060170285,0.06945198690807242,0.194801930485064
Marta Torrejón Moya,Spain Women's,22949,72,63,99.5,36.4,20.813697413001854,19.66910823074091,Right Foot,Free Kick,Blocked,0,0.09828597,0.11638964432654017,0.15541112600445497
Klara Bühl,Germany Women's,22949,72,63,105.5,54.5,20.506096654409877,14.612816104610225,Right Foot,Open Play,Off T,0,0.06895198,0.046385775867338705,0.003827626208859516
Nahikari García Pérez,Spain Women's,22949,72,65,118.4,46.1,6.3063460101710245,23.944426399725945,Right Foot,Open Play,Blocked,0,0.069336474,0.23985044434103006,0.002003986867722466
Patricia Guijarro Gutiérrez,Spain Women's,22949,72,67,93.7,44.9,26.752569970004746,15.3293894925075,Right Foot,Open Play,Wayward,0,0.025372373,0.02354001764581349,1.3834003855909236e-06
Jennifer Hermoso Fuentes,Spain Women's,22949,72,67,104.2,54.2,21.24335190124195,14.795346181525575,Left Foot,Open Play,Off T,0,0.026562583,0.05626548415501948,0.0009761299831203061
Marta Corredera Rueda,Spain Women's,22949,72,71,84.4,26.6,38.03840164886006,10.30295841079777,Right Foot,Open Play,Off T,0,0.006355216,0.005757109518169131,1.554422278908511e-05
Sara Däbritz,Germany Women's,22949,72,75,110.4,34.2,11.216059914247957,32.01243868854627,Head,Open Play,Saved,0,0.040448368,0.0742999596156453,0.132979369460214
Marina Hegering,Germany Women's,22949,72,81,92.7,29.1,29.39557789872483,13.219474734793316,Right Foot,Open Play,Off T,0,0.024861436,0.016584248480370902,2.7094938371771262e-05
Klara Bühl,Germany Women's,22949,72,86,108.0,38.1,12.149485585818026,33.20375335360121,Head,Open Play,Saved,0,0.10227651,0.046287555980270734,0.05871659446789243
Lina Magull,Germany Women's,22949,72,86,104.9,51.8,19.163767896736793,17.34701747870613,Right Foot,Open Play,Off T,0,0.08914573,0.057312845932932344,0.00037244065782239934
Aitana Bonmati Conca,Spain Women's,22949,72,91,102.0,28.6,21.306337085477644,16.650394673392828,Right Foot,Open Play,Blocked,0,0.039158132,0.04459350639819786,0.09400666691764174
Julie Beth Ertz,United States Women's,69321,72,26,107.1,34.9,13.871553626036276,27.809801317709418,Right Foot,Open Play,Saved,0,0.07438553,0.12689235364070922,0.2829450833740919
Samantha June Mewis,United States Women's,69321,72,37,111.8,35.9,9.167878707749141,40.34935499163371,Head,Open Play,Saved,0,0.07909433,0.11125740635757217,0.235278838305185
Alexandra Morgan Carrasco,United States Women's,69321,72,37,112.9,34.4,9.042676594902636,37.23879416490273,Left Foot,Open Play,Saved,0,0.096291535,0.2179200227519126,0.4173700393563786
Alexandra Morgan Carrasco,United States Women's,69321,72,39,99.2,49.2,22.7437903613272,16.812955461701815,Left Foot,Open Play,Saved,0,0.050422024,0.050104547079106054,0.12507346926856935
Megan Anna Rapinoe,United States Women's,69321,72,40,105.5,22.2,22.95844071360248,11.67422306221755,Left Foot,Open Play,Blocked,0,0.028229522,0.043295206865887136,1.72729510706102e-05
Desiree van Lunteren,Netherlands Women's,69321,72,42,91.3,29.0,30.735809733924373,12.712162584801924,Right Foot,Open Play,Saved,0,0.017423576,0.009239559734856384,0.053915241354907086
Sherida Spitse,Netherlands Women's,69321,72,47,91.6,37.0,28.558011135231393,14.529064030877246,Right Foot,Open Play,Blocked,0,0.023916265,0.018829694360829204,0.03528755517232128
Julie Beth Ertz,United States Women's,69321,72,45,116.8,33.7,7.066116330771804,32.66592856355084,Head,Open Play,Off T,0,0.14298362,0.07921232373106693,0.0015012164625553197
Crystal Alyssia Dunn Soubrier,United States Women's,69321,72,51,93.0,24.5,31.132780152116194,11.682299972841752,Right Foot,Open Play,Off T,0,0.016162885,0.008607507577908478,0.00020468987380718718
Megan Anna Rapinoe,United States Women's,69321,72,60,108.2,40.2,11.80169479354554,34.4560958574903,Right Foot,Penalty,Goal,1,0.7835,0.76,0.76
Rosemary Kathleen Lavelle,United States Women's,69321,72,68,102.9,37.4,17.296531444194233,23.65389192702473,Left Foot,Open Play,Goal,1,0.1427178,0.10494648301090438,0.25237351477979786
Alexandra Morgan Carrasco,United States Women's,69321,72,70,108.9,42.1,11.296902230257633,35.425636139130916,Left Foot,Open Play,Blocked,0,0.15660253,0.23908717784315217,0.2674251543464272
Crystal Alyssia Dunn Soubrier,United States Women's,69321,72,75,112.8,33.2,9.903534722511958,31.89639293733171,Left Foot,Open Play,Saved,0,0.2961382,0.25249560051133924,0.5468090873960793
Samantha June Mewis,United States Women's,69321,72,75,114.0,47.6,9.682974749528164,28.657074048625706,Head,Open Play,Off T,0,0.06821782,0.0809397545852166,0.00882148363594938
Lineth Beerensteyn,Netherlands Women's,69321,72,76,101.7,25.9,23.101947969814145,14.43765355666698,Right Foot,Open Play,Saved,0,0.03513979,0.02293100889479422,0.04368928896438149
Sherida Spitse,Netherlands Women's,69321,72,79,89.1,38.4,30.941396219304657,13.474734729466174,Right Foot,Free Kick,Off T,0,0.028694086,0.033924101044738725,0.00036643767289271296
Alexandra Morgan Carrasco,United States Women's,69321,72,82,111.6,28.4,14.32201103197453,17.781583664097386,Left Foot,Open Play,Saved,0,0.13864309,0.12483199694040699,0.37888723491879445
Jackie Groenen,Netherlands Women's,69321,72,83,93.1,35.6,27.257476038694417,15.10393235524073,Right Foot,Open Play,Blocked,0,0.024900852,0.022116706984636376,0.060820914622121476
Jill Roord,Netherlands Women's,69321,72,88,97.6,46.2,23.24220299369232,17.288766513312208,Left Foot,Open Play,Off T,0,0.0609321,0.04798079882344603,0.0006317876454268941
Carli Anne Hollins,United States Women's,69321,72,93,106.3,52.7,18.681006396872736,16.637929386163425,Left Foot,Open Play,Blocked,0,0.07663805,0.07738660506592818,7.889972066458975e-05
Alexandra Morgan Carrasco,United States Women's,69321,72,94,90.8,42.9,29.343653487594217,14.152629183028393,Left Foot,Open Play,Off T,0,0.021714348,0.022546750973436818,0.00020958804816093623
Rosemary Kathleen Lavelle,United States Women's,22943,72,3,101.9,44.5,18.651005334833826,21.610095589077655,Left Foot,Open Play,Blocked,0,0.084944434,0.08701584681603063,0.001217757170320507
Samantha June Mewis,United States Women's,22943,72,3,93.2,30.1,28.570089254323303,13.731062861334337,Right Foot,Open Play,Saved,0,0.031118229,0.018439401539498083,0.08139332536492588
Lindsey Michelle Heaps,United States Women's,22943,72,4,113.8,37.6,6.648308055437866,55.83329179519582,Head,Open Play,Blocked,0,0.19397984,0.1977412774493087,0.27989391494876764
Samantha June Mewis,United States Women's,22943,72,10,106.4,38.7,13.66199107011858,29.88168055187597,Right Foot,Open Play,Off T,0,0.084192276,0.1355481424356357,0.022395343541531963
Alexandra Morgan Carrasco,United States Women's,22943,72,11,114.5,38.9,5.608921464952064,65.83453656555213,Head,Open Play,Goal,1,0.23238441,0.26295965048988773,0.37364326363929634
Samantha June Mewis,United States Women's,22943,72,17,96.6,30.1,25.408069584287592,15.160324809607165,Left Foot,Open Play,Off T,0,0.03578947,0.03589488309557705,0.00012486311605548652
Rosemary Kathleen Lavelle,United States Women's,22943,72,19,97.9,31.9,23.537629447333895,16.658854117953695,Left Foot,Open Play,Goal,1,0.0547017,0.04575673421288586,0.12736876675878345
Alexandra Morgan Carrasco,United States Women's,22943,72,21,114.4,45.2,7.641989269817118,42.32864420824944,Left Foot,Open Play,Off T,0,0.19891073,0.3626473751131196,0.058865302212613164
Rattikan Thongsombut,Thailand W,22943,72,28,93.0,23.8,31.487140232164624,11.424297259397614,Right Foot,Open Play,Saved,0,0.011200194,0.012511648914839881,0.043228392850163506
Lindsey Michelle Heaps,United States Women's,22943,72,31,113.2,37.7,7.178439941937241,52.54354450305346,Right Foot,Open Play,Goal,1,0.18330075,0.36842286849693745,0.7542890564500587
Alexandra Morgan Carrasco,United States Women's,22943,72,37,108.2,34.3,13.104579352272241,28.613745395416814,Right Foot,Open Play,Blocked,0,0.12682512,0.09573924301071912,0.154207970190348
Samantha June Mewis,United States Women's,22943,72,37,104.6,33.4,16.754700832900603,22.86466159231558,Left Foot,Open Play,Blocked,0,0.04924497,0.10902676361961997,0.0007006723940473749
Crystal Alyssia Dunn Soubrier,United States Women's,22943,72,45,113.1,29.3,12.731849826321392,18.760245938900848,Left Foot,Open Play,Saved,0,0.0435013,0.10293970470487877,0.5315122552022924
Julie Beth Ertz,United States Women's,22943,72,45,115.0,34.1,7.733692520394122,38.25748850244917,Head,Open Play,Blocked,0,0.11536439,0.12292949067629434,0.2539337810238908
Lindsey Michelle Heaps,United States Women's,22943,72,45,109.3,36.1,11.388590782006352,33.95788950278532,Left Foot,Open Play,Blocked,0,0.13838702,0.23059529268888854,0.3216842357212161
Rosemary Kathleen Lavelle,United States Women's,22943,72,46,114.6,43.7,6.545991139621263,53.30825960445324,Head,Open Play,Saved,0,0.15276843,0.1327258567569445,0.25197042961374166
Alexandra Morgan Carrasco,United States Women's,22943,72,46,113.0,32.6,10.186265262597473,29.554860853391606,Right Foot,Open Play,Blocked,0,0.084247366,0.18840977903060113,0.001203104371509359
Samantha June Mewis,United States Women's,22943,72,49,102.4,28.3,21.134095674998726,16.560307971739054,Left Foot,Open Play,Goal,1,0.054856997,0.05935408306097049,0.26169193429662774
Lindsey Michelle Heaps,United States Women's,22943,72,51,113.7,45.4,8.297590011563596,39.746984224625535,Head,Open Play,Off T,0,0.10201397,0.08181155980399672,0.0011364774474226546
Alexandra Morgan Carrasco,United States Women's,22943,72,52,116.7,35.7,5.420332093147057,56.50677539536528,Left Foot,Open Play,Goal,1,0.4141377,0.5116521785142182,0.5871558536479077
Rosemary Kathleen Lavelle,United States Women's,22943,72,53,108.2,37.0,12.175385004179535,32.64202094395789,Left Foot,Open Play,Blocked,0,0.09085521,0.20940324522733167,0.26679277395926404
Samantha June Mewis,United States Women's,22943,72,53,114.2,43.0,6.5299310869258,55.44028207706712,Left Foot,Open Play,Goal,1,0.50886995,0.47304530407460443,0.8370428313631222
Rosemary Kathleen Lavelle,United States Women's,22943,72,55,109.0,39.3,11.022250223978768,36.682590079497835,Left Foot,Open Play,Goal,1,0.2332145,0.25075071355690975,0.2002132879588545
Carli Anne Hollins,United States Women's,22943,72,59,103.9,32.8,17.63660965151749,21.60038041809608,Left Foot,Open Play,Saved,0,0.08971482,0.09674151332093894,0.23756546301563458
Christen Annemarie Press,United States Women's,22943,72,60,103.7,48.9,18.571483516402232,19.794961751032837,Left Foot,Open Play,Blocked,0,0.062494464,0.0841813873007521,0.07007740211479575
Julie Beth Ertz,United States Women's,22943,72,61,105.8,43.0,14.51344204522139,27.78836691736859,Right Foot,Open Play,Off T,0,0.057851117,0.11886413876669734,0.0045816994005831255
Carli Anne Hollins,United States Women's,22943,72,66,108.8,49.4,14.621901381147394,22.2491171694844,Left Foot,Open Play,Saved,0,0.071996935,0.09149018258365145,0.36324162269224447
Alexandra Morgan Carrasco,United States Women's,22943,72,66,111.8,31.8,11.596551211459381,26.368550423017542,Left Foot,Open Play,Saved,0,0.1810684,0.1948712451741978,0.32057304958485516
Carli Anne Hollins,United States Women's,22943,72,66,112.3,34.9,9.235799911215057,38.0919798297739,Left Foot,Open Play,Saved,0,0.1521227,0.2987002875015685,0.5119357483210771
Alexandra Morgan Carrasco,United States Women's,22943,72,66,118.5,30.2,9.914131328563286,7.369561799284605,Left Foot,Open Play,Blocked,0,0.011818939,0.154495151818506,0.0013868055804264023
Megan Anna Rapinoe,United States Women's,22943,72,69,96.0,34.3,24.667590072806057,16.447320698794485,Right Foot,Open Play,Off T,0,0.031418398,0.02018830874457286,0.0030913144597869767
Alexandra Morgan Carrasco,United States Women's,22943,72,73,104.6,44.3,15.989058759038949,24.95392518641101,Right Foot,Open Play,Goal,1,0.09475674,0.09585488945511302,0.37999799878180535
Taneekarn Dangda,Thailand W,22943,72,77,94.5,21.5,31.50396800404673,10.793554322465067,Right Foot,Open Play,Saved,0,0.009109526,0.012294733655442607,0.06538167095539772
Megan Anna Rapinoe,United States Women's,22943,72,78,108.3,38.7,11.772000679578644,34.377699704173786,Right Foot,Open Play,Goal,1,0.18937612,0.1790865496465955,0.3371278719712455
Alexandra Morgan Carrasco,United States Women's,22943,72,80,104.3,36.9,16.003124694883812,25.33822352227878,Left Foot,Open Play,Goal,1,0.0740359,0.12430686269155755,0.5315158291959612
Mallory Diane Swanson,United States Women's,22943,72,82,112.4,44.3,8.732124598286484,41.51182195021568,Head,Open Play,Off T,0,0.15958321,0.08136533810983552,4.935886944154656e-05
Carli Anne Hollins,United States Women's,22943,72,83,113.1,41.8,7.130918594402832,53.441075798190674,Right Foot,Open Play,Off T,0,0.40454298,0.37494212385664955,0.012577571527382543
Mallory Diane Swanson,United States Women's,22943,72,84,117.7,35.8,4.788527957525153,60.476676050086056,Left Foot,Open Play,Goal,1,0.8584217,0.5544538796996226,0.5125639956351632
Alexandra Morgan Carrasco,United States Women's,22943,72,86,108.7,33.0,13.292479076530455,26.86427646056742,Left Foot,Open Play,Goal,1,0.10135481,0.16774161231869406,0.4505228460221968
Christen Annemarie Press,United States Women's,22943,72,90,101.8,39.8,18.201098867925534,22.73835046366229,Right Foot,Open Play,Blocked,0,0.04808208,0.07212639723489273,0.06296150398130505
Carli Anne Hollins,United States Women's,22943,72,91,108.9,37.7,11.335784048754627,35.218202705914415,Right Foot,Open Play,Goal,1,0.15121758,0.18980733127585556,0.3267671036899361
Stephanie Houghton,England Women's,68362,72,13,113.9,36.1,7.240165743959175,48.84759501757093,Right Foot,Open Play,Goal,1,0.18827021,0.3455843313339562,0.6391143890779359
Toni Duggan,England Women's,68362,72,20,102.8,27.8,21.087437018281765,16.274004069081194,Right Foot,Open Play,Off T,0,0.066894755,0.04527226705674292,0.002456083344345743
Gaelle Enganamouit,Cameroon W,68362,72,31,87.5,33.8,33.08609980036934,12.408188379526965,Right Foot,Open Play,Off T,0,0.029817363,0.007009604262345529,0.0008092193944622478
Gaelle Enganamouit,Cameroon W,68362,72,33,92.8,29.7,29.084875794818174,13.449896633640211,Right Foot,Open Play,Wayward,0,0.024380228,0.017275990808203738,0.00017171556265782584
Ellen White,England Women's,68362,72,48,104.5,39.3,15.515798400340216,26.52225195915727,Left Foot,Open Play,Goal,1,0.36996657,0.1339474723558073,0.25457049821386085
Alexandra Takounda Engolo,Cameroon W,68362,72,52,107.7,43.5,12.788275880665068,30.949545261758967,Right Foot,Open Play,Saved,0,0.3144531,0.15117966956936674,0.2457460036837281
Alex Greenwood,England Women's,68362,72,57,108.8,37.8,11.414026458704225,35.04624091141971,Left Foot,Open Play,Goal,1,0.086516455,0.2349310252269197,0.3467199113944228
Ajara Nchout,Cameroon W,68362,72,59,106.6,54.3,19.597193676646665,14.822666211886064,Left Foot,Open Play,Blocked,0,0.06816827,0.06727212801684315,0.06842360997097809
Ellen White,England Women's,68362,72,61,108.2,33.6,13.423859355639864,27.37638911280814,Left Foot,Open Play,Off T,0,0.20783718,0.167415534157878,0.029046474359231623
Ajara Nchout,Cameroon W,68362,72,61,107.7,42.5,12.551493934986382,31.989874057095395,Left Foot,Open Play,Blocked,0,0.091127485,0.1996991345111935,0.2707599512679777
Therese Ninon Abena,Cameroon W,68362,72,68,86.2,28.0,35.866976454672056,10.998318861483494,Right Foot,Open Play,Off T,0,0.0077269124,0.007510509876652804,2.293268739313404e-05
Jodie Taylor,England Women's,68362,72,75,105.7,32.6,16.101242188104614,23.062568079765434,Right Foot,Open Play,Off T,0,0.25163084,0.09076172397707379,0.002143687819490223
Jodie Taylor,England Women's,68362,72,81,102.9,29.1,20.278560106674234,17.46573038012097,Right Foot,Open Play,Blocked,0,0.12490295,0.050896822959492785,0.10229588502562845
Therese Ninon Abena,Cameroon W,68362,72,84,97.4,44.9,23.125094594401116,17.60422321841045,Right Foot,Open Play,Saved,0,0.056565527,0.02470905043101117,0.08286169339143921
Daniela Paz Zamora Mancilla,Chile Women's,68343,72,1,114.5,32.5,9.300537618869138,28.8424230764853,Head,Open Play,Wayward,0,0.08313348,0.0569901447270847,4.831627193448488e-07
Daniela Paz Zamora Mancilla,Chile Women's,68343,72,7,103.7,41.4,16.360012224934305,25.139632952772455,Head,Open Play,Saved,0,0.06653832,0.023837966147459394,0.0853276619473672
María José Urrutia Sánchez,Chile Women's,68343,72,9,110.4,37.6,9.895453501482379,39.739499602786736,Right Foot,Open Play,Blocked,0,0.0982962,0.23645181102215432,0.21740705424557102
Francisca Alejandra Lara Lara,Chile Women's,68343,72,9,101.5,35.1,19.137920472193418,20.995477954139233,Left Foot,Open Play,Off T,0,0.060077358,0.054817441892293206,0.004866499460216019
María José Urrutia Sánchez,Chile Women's,68343,72,13,105.1,40.8,14.921461054467828,27.52951764002754,Head,Open Play,Wayward,0,0.06395284,0.029689821112773174,0.00012042878389625376
María José Urrutia Sánchez,Chile Women's,68343,72,14,95.5,30.2,26.38730755495907,14.714600405255657,Left Foot,Open Play,Off T,0,0.015975524,0.0318422038608334,0.0033887553688435237
Karen Araya,Chile Women's,68343,72,16,94.9,51.7,27.69295939404093,13.70340397794562,Right Foot,Open Play,Off T,0,0.023575671,0.020347102191892848,0.00025259750652939907
Karen Araya,Chile Women's,68343,72,22,91.6,56.5,32.84524318679952,11.041057437734024,Right Foot,Open Play,Off T,0,0.0077508707,0.006965042931205197,1.811406901982465e-05
María José Urrutia Sánchez,Chile Women's,68343,72,24,97.4,56.0,27.690431560378393,12.3850614348602,Right Foot,Open Play,Off T,0,0.02105307,0.019706010503189673,0.00010961041746238517
Karen Araya,Chile Women's,68343,72,27,99.4,19.5,29.06217472936256,10.282299275434141,Right Foot,Free Kick,Saved,0,0.011941599,0.0387032657156284,0.16028561095926291
Silawan Intamee,Thailand W,68343,72,30,108.3,20.5,22.740712389896675,9.648869095671063,Right Foot,Open Play,Saved,0,0.010486083,0.032142611971924646,0.0006743392574991671
Daniela Paz Zamora Mancilla,Chile Women's,68343,72,32,106.9,41.6,13.197348218486919,30.813466393977556,Head,Open Play,Off T,0,0.08608226,0.0583732492325333,0.00014055615130282998
Daniela Paz Zamora Mancilla,Chile Women's,68343,72,35,95.8,40.5,24.205164738129756,17.193367392929805,Right Foot,Open Play,Wayward,0,0.045316692,0.021661655009907032,0.04321794757046137
Silawan Intamee,Thailand W,68343,72,36,105.6,33.1,15.967780058605522,23.57345424562497,Right Foot,Open Play,Blocked,0,0.08252316,0.09311201383538734,0.0008147719457866972
Kanjana Sungngoen,Thailand W,68343,72,39,84.8,37.7,35.275062012702406,11.822673059147647,Right Foot,Open Play,Saved,0,0.015560293,0.00820243989047297,0.024074670450318667
Pikul Khueanpet,Thailand W,68343,72,39,116.1,31.9,8.989994438263022,22.948166054639117,Head,Open Play,Off T,0,0.08143101,0.05128189981623882,0.009623603402049838
Daniela Paz Zamora Mancilla,Chile Women's,68343,72,42,101.5,57.7,25.603515383634335,11.908453247950218,Right Foot,Open Play,Saved,0,0.024283068,0.024642391377419363,0.08537419140532838
Rosario Francisca María Balmaceda Holley,Chile Women's,68343,72,45,90.5,27.7,31.961539387207242,12.089815350344669,Right Foot,Open Play,Post,0,0.019647654,0.012050346507776939,0.000735770763009364
Javiera Matilde Grez Valenzuela,Chile Women's,68343,72,45,111.0,38.6,9.10823802938856,43.44180693996287,Right Foot,Open Play,Off T,0,0.23768982,0.27112035935152956,0.00571998201329881
Yanara Katherine Nicole Aedo Muñoz,Chile Women's,68343,72,47,105.9,49.9,17.22846481843347,20.009630748029224,Right Foot,Open Play,Post,0,0.09469714,0.07511807192368253,0.24231749656169593
Javiera Matilde Grez Valenzuela,Chile Women's,68343,72,52,111.0,49.1,12.79882807135091,23.652937046356477,Head,Open Play,Off T,0,0.11652763,0.05147332406891278,0.000820934033937513
Javiera Matilde Grez Valenzuela,Chile Women's,68343,72,54,105.3,36.6,15.08807476121457,26.66696479996082,Head,Open Play,Wayward,0,0.07971951,0.028537655087591287,5.6824988768374404e-05
Yessenia Andrea López López,Chile Women's,68343,72,60,83.0,41.3,37.022830793984404,11.284810154252668,Left Foot,Open Play,Off T,0,0.0077076945,0.008783543526624618,0.0008946805546569549
Francisca Alejandra Lara Lara,Chile Women's,68343,72,65,95.3,37.8,24.79778215889478,16.729271901537565,Left Foot,Open Play,Saved,0,0.037687596,0.03988523432859528,0.15587534848662402
Yessenia Andrea López López,Chile Women's,68343,72,68,98.3,23.6,27.200183822908258,12.33397643278681,Left Foot,Open Play,Off T,0,0.026594458,0.02744341506334707,0.0038391603131518403
Yanara Katherine Nicole Aedo Muñoz,Chile Women's,68343,72,70,98.2,55.9,26.982401672201085,12.587157195122337,Right Foot,Open Play,Blocked,0,0.027109265,0.021451441364340226,5.109197478205712e-05
María José Urrutia Sánchez,Chile Women's,68343,72,72,105.4,41.5,14.676852523616901,27.880254700552406,Head,Open Play,Off T,0,0.107266985,0.046327156277697554,0.00018316800146370637
María José Urrutia Sánchez,Chile Women's,68343,72,77,106.6,42.1,13.563554106501737,29.90085061454878,Head,Open Play,Goal,1,0.072833575,0.05490030012678712,0.16849021320675434
Javiera Matilde Grez Valenzuela,Chile Women's,68343,72,79,111.3,40.5,8.71435597161374,45.517256785770144,Head,Open Play,Off T,0,0.18211788,0.13050625001927424,0.0024146987370158427
María José Urrutia Sánchez,Chile Women's,68343,72,80,110.4,45.6,11.113955191559839,32.54254655260465,Right Foot,Open Play,Blocked,0,0.21341635,0.18353290010585835,0.2210680201606844
Francisca Alejandra Lara Lara,Chile Women's,68343,72,83,108.0,40.0,12.0,33.92341177306582,Left Foot,Penalty,Post,0,0.7835,0.76,0.76
Camila Alejandra Saez Oyaneder,Chile Women's,68343,72,92,114.8,36.0,6.5604877867426925,52.08839450425213,Head,Open Play,Off T,0,0.11948157,0.1848272922677205,1.0080569992314158e-05
Samantha May Kerr,Australia Women's,68311,72,4,103.7,46.3,17.475125178378548,22.2268038262841,Right Foot,Open Play,Saved,0,0.14107212,0.07701596258823108,0.37229735725209295
Samantha May Kerr,Australia Women's,68311,72,10,107.4,37.4,12.865457628860307,31.228151337363414,Head,Open Play,Goal,1,0.06147544,0.04080089575995274,0.15087520599968998
Samantha May Kerr,Australia Women's,68311,72,18,108.5,48.1,14.06627171641441,24.529500530267878,Head,Open Play,Off T,0,0.11063904,0.04573843984837137,0.0002725482116953952
Samantha May Kerr,Australia Women's,68311,72,24,106.0,43.7,14.48067677976413,27.567844343342962,Head,Open Play,Saved,0,0.10547794,0.04698534317430342,0.1532541173288155
Samantha May Kerr,Australia Women's,68311,72,25,112.4,42.9,8.134494452638092,46.50997093286428,Head,Open Play,Off T,0,0.087340675,0.09707950114420569,0.0011389824562458096
Khadija Monifa Shaw,Jamaica Women's,68311,72,38,83.7,29.7,37.73300942146014,10.669445525783514,Right Foot,Free Kick,Off T,0,0.006570151,0.014745548282532366,0.003088187799044608
Khadija Monifa Shaw,Jamaica Women's,68311,72,40,112.0,32.7,10.830050784737805,29.40774911654735,Head,Open Play,Off T,0,0.05770595,0.07289312157886801,0.0013076167617972043
Samantha May Kerr,Australia Women's,68311,72,41,114.5,41.9,5.818934610390461,63.05549558951721,Head,Open Play,Goal,1,0.3655866,0.24520993115952663,0.4222181773481534
Lisa De Vanna,Australia Women's,68311,72,45,107.4,45.4,13.70839159055503,27.855387960097598,Left Foot,Open Play,Blocked,0,0.17495753,0.16453415261212495,0.187519305610772
Havana Solaun,Jamaica Women's,68311,72,48,109.6,29.6,14.707821048680191,20.56380520598682,Left Foot,Open Play,Goal,1,0.376099,0.12759964540810648,0.32198415509127654
Samantha May Kerr,Australia Women's,68311,72,49,99.2,33.3,21.8524598157736,18.161710279039372,Right Foot,Open Play,Saved,0,0.08686341,0.04353403435576433,0.058068513150702716
Cheyna Lee Matthews,Jamaica Women's,68311,72,50,112.4,57.8,19.35458601985586,8.755783629510056,Right Foot,Open Play,Saved,0,0.009408607,0.045782354161083436,0.34444097613746927
Mireya Grey,Jamaica Women's,68311,72,50,113.7,28.3,13.28834075421006,15.780320727988256,Head,Open Play,Off T,0,0.04347221,0.02679585526635251,0.0005986890021444747
Khadija Monifa Shaw,Jamaica Women's,68311,72,52,108.1,58.1,21.661486560252513,10.81877901806049,Right Foot,Open Play,Off T,0,0.014382654,0.03728104927054215,0.0028416737538016668
Khadija Monifa Shaw,Jamaica Women's,68311,72,58,107.5,43.8,13.064838307457157,30.187066688493662,Head,Open Play,Off T,0,0.07512081,0.03892555252815953,0.0001369240971115717
Khadija Monifa Shaw,Jamaica Women's,68311,72,62,107.1,53.2,18.456706098326435,16.09529218124033,Right Foot,Open Play,Off T,0,0.109381326,0.060085606906931883,0.00017504230566314818
Khadija Monifa Shaw,Jamaica Women's,68311,72,64,108.1,58.5,21.996817951694744,10.489706427238529,Right Foot,Open Play,Off T,0,0.011447921,0.03563473609824466,0.003535892890706571
Samantha May Kerr,Australia Women's,68311,72,68,115.1,41.4,5.096076922496368,70.6806435972307,Left Foot,Open Play,Goal,1,0.28823963,0.6078662586433483,0.7510079998109244
Samantha May Kerr,Australia Women's,68311,72,82,114.5,43.9,6.742403132415029,51.465020621350554,Left Foot,Open Play,Goal,1,0.57346874,0.3414010386279282,0.3495424667118351
Khadija Monifa Shaw,Jamaica Women's,68311,72,84,83.0,38.8,37.01945434497921,11.286835723110247,Right Foot,Open Play,Saved,0,0.006286312,0.006629869670099645,0.028952397604042637
Alanna Stephanie Kennedy,Australia Women's,68311,72,92,104.9,35.9,15.646724896923311,25.529888149446002,Head,Open Play,Post,0,0.07362207,0.0393494560906391,0.001362897043464456
Ugochi Desire Oparanozie,Nigeria Women's,22980,72,2,115.8,41.7,4.531004303683681,76.93527988479364,Head,Open Play,Saved,0,0.1470171,0.2584303027822498,0.439803006059997
Viviane Asseyi,France Women's,22980,72,11,98.9,34.0,21.93649926492374,18.27097963807788,Left Foot,Open Play,Off T,0,0.041587703,0.0566390357995147,0.00022786786340756138
Valérie Gauvin,France Women's,22980,72,14,111.9,42.7,8.53814968245462,44.89755909605814,Head,Open Play,Off T,0,0.069497526,0.13105346434214096,0.018234207756176672
Amandine Henry,France Women's,22980,72,16,108.3,32.6,13.843771162512043,25.662394232801052,Right Foot,Open Play,Off T,0,0.076781146,0.12140350731180044,0.0007255569451906205
Amandine Henry,France Women's,22980,72,27,117.8,33.2,7.147027354082253,23.13889037396801,Head,Open Play,Off T,0,0.07325638,0.06293731440580563,0.0005487396059561018
Gaëtane Thiney,France Women's,22980,72,38,101.7,24.3,24.111822826157294,13.270396862278558,Right Foot,Open Play,Blocked,0,0.025380522,0.030108577517157946,1.0472220112632472e-05
Charlotte Bilbault,France Women's,22980,72,49,87.3,32.3,33.59434476217687,12.11420385809835,Right Foot,Open Play,Off T,0,0.017131615,0.010010073699121306,0.003320617143270147
Gaëtane Thiney,France Women's,22980,72,51,100.7,56.9,25.653459805648048,12.360026983800116,Right Foot,Open Play,Blocked,0,0.010168621,0.02477575366519056,0.04625605881779942
Amel Majri,France Women's,22980,72,52,105.1,35.0,15.716551784663205,25.026549077481533,Right Foot,Open Play,Wayward,0,0.044475242,0.09877295691558513,0.0008000724259803383
Delphine Cascarino,France Women's,22980,72,52,115.7,51.0,11.81058846967415,14.015885079067672,Right Foot,Open Play,Off T,0,0.06850686,0.1154677011951247,0.003011653413386208
Wendie Renard,France Women's,22980,72,55,107.4,35.2,13.483323032546533,28.70871191755181,Head,Open Play,Off T,0,0.054484557,0.05384329284601712,0.0005156117506465928
Gaëtane Thiney,France Women's,22980,72,57,100.0,30.8,22.01454064930722,17.258285987137196,Right Foot,Open Play,Blocked,0,0.030299332,0.04184777022739705,0.00010949864484520105
Gaëtane Thiney,France Women's,22980,72,58,106.2,46.5,15.254179755070409,24.732737111461585,Left Foot,Open Play,Off T,0,0.12087718,0.1322639984766893,0.0014007464027468366
Amel Majri,France Women's,22980,72,64,94.0,22.7,31.22963336320169,11.191962598647166,Left Foot,Open Play,Saved,0,0.008102394,0.016944343267072462,0.06366100152373344
Gaëtane Thiney,France Women's,22980,72,65,113.9,44.8,7.762087348130006,43.62125635902726,Right Foot,Open Play,Off T,0,0.3158183,0.3037886917437254,0.0016339513842967685
Halimatu Ibrahim Ayinde,Nigeria Women's,22980,72,67,101.9,56.4,24.424782496472712,12.79981567572751,Right Foot,Open Play,Off T,0,0.028551027,0.028742729742246877,0.00031348663809606907
Amandine Henry,France Women's,22980,72,68,102.1,50.4,20.70193227696391,17.515565617176232,Left Foot,Open Play,Blocked,0,0.053189382,0.042508280353647176,8.100113791602371e-05
Wendie Renard,France Women's,22980,72,78,108.0,40.1,12.000416659433121,33.9213803195501,Right Foot,Penalty,Goal,1,0.7835,0.76,0.76
Viviane Asseyi,France Women's,22980,72,81,112.5,49.7,12.261321299109655,21.845485262139768,Right Foot,Open Play,Saved,0,0.07916361,0.1309866771931825,0.0018708680256728134
Eugénie Le Sommer,France Women's,22980,72,86,113.4,32.9,9.693812459502192,30.94668728346835,Head,Open Play,Saved,0,0.08753719,0.08520404155423705,0.18237330112941164
Amel Majri,France Women's,22980,72,86,99.0,30.1,23.216588896735026,16.301967537587323,Right Foot,Open Play,Blocked,0,0.03741828,0.03579800631961793,0.00019199509401484052
Kadidiatou Diani,France Women's,22980,72,93,107.8,56.0,20.120636172845032,12.851490196094492,Right Foot,Open Play,Blocked,0,0.031314462,0.04640290902579459,1.6238235120409673e-05
Julie Beth Ertz,United States Women's,69202,72,0,95.4,47.8,25.806975801127873,15.425685809917413,Right Foot,Open Play,Saved,0,0.048097197,0.026240803255070933,0.026495617032321808
Megan Anna Rapinoe,United States Women's,69202,72,4,105.8,16.2,27.714256259189064,7.842107782899416,Right Foot,Free Kick,Goal,1,0.009516227,0.042369832650414725,0.06289699945583302
Eugénie Le Sommer,France Women's,69202,72,12,108.2,45.1,12.85496013218244,29.63156597020166,Head,Open Play,Saved Off Target,0,0.1252174,0.05892033669991519,0.0006803792958613062
Alexandra Morgan Carrasco,United States Women's,69202,72,12,103.4,28.9,19.969226324522438,17.50052989270634,Left Foot,Open Play,Saved,0,0.051865593,0.04606453423686168,0.09359839063493082
Valérie Gauvin,France Women's,69202,72,15,103.1,28.3,20.55480479109447,16.82465312171436,Right Foot,Open Play,Blocked,0,0.062207397,0.04863377265157668,4.988015500107299e-05
Elise Bussaglia,France Women's,69202,72,17,96.6,49.7,25.3308112779674,15.250525571942058,Right Foot,Open Play,Blocked,0,0.028802855,0.02756244604512826,0.0003661788430241463
Amandine Henry,France Women's,69202,72,17,92.4,45.0,28.04924241401182,14.640625191392052,Right Foot,Open Play,Off T,0,0.028645312,0.019998668850653687,0.0014174969858841752
Amandine Henry,France Women's,69202,72,31,106.9,41.6,13.197348218486919,30.813466393977556,Head,Open Play,Off T,0,0.069792576,0.0583732492325333,0.003242098230386782
Samantha June Mewis,United States Women's,69202,72,40,106.1,44.1,14.492066795319436,27.360386399812967,Head,Open Play,Off T,0,0.036109723,0.03102173541428828,8.477199766577094e-05
Crystal Alyssia Dunn Soubrier,United States Women's,69202,72,42,98.1,22.7,27.908779980500764,11.827665576145684,Right Foot,Open Play,Saved,0,0.019113213,0.018964715700809313,0.04794723253166201
Kadidiatou Diani,France Women's,69202,72,45,109.5,39.5,10.51189802081432,38.36229212935496,Other,Open Play,Off T,0,0.081004165,0.1290802896381115,0.0004666515925228289
Samantha June Mewis,United States Women's,69202,72,46,91.8,28.6,30.417100453527784,12.756200443700145,Left Foot,Open Play,Saved,0,0.023388937,0.019303388251886777,0.028064514361764256
Samantha June Mewis,United States Women's,69202,72,45,100.3,22.1,26.61766330841233,11.720137316472758,Left Foot,Open Play,Saved,0,0.020893753,0.02885995566618119,0.033397139943538504
Tobin Powell Heath,United States Women's,69202,72,45,118.2,51.9,12.035364556173608,5.723780850202609,Right Foot,Open Play,Saved,0,0.020233156,0.06329591990467195,0.19809744637989476
Alexandra Morgan Carrasco,United States Women's,69202,72,45,110.4,44.2,10.478549517943785,36.08940695622325,Left Foot,Open Play,Blocked,0,0.094727926,0.2598432276378444,0.45325010868971183
Amandine Henry,France Women's,69202,72,51,91.6,40.1,28.400176055792336,14.686657424163155,Right Foot,Open Play,Blocked,0,0.020921744,0.019242930713017838,0.017936947878092063
Amandine Henry,France Women's,69202,72,51,93.7,36.8,26.49396157617807,15.621129623955264,Right Foot,Open Play,Blocked,0,0.030308867,0.024407977844512204,0.04498539445245358
Eugénie Le Sommer,France Women's,69202,72,52,111.2,39.1,8.845903006477064,44.805691222107,Head,Open Play,Off T,0,0.113493234,0.126812534101296,0.010089429258634541
Eugénie Le Sommer,France Women's,69202,72,57,115.4,28.8,12.107848694132246,14.186297103763431,Right Foot,Open Play,Off T,0,0.055045903,0.11243907024513333,0.001971669624934755
Kadidiatou Diani,France Women's,69202,72,58,101.7,53.2,22.56390923576852,15.121177704931265,Right Foot,Open Play,Blocked,0,0.030364238,0.02477166056107666,1.574356028894244e-05
Amel Majri,France Women's,69202,72,61,97.3,21.7,29.157846285348306,11.231374318346042,Right Foot,Open Play,Blocked,0,0.0108579025,0.01622432601433993,1.9914470372831554e-06
Valérie Gauvin,France Women's,69202,72,63,104.6,38.4,15.482893786369528,26.477046830593537,Head,Open Play,Saved,0,0.04973908,0.027177094148104274,0.18889244213043485
Megan Anna Rapinoe,United States Women's,69202,72,64,111.3,33.1,11.10405331399305,30.090106432223912,Right Foot,Open Play,Goal,1,0.14857739,0.17468715850785077,0.17209146495356245
Eugénie Le Sommer,France Women's,69202,72,72,107.6,34.2,13.689411966918085,27.54843616694538,Head,Open Play,Saved,0,0.05866233,0.0512179171189375,0.07294764065304986
Amandine Henry,France Women's,69202,72,77,94.9,25.5,28.987238571481758,12.527774671104837,Right Foot,Open Play,Saved,0,0.024350641,0.01707675956198701,0.04252923253242095
Eugénie Le Sommer,France Women's,69202,72,78,110.4,37.0,10.05783276854412,38.68387548847457,Right Foot,Open Play,Saved,0,0.09466499,0.16211192956695022,0.3901275682384043
Wendie Renard,France Women's,69202,72,80,114.1,39.2,5.953990258641683,62.94839998044986,Head,Open Play,Goal,1,0.2398037,0.24184934964977042,0.4501592825959329
Delphine Cascarino,France Women's,69202,72,82,110.4,57.6,20.047942537826668,10.252191053419505,Right Foot,Open Play,Blocked,0,0.010844341,0.029177450723118514,3.4802357451810818e-06
Amandine Henry,France Women's,69202,72,83,109.9,32.8,12.40362850137007,27.761297829865278,Head,Open Play,Off T,0,0.045710158,0.0395116356096938,6.141288291814165e-05
Elise Bussaglia,France Women's,69202,72,85,93.5,33.1,27.38357171736368,14.756191652107889,Right Foot,Open Play,Blocked,0,0.018663524,0.021619921598006037,0.00014093463914197066
Rosemary Kathleen Lavelle,United States Women's,69258,72,3,113.2,54.5,16.01530517973354,11.57192708024508,Left Foot,Open Play,Saved,0,0.033160396,0.09130183435715189,0.43032846837259997
Alexandra Morgan Carrasco,United States Women's,69258,72,3,107.3,33.7,14.176741515595184,26.36232166713905,Right Foot,Open Play,Off T,0,0.07803275,0.11919448725420993,0.027480487674321992
Christen Annemarie Press,United States Women's,69258,72,9,113.8,32.6,9.654014708917737,29.62647622989058,Head,Open Play,Goal,1,0.045101807,0.08301478013070762,0.34994863682010924
Rosemary Kathleen Lavelle,United States Women's,69258,72,15,95.5,48.0,25.773047937719745,15.405304489554048,Left Foot,Open Play,Off T,0,0.031658042,0.03467174743468613,0.005448731085233521
Ellen White,England Women's,69258,72,18,113.4,37.9,6.926037828369112,54.41066076966125,Right Foot,Open Play,Goal,1,0.22070982,0.3862222370250997,0.8295293143781707
Rosemary Kathleen Lavelle,United States Women's,69258,72,21,95.4,42.8,24.75883680627989,16.715958928524795,Right Foot,Open Play,Blocked,0,0.037253913,0.030448521900272925,0.03217138620342102
Rosemary Kathleen Lavelle,United States Women's,69258,72,24,102.6,40.9,17.423260314877933,23.69840139276424,Left Foot,Open Play,Saved,0,0.08678428,0.10368586285654621,0.29047073492276804
Alexandra Morgan Carrasco,United States Women's,69258,72,30,111.6,40.3,8.405355435673146,47.04193875113857,Head,Open Play,Goal,1,0.20292331,0.13910303963970808,0.416027257497555
Keira Walsh,England Women's,69258,72,32,92.3,26.7,30.727512102348932,12.289432886792337,Right Foot,Open Play,Saved,0,0.020896286,0.013934830499630516,0.06797082135229081
Julie Beth Ertz,United States Women's,69258,72,34,100.5,51.5,22.638462845343543,15.960120049106953,Left Foot,Open Play,Off T,0,0.05846538,0.04966927040512458,0.009593448376377732
Lindsey Michelle Heaps,United States Women's,69258,72,40,111.0,34.0,10.816653826391969,32.451478180083946,Head,Open Play,Off T,0,0.11183511,0.0526155411822037,0.000982637046600454
Jill Scott,England Women's,69258,72,44,111.6,39.9,8.400595217006954,47.08189193986786,Head,Open Play,Off T,0,0.07875575,0.1392884590257949,3.1039515335168865e-05
Ellen White,England Women's,69258,72,49,118.0,36.5,4.031128874149275,78.96729911696974,Right Foot,Open Play,Saved,0,0.23811977,0.61877581967774,0.7928265989866841
Julie Beth Ertz,United States Women's,69258,72,53,102.8,59.7,26.152055368555647,10.634413775144482,Right Foot,Open Play,Off T,0,0.008623974,0.014793464118997832,0.0028702875834418135
Christen Annemarie Press,United States Women's,69258,72,58,102.9,49.2,19.417775361765823,18.99376668174198,Left Foot,Open Play,Off T,0,0.0978942,0.07554979926063794,0.002121955518030183
Stephanie Houghton,England Women's,69258,72,83,108.1,40.1,11.900420160649796,34.18984690946256,Right Foot,Penalty,Saved,0,0.7835,0.76,0.76
Francesca Kirby,England Women's,69258,72,85,105.6,46.3,15.717824276915687,24.281460095510933,Right Foot,Open Play,Blocked,0,0.06147892,0.09711422078383586,0.0006289209576910384
Jade Moore,England Women's,69258,72,95,78.1,52.2,43.640004582951185,9.212518273055098,Right Foot,Open Play,Off T,0,0.0054684523,0.002945958877629968,5.7844688177334316e-06
Amandine Henry,France Women's,22948,72,0,118.8,47.4,7.496665925596524,11.596812708262842,Right Foot,Open Play,Off T,0,0.05725933,0.16806743971085777,0.0022358974424019546
Karina Sævik,Norway Women's,22948,72,10,109.2,40.2,10.801851693112619,37.431184947286,Left Foot,Open Play,Off T,0,0.13307151,0.25912975792688325,0.0030240378915488003
Ingrid Syrstad Engen,Norway Women's,22948,72,14,116.0,49.1,9.94032192637643,18.92168089802385,Head,Open Play,Blocked,0,0.06517772,0.04196844162980193,0.11511528016463904
Eugénie Le Sommer,France Women's,22948,72,16,100.1,35.3,20.447493733951852,19.79566981041678,Right Foot,Open Play,Blocked,0,0.052660838,0.05280323828297103,0.04370163196767234
Kadidiatou Diani,France Women's,22948,72,18,95.2,49.4,26.521689237301608,14.74013762082687,Right Foot,Open Play,Off T,0,0.03203238,0.02381454792339465,0.00020190948961982237
Eugénie Le Sommer,France Women's,22948,72,22,111.4,22.9,19.14079413190581,10.112221478151787,Right Foot,Open Play,Blocked,0,0.013412345,0.048409365718442475,1.3690034524969827e-05
Valérie Gauvin,France Women's,22948,72,23,113.0,41.3,7.119691004531025,53.951462952538094,Right Foot,Open Play,Saved,0,0.12900324,0.3782416410965616,0.31001764622080275
Eugénie Le Sommer,France Women's,22948,72,25,98.9,31.3,22.823233776132597,16.926907480544326,Right Foot,Open Play,Blocked,0,0.036800556,0.03796260663319914,0.00011550671983496289
Valérie Gauvin,France Women's,22948,72,25,111.6,41.2,8.485281374238577,46.37549394024582,Head,Open Play,Saved,0,0.24411248,0.13603347528203524,0.3746704721248756
Karina Sævik,Norway Women's,22948,72,33,102.1,33.8,18.943336559328724,20.771322708860197,Left Foot,Open Play,Off T,0,0.07674137,0.08277029368698975,0.013178043764989416
Ingrid Moe Wold,Norway Women's,22948,72,40,110.6,54.6,17.364331256918597,13.431437699794959,Right Foot,Open Play,Saved,0,0.031324092,0.06352278058785835,0.31460056041049383
Elise Bussaglia,France Women's,22948,72,44,97.9,30.3,24.135036772294335,15.86817994535745,Right Foot,Open Play,Blocked,0,0.037138984,0.03198126152900351,0.05219186346089057
Amel Majri,France Women's,22948,72,44,110.5,20.2,21.961101975993827,8.435836414410806,Right Foot,Open Play,Blocked,0,0.00877935,0.03404669239286642,0.00012967171613764895
Valérie Gauvin,France Women's,22948,72,45,113.0,39.2,7.045565981523414,54.726480599442894,Left Foot,Open Play,Goal,1,0.31648102,0.4538333103186346,0.38970367896817465
Valérie Gauvin,France Women's,22948,72,52,114.7,41.5,5.508175741568162,66.40639401865876,Head,Open Play,Off T,0,0.1735191,0.2680116205727847,0.00730940616621007
Valérie Gauvin,France Women's,22948,72,56,101.4,41.9,18.69679116854012,22.048147763661547,Left Foot,Open Play,Saved,0,0.12720454,0.08746777051830465,0.10693696878731417
Valérie Gauvin,France Women's,22948,72,59,113.9,27.6,13.81918955655504,14.114686957005686,Left Foot,Open Play,Saved Off Target,0,0.060278315,0.12119350577548231,0.004345451412985899
Amel Majri,France Women's,22948,72,62,94.3,40.7,25.709531306501876,16.19864069278896,Left Foot,Open Play,Blocked,0,0.026071629,0.03559217194431806,0.03536751390416228
Marion Torrent,France Women's,22948,72,67,107.6,57.8,21.693316943243143,11.228829056450582,Right Foot,Open Play,Blocked,0,0.011556395,0.03751805910883509,5.340851017316173e-06
Eugénie Le Sommer,France Women's,22948,72,71,108.1,40.1,11.900420160649796,34.18984690946256,Right Foot,Penalty,Goal,1,0.7835,0.76,0.76
Janine Elizabeth Sonis,Canada Women's,22966,72,1,88.4,24.3,35.28526604689271,10.636587526361323,Right Foot,Open Play,Off T,0,0.0062741884,0.005214016310834902,0.0024067190516157216
Janine Elizabeth Sonis,Canada Women's,22966,72,8,112.4,34.1,9.621330469326988,35.09384752009403,Head,Open Play,Saved,0,0.10744571,0.0943523313997971,0.3542052864704131
Janine Elizabeth Sonis,Canada Women's,22966,72,10,89.2,21.2,36.08434563630051,9.923494475843533,Right Foot,Open Play,Saved,0,0.007063715,0.00713320381125522,0.021269968316874936
Nichelle Patrice Prince,Canada Women's,22966,72,13,98.4,30.0,23.80252087489894,15.951622907811469,Right Foot,Open Play,Blocked,0,0.038515076,0.03325614573684962,0.0001321250627231331
Christine Margaret Sinclair,Canada Women's,22966,72,17,118.0,43.0,3.605551275463989,91.54786174730143,Head,Open Play,Post,0,0.26450944,0.4608567219797382,0.017503970053713604
Kadeisha Buchanan,Canada Women's,22966,72,17,116.6,36.6,4.808326112068526,68.6580975216746,Head,Open Play,Blocked,0,0.24377348,0.29571564576265463,0.4267136610423391
Sophie Schmidt,Canada Women's,22966,72,20,112.1,29.9,12.822636234409838,20.952093604363952,Head,Open Play,Wayward,0,0.07303297,0.04814869869738208,8.967038100460712e-09
Janine Elizabeth Sonis,Canada Women's,22966,72,28,91.8,24.8,32.03560519172379,11.519028661546018,Right Foot,Open Play,Off T,0,0.013129152,0.011781835117397785,0.000991485507430405
Christine Margaret Sinclair,Canada Women's,22966,72,31,108.3,29.0,16.058953888718907,19.304859172831225,Left Foot,Open Play,Blocked,0,0.044334035,0.10817315196445836,0.00016260760883652516
Ashley Elizabeth Marie Lawrence,Canada Women's,22966,72,31,90.6,49.1,30.77612711177286,12.97839701183496,Left Foot,Open Play,Off T,0,0.022856664,0.01863681522023628,1.348150100005071e-05
Olivia Chance,New Zealand Women's,22966,72,37,112.6,28.0,14.09822683886169,16.289650562530444,Right Foot,Open Play,Wayward,0,0.044452753,0.09596694660972173,1.8441382816836434e-09
Christine Margaret Sinclair,Canada Women's,22966,72,45,105.0,38.8,15.047923444781343,27.265923218665307,Head,Open Play,Off T,0,0.045973614,0.029086138786775444,1.434380779859095e-05
Janine Elizabeth Sonis,Canada Women's,22966,72,45,96.5,20.3,30.664963720832933,10.513206719309641,Right Foot,Open Play,Off T,0,0.010787228,0.00882073111622364,0.0009301286190659395
Jessie Alexandra Fleming,Canada Women's,22966,72,47,111.5,36.3,9.270382947861433,40.61908556182517,Right Foot,Open Play,Goal,1,0.1866327,0.25384601997432404,0.4558687126459522
Christine Margaret Sinclair,Canada Women's,22966,72,49,109.4,39.5,10.611785900591846,38.02767908969298,Left Foot,Open Play,Off T,0,0.17712873,0.266260462894525,0.01314977533256377
Nichelle Patrice Prince,Canada Women's,22966,72,57,113.8,44.9,7.902531240052141,42.774288450681226,Right Foot,Open Play,Off T,0,0.39569494,0.29594522444506677,0.0011700657558377466
Ashley Elizabeth Marie Lawrence,Canada Women's,22966,72,60,101.8,25.4,23.332380932943817,14.084258120481262,Left Foot,Open Play,Blocked,0,0.030890696,0.04401154124765417,1.552291369981682e-05
Ashley Elizabeth Marie Lawrence,Canada Women's,22966,72,63,100.7,29.6,21.92373143422442,16.822875171901803,Right Foot,Open Play,Blocked,0,0.045937974,0.041830914592691594,0.00012277349272525771
Nichelle Patrice Prince,Canada Women's,22966,72,65,99.7,28.2,23.480417372781087,15.44198515429043,Right Foot,Open Play,Saved,0,0.039702266,0.03404893287703989,0.0830323766521555
Desiree Rose Marie Scott,Canada Women's,22966,72,70,91.3,53.0,31.506983352901308,12.107913187496207,Right Foot,Open Play,Blocked,0,0.018642347,0.012695886053203832,8.113932215654867e-05
Nichelle Patrice Prince,Canada Women's,22966,72,71,108.8,39.0,11.24455423749648,35.95101768597008,Head,Open Play,Saved,0,0.10671345,0.054551506845564764,0.18110621732785206
Abby Erceg,New Zealand Women's,22966,72,75,104.5,40.5,15.508062419270823,26.546439371443093,Head,Open Play,Off T,0,0.041340806,0.02714629237624436,0.00012851606120377841
Janine Elizabeth Sonis,Canada Women's,22966,72,78,116.2,37.1,4.7801673610868445,71.22757993852888,Head,Open Play,Post,0,0.20219558,0.22695977400702858,0.6139091032288949
Nichelle Patrice Prince,Canada Women's,22966,72,78,117.1,41.5,3.2649655434629063,97.34309570384616,Left Foot,Open Play,Goal,1,0.66187865,0.7885116251276797,0.803247633010025
Jun Endo,Japan Women's,22961,72,0,110.5,38.5,9.617692030835672,41.31842601765928,Head,Open Play,Wayward,0,0.08558794,0.0737247839342942,0.09664992079934216
Emi Nakajima,Japan Women's,22961,72,6,104.5,50.1,18.500270268296084,19.034711797312927,Left Foot,Open Play,Off T,0,0.049534563,0.08335247574981391,0.0009747740707538918
Hayley Lauder,Scotland W,22961,72,10,92.5,26.0,30.858548248418945,12.101578627460638,Right Foot,Open Play,Saved,0,0.014523979,0.013665394768478289,0.02574313810463067
Mana Iwabuchi,Japan Women's,22961,72,16,115.0,21.9,18.77791255704425,6.158182870850808,Right Foot,Open Play,Saved,0,0.009164746,0.030450256130698423,0.11590826517534242
Mana Iwabuchi,Japan Women's,22961,72,22,99.8,36.7,20.467779557147868,20.032623479720574,Right Foot,Open Play,Goal,1,0.061101235,0.05298289519511837,0.13676448442389544
Mana Iwabuchi,Japan Women's,22961,72,26,109.5,35.8,11.30884609498246,33.87343065219097,Right Foot,Open Play,Blocked,0,0.08739733,0.18515883492833873,0.30938383387676904
Jun Endo,Japan Women's,22961,72,26,105.0,34.3,16.0464949443796,24.219452683510802,Left Foot,Open Play,Blocked,0,0.06560003,0.12076225697119775,0.0012236417594034621
Saki Kumagai,Japan Women's,22961,72,30,114.0,32.8,9.372299611087987,30.539351112712037,Head,Open Play,Blocked,0,0.32770455,0.08732181139622329,0.1296129031920563
Yuika Sugasawa,Japan Women's,22961,72,31,118.8,33.8,6.31506136153878,18.348976517428788,Right Foot,Open Play,Off T,0,0.078044154,0.21510937417330817,0.005313507512625229
Yuika Sugasawa,Japan Women's,22961,72,36,108.1,40.1,11.900420160649796,34.18984690946256,Right Foot,Penalty,Goal,1,0.7835,0.76,0.76
Erin Cuthbert,Scotland W,22961,72,41,97.5,25.8,26.60620228442985,13.341285183144034,Right Foot,Open Play,Off T,0,0.02555909,0.022796923378818036,0.000857775218150411
Emi Nakajima,Japan Women's,22961,72,42,89.6,52.7,32.946168214224855,11.726451537086607,Left Foot,Open Play,Off T,0,0.01542653,0.014130443458497321,0.0031299724125882942
Hina Sugita,Japan Women's,22961,72,45,113.3,35.7,7.961155694998058,44.45592040770952,Left Foot,Open Play,Post,0,0.2916425,0.3664469390906543,0.03220082174916703
Risa Shimizu,Japan Women's,22961,72,45,101.5,35.4,19.063315556324405,21.151372719126705,Left Foot,Open Play,Off T,0,0.05469095,0.08244250889856647,0.009377604619592115
Caroline Weir,Scotland W,22961,72,50,92.8,50.3,29.084875794818174,13.449896633640213,Left Foot,Open Play,Saved,0,0.025626507,0.022818391614560774,0.018622216213488415
Hina Sugita,Japan Women's,22961,72,53,95.4,33.9,25.34501923455573,15.976133512455664,Left Foot,Open Play,Blocked,0,0.039526135,0.036864574905679195,0.0004264199281232287
Saki Kumagai,Japan Women's,22961,72,55,113.6,39.5,6.419501538281619,59.30172424836743,Right Foot,Open Play,Wayward,0,0.12613976,0.4298261307549063,0.00032171018144940743
Emi Nakajima,Japan Women's,22961,72,57,100.7,51.4,22.415396494374125,16.112728108821937,Left Foot,Open Play,Saved,0,0.032385085,0.05108149037201326,0.0728421329292574
Lisa Evans,Scotland W,22961,72,65,98.0,34.6,22.653035116734358,17.860593067980453,Right Foot,Open Play,Off T,0,0.043525726,0.039563017799398595,0.005738732500263689
Aya Sameshima,Japan Women's,22961,72,66,96.8,17.8,32.11043444115947,9.473821660426436,Right Foot,Open Play,Saved,0,0.008001037,0.011106004647396502,0.0001527817417769799
Jennifer Patricia Beattie,Scotland W,22961,72,74,112.1,34.9,9.403190947758112,37.624648744861744,Head,Open Play,Wayward,0,0.07219795,0.06923750982947027,3.0961212574271763e-06
Erin Cuthbert,Scotland W,22961,72,75,109.7,51.6,15.512897859523216,18.35425221529677,Right Foot,Open Play,Blocked,0,0.064988635,0.08672622173163154,0.00013683698150601388
Erin Cuthbert,Scotland W,22961,72,77,119.6,31.7,8.309632964216894,3.011577138341293,Right Foot,Open Play,Post,0,0.0153220305,0.1292372593360038,0.506965702270043
Erin Cuthbert,Scotland W,22961,72,79,112.4,41.9,7.833900688673549,49.22707327158272,Head,Open Play,Wayward,0,0.089576304,0.15416892737410096,0.0004064240082484805
Risa Shimizu,Japan Women's,22961,72,82,86.7,41.0,33.31501163139524,12.53331791507605,Right Foot,Open Play,Off T,0,0.020799968,0.006849595585660416,0.000868348992112415
Lisa Evans,Scotland W,22961,72,82,91.8,40.4,28.202836736753984,14.78695417972849,Right Foot,Open Play,Saved,0,0.029108688,0.019725296925372032,0.07251354339367844
Fiona Brown,Scotland W,22961,72,85,99.5,34.7,21.174040710265956,19.034926657107956,Right Foot,Open Play,Blocked,0,0.04180215,0.04789402765434517,0.000540913031826479
Caroline Weir,Scotland W,22961,72,86,99.3,39.6,20.70386437358978,20.046742210331168,Left Foot,Open Play,Wayward,0,0.052668564,0.06746498828747703,0.0006687711090939474
Lana Clelland,Scotland W,22961,72,87,95.9,45.8,24.78810198462157,16.357186243980887,Left Foot,Open Play,Goal,1,0.054195017,0.0395728949063423,0.2766061714960757
Hina Sugita,Japan Women's,22961,72,91,104.1,34.0,16.99441084592226,22.90854419268585,Right Foot,Open Play,Saved,0,0.1373988,0.08232606109824589,0.1475970536030214
Elise Kellond-Knight,Australia Women's,22955,72,7,93.1,28.4,29.294538740181597,13.120769585498934,Left Foot,Open Play,Off T,0,0.022229781,0.02210719182382114,0.0007822536490079278
Samantha May Kerr,Australia Women's,22955,72,8,104.1,43.9,16.371316379570708,24.56498883938849,Head,Open Play,Off T,0,0.09283967,0.03547667516281716,4.362612940102093e-06
Marta Vieira da Silva Veiga,Brazil Women's,22955,72,26,108.4,40.0,11.599999999999994,35.022767819400265,Left Foot,Penalty,Goal,1,0.7835,0.76,0.76
Samantha May Kerr,Australia Women's,22955,72,36,113.2,35.2,8.32346081867392,41.69132036062108,Right Foot,Open Play,Saved,0,0.14876376,0.28044247262002103,0.5299030036554437
Cristiane Rozeira de Souza Silva,Brazil Women's,22955,72,37,112.8,40.5,7.217340230306456,53.714503973977884,Head,Open Play,Goal,1,0.17210981,0.12517808102667524,0.33521121174426743
Tameka Yallop,Australia Women's,22955,72,43,95.4,37.5,24.726706210087904,16.75791466429858,Right Foot,Open Play,Blocked,0,0.0411494,0.030589117273115723,0.038742521157178134
Emily Gielnik,Australia Women's,22955,72,44,106.8,57.7,22.080081521588642,11.51859599889314,Right Foot,Open Play,Saved,0,0.021552216,0.023956171251376113,0.11023741034081198
Caitlin Jade Foord,Australia Women's,22955,72,45,116.4,41.6,3.939543120718437,85.39099522350885,Right Foot,Open Play,Goal,1,0.4565889,0.6582513510302057,0.7475890515353105
Débora Cristiane de Oliveira,Brazil Women's,22955,72,48,108.4,22.1,21.33002578526336,10.884757046760408,Right Foot,Open Play,Off T,0,0.012806382,0.03873794950894016,0.000736160990646595
Tameka Yallop,Australia Women's,22955,72,50,104.7,28.9,18.902380802428034,18.03837155873258,Right Foot,Open Play,Off T,0,0.047613975,0.039999716139391385,0.006072334959116841
Monica Hickmann Alves,Brazil Women's,22955,72,56,110.9,37.3,9.492101980067424,40.97185735813299,Head,Open Play,Blocked,0,0.07511402,0.07412246547826636,0.0940208968577086
Chloe Logarzo,Australia Women's,22955,72,57,92.8,63.9,36.20842443410097,8.723078996892417,Right Foot,Open Play,Goal,1,0.006561622,0.006826131615809305,0.016115797571227653
Débora Cristiane de Oliveira,Brazil Women's,22955,72,58,109.3,31.2,13.853880322855401,23.687319370295587,Right Foot,Open Play,Blocked,0,0.13553059,0.11611452364454512,0.0006839782551486129
Andressa Alves da Silva,Brazil Women's,22955,72,59,98.5,56.3,26.980363229578654,12.4212025287649,Left Foot,Open Play,Saved,0,0.023443026,0.018604940519647273,0.03344555823032577
Ludmila da Silva,Brazil Women's,22955,72,59,93.0,41.2,27.0266535109325,15.40988244889073,Right Foot,Open Play,Off T,0,0.03742972,0.022869713674247456,1.8739316896936428e-05
Alanna Stephanie Kennedy,Australia Women's,22955,72,63,113.2,45.2,8.560373823613078,39.73340811081691,Head,Open Play,Blocked,0,0.06431766,0.07954038211877426,0.0008645894712779521
Luana Bertolucci Paixão,Brazil Women's,22955,72,64,113.5,41.7,6.718630812896331,56.289595591469244,Head,Open Play,Wayward,0,0.1051286,0.13914278875298217,0.001013953739554494
Samantha May Kerr,Australia Women's,22955,72,75,104.2,31.4,17.988885457415083,20.4473686305187,Right Foot,Open Play,Saved,0,0.08249546,0.06996049781488779,0.18545177125367202
Luana Bertolucci Paixão,Brazil Women's,22955,72,78,93.3,46.9,27.577164466275356,14.660158096733628,Left Foot,Open Play,Blocked,0,0.023655115,0.01837262539016461,0.00017221184288120312
Andressa Alves da Silva,Brazil Women's,22955,72,78,98.1,34.5,22.58007971642262,17.895231087567367,Left Foot,Open Play,Blocked,0,0.063903324,0.05233603491515421,0.0005392857527499617
Beatriz Zaneratto João,Brazil Women's,22955,72,91,109.3,44.5,11.607756027760063,32.84097271781661,Head,Open Play,Off T,0,0.080905356,0.04870109041078767,4.552205106101577e-05
Vivianne Miedema,Netherlands Women's,69188,72,4,110.0,47.7,12.621014222319856,26.64441998946988,Right Foot,Open Play,Blocked,0,0.11939124,0.14018717733248398,0.0008327577571983452
Danielle van de Donk,Netherlands Women's,69188,72,15,105.8,28.3,18.399184764548675,17.728843510914395,Right Foot,Open Play,Blocked,0,0.047886245,0.06282314808065302,9.420579448783302e-05
Lieke Martens,Netherlands Women's,69188,72,16,114.0,32.4,9.682974749528164,28.657074048625706,Right Foot,Open Play,Goal,1,0.096524954,0.19390707745504437,0.4459756627432009
Yuika Sugasawa,Japan Women's,69188,72,19,106.8,34.8,14.187318280774562,27.215565829799115,Right Foot,Open Play,Post,0,0.14277828,0.12132235340954979,0.002224244067497751
Shanice van de Sanden,Netherlands Women's,69188,72,39,97.8,50.5,24.55789078890938,15.40678211657238,Right Foot,Open Play,Blocked,0,0.03622167,0.03016718156574595,6.0990108615113056e-05
Yui Hasegawa,Japan Women's,69188,72,42,110.5,38.3,9.65090669315583,41.08960493153565,Right Foot,Open Play,Goal,1,0.32544473,0.17718245512599756,0.6076930709641053
Vivianne Miedema,Netherlands Women's,69188,72,43,107.3,43.6,13.200378782444089,30.025284094511466,Left Foot,Open Play,Saved,0,0.24304262,0.18063154512494847,0.4176869267756069
Sherida Spitse,Netherlands Women's,69188,72,48,86.9,35.8,33.36540124140574,12.42351836387992,Right Foot,Free Kick,Saved,0,0.027322782,0.025215554650205276,0.05576968066195845
Yuika Sugasawa,Japan Women's,69188,72,56,96.5,40.5,23.50531854708632,17.697090792919216,Right Foot,Open Play,Off T,0,0.057752118,0.035853447331677356,0.0026006113952524944
Shanice van de Sanden,Netherlands Women's,69188,72,61,105.6,43.1,14.729901561110317,27.374494175621745,Head,Open Play,Blocked,0,0.050426956,0.030218664252856017,0.0694073238887815
Emi Nakajima,Japan Women's,69188,72,63,92.7,56.3,31.795911686882008,11.327554950417202,Left Foot,Open Play,Saved,0,0.009242636,0.015943956543080454,0.03386691264770155
Yui Hasegawa,Japan Women's,69188,72,70,109.7,27.0,16.58583733189253,16.072063793361494,Right Foot,Open Play,Off T,0,0.059051383,0.07344142377031998,0.0005030072200408484
Desiree van Lunteren,Netherlands Women's,69188,72,74,101.2,43.0,19.03785702225962,21.517583520884674,Left Foot,Open Play,Blocked,0,0.055898737,0.08336167618557558,0.08490157110598537
Mana Iwabuchi,Japan Women's,69188,72,75,118.6,51.5,11.584903970253702,4.848469568865869,Right Foot,Open Play,Off T,0,0.015939446,0.09628020485269231,0.002673363194428216
Hina Sugita,Japan Women's,69188,72,78,110.1,50.9,14.724808997063429,19.607955769772357,Left Foot,Open Play,Post,0,0.099273995,0.12474909032721067,0.0035607380419484143
Yuka Momiki,Japan Women's,69188,72,79,104.1,40.1,15.900314462299171,25.925121957243007,Left Foot,Open Play,Saved,0,0.06232706,0.1272227578336623,0.36233397882155993
Yuika Sugasawa,Japan Women's,69188,72,80,113.3,44.5,8.070935509592431,43.46525476607932,Right Foot,Open Play,Saved,0,0.077770755,0.29550101792073213,0.3482792374756519
Narumi Miura,Japan Women's,69188,72,81,113.0,51.9,13.806158046321212,16.12676484104336,Right Foot,Open Play,Off T,0,0.12854138,0.09856473355047769,0.007721509390619751
Vivianne Miedema,Netherlands Women's,69188,72,82,101.5,31.3,20.44358089963693,18.507812210624596,Right Foot,Open Play,Blocked,0,0.041841302,0.05123775606058331,0.00013898332344905963
Mana Iwabuchi,Japan Women's,69188,72,84,99.5,31.9,22.042232191862965,17.620432602392928,Right Foot,Open Play,Off T,0,0.037685823,0.042083481107419184,0.00020004372193315118
Vivianne Miedema,Netherlands Women's,69188,72,87,108.2,40.8,11.82708755357801,34.3291081071323,Right Foot,Open Play,Blocked,0,0.122371666,0.17797731808607783,0.13814184751649164
Lieke Martens,Netherlands Women's,69188,72,89,108.2,40.1,11.800423721205943,34.4624668634519,Right Foot,Penalty,Goal,1,0.7835,0.76,0.76
Hina Sugita,Japan Women's,69188,72,91,103.6,47.1,17.870926109186403,21.422388488591743,Left Foot,Open Play,Blocked,0,0.05642488,0.09402762277932286,0.11682377115081835
Cristiana Girelli,Italy Women's,69191,72,0,65.8,46.8,54.62490274590885,7.607518848861183,Right Foot,Open Play,Wayward,0,0.008035453,0.0007997087298983274,1.283097185505334e-06
Valentina Giacinti,Italy Women's,69191,72,7,105.5,39.0,14.534441853748634,28.21155997651374,Head,Open Play,Off T,0,0.08847118,0.04743052509668228,4.9261185815024874e-05
Valentina Giacinti,Italy Women's,69191,72,12,98.3,19.4,29.920728600754366,10.210909279709156,Right Foot,Open Play,Off T,0,0.017502569,0.014509751693617274,0.0005161845300423774
Elisa Bartoli,Italy Women's,69191,72,14,108.4,36.5,12.116517651536677,32.47483798253319,Left Foot,Open Play,Saved,0,0.23303999,0.20983474366110275,0.39999530109017295
Valentina Giacinti,Italy Women's,69191,72,14,109.6,41.5,10.507616285342747,38.12156954568931,Left Foot,Open Play,Goal,1,0.32750195,0.19394353974029704,0.4367957218893009
Rui Zhang,China PR Women's,69191,72,24,101.0,53.5,23.30772404161333,14.707618004852632,Left Foot,Open Play,Blocked,0,0.029766718,0.04479337192134795,0.00011161803908215581
Yan Wang,China PR Women's,69191,72,27,93.8,29.5,28.225697511310507,13.757803910748155,Right Foot,Open Play,Saved,0,0.017197208,0.01918423730914954,0.07215069390736495
Valentina Bergamaschi,Italy Women's,69191,72,32,107.9,51.4,16.624379687675564,18.613960170214348,Right Foot,Open Play,Saved,0,0.08111514,0.05209722294907802,0.001386578953071742
Sara Gama,Italy Women's,69191,72,33,70.7,38.8,49.31460229992735,8.48664306417139,Right Foot,Open Play,Off T,0,0.005102391,0.001506448253467128,6.245561018144267e-05
Shanshan Liu,China PR Women's,69191,72,35,92.0,39.3,28.00874863323958,14.88526325995451,Right Foot,Open Play,Saved,0,0.020384768,0.020211099797969145,0.08809784458345143
Barbara Bonansea,Italy Women's,69191,72,37,97.8,15.8,32.840219244091536,8.674935089069795,Right Foot,Open Play,Blocked,0,0.0072448053,0.010019230622118855,3.231058416902089e-07
Rui Zhang,China PR Women's,69191,72,46,89.2,44.9,31.18733717392365,13.22631811619493,Right Foot,Open Play,Off T,0,0.019566298,0.01353431069668716,2.62504579531623e-05
Ying Li,China PR Women's,69191,72,47,110.8,58.6,20.75090359478353,9.169436666643016,Right Foot,Open Play,Blocked,0,0.00837528,0.03963613111807605,7.1406362532965835e-06
Yuping Lin,China PR Women's,69191,72,48,116.2,33.6,7.443117626371355,33.5131766911939,Head,Open Play,Saved,0,0.07266138,0.07760346559399582,0.3280007070832643
Aurora Galli,Italy Women's,69191,72,48,92.7,47.0,28.18315099487635,14.354312020939188,Right Foot,Open Play,Goal,1,0.038513537,0.019560689122561477,0.05634959268760953
Barbara Bonansea,Italy Women's,69191,72,55,92.5,30.2,29.194006234157037,13.493495196699717,Right Foot,Open Play,Blocked,0,0.026451651,0.01708205048125054,6.624739041000056e-05
Barbara Bonansea,Italy Women's,69191,72,59,90.3,35.1,30.101494979485654,13.687042276491104,Right Foot,Open Play,Blocked,0,0.023033524,0.015485524817229417,0.00020806541198485008
Ying Li,China PR Women's,69191,72,59,103.9,51.8,19.961212388028933,17.017560233710658,Left Foot,Open Play,Blocked,0,0.05067434,0.06808758885368528,0.0001211508990014387
Shuang Wang,China PR Women's,69191,72,60,95.1,49.5,26.65070355544109,14.657609698688702,Left Foot,Open Play,Off T,0,0.028323725,0.030876918810243837,0.0036109123812704774
Shuang Wang,China PR Women's,69191,72,64,102.5,45.3,18.284966502567073,21.758649841501075,Left Foot,Open Play,Saved,0,0.06930373,0.09073200444486051,0.11852718344336051
Yao Wei,China PR Women's,69191,72,66,99.8,21.9,27.122868579853424,11.570040152410964,Left Foot,Open Play,Blocked,0,0.01658484,0.02717276909362487,5.666392758583457e-05
Shuang Wang,China PR Women's,69191,72,66,102.9,30.2,19.709134937891104,18.456101335161677,Left Foot,Open Play,Blocked,0,0.035812683,0.0723306417582032,0.00016073615866175748
Yuping Lin,China PR Women's,69191,72,67,107.7,44.5,13.097327971765841,29.65406132808941,Head,Open Play,Off T,0,0.055393826,0.03829195435990241,0.0003207221993404942
Rui Zhang,China PR Women's,69191,72,70,101.6,56.7,24.848541204666326,12.569809391170137,Left Foot,Open Play,Blocked,0,0.028290128,0.03588509202340164,5.517884740436428e-05
Peng Han,China PR Women's,69191,72,74,99.1,53.8,25.04495957273639,13.994455690895546,Right Foot,Open Play,Saved,0,0.02541739,0.027603747720070345,0.04909662980909217
Duan Song,China PR Women's,69191,72,74,97.7,54.2,26.437284278079698,13.393567407376604,Left Foot,Open Play,Off T,0,0.026525352,0.030667931294309444,9.779847168401623e-05
Rui Zhang,China PR Women's,69191,72,81,106.0,41.6,14.09113196304683,28.962515648169113,Head,Open Play,Off T,0,0.07290543,0.05068876298714621,0.00028550070672806144
Li Yang,China PR Women's,69191,72,82,95.0,49.1,26.604698833100894,14.763575319250236,Right Foot,Open Play,Blocked,0,0.029832242,0.023606663805540187,7.522098360623031e-05
Shuang Wang,China PR Women's,69191,72,83,88.3,48.6,32.84585209733491,12.286517202330252,Left Foot,Open Play,Off T,0,0.02183039,0.014491020580638635,0.002327054917869418
Valentina Giacinti,Italy Women's,69191,72,89,103.1,20.9,25.50333311549689,10.989859490546849,Left Foot,Open Play,Off T,0,0.013456635,0.03211308958083978,0.0004012775454669348
Manuela Giugliano,Italy Women's,69191,72,90,94.1,9.7,39.861008517096,6.861682735029709,Right Foot,Open Play,Off T,0,0.0052841124,0.0042880300699592545,5.8630610957855114e-05
Ilaria Mauro,Italy Women's,69191,72,90,102.7,24.9,22.963013739489856,13.842994499810695,Left Foot,Open Play,Off T,0,0.045560267,0.03026538190123497,0.006394481946418462
Valentina Giacinti,Italy Women's,69191,72,92,110.2,27.1,16.200308639035242,16.068170682908537,Right Foot,Open Play,Saved,0,0.06948534,0.07651584206412082,0.22204349980445956
Shuang Wang,China PR Women's,69191,72,95,101.4,43.4,18.908199279677582,21.586110667389406,Left Foot,Open Play,Wayward,0,0.07545153,0.08464325159090057,0.1516599525719738
Christine Margaret Sinclair,Canada Women's,68344,72,4,99.3,26.7,24.604471138392714,14.357155946733652,Right Foot,Free Kick,Blocked,0,0.07396662,0.06934788273907092,0.00011768605601217406
Sophie Schmidt,Canada Women's,68344,72,23,97.9,52.9,25.58945095151515,14.155218180037199,Left Foot,Free Kick,Blocked,0,0.05480036,0.0808087723385645,0.00014029659983423785
Ashley Elizabeth Marie Lawrence,Canada Women's,68344,72,23,97.6,51.0,24.955159787106158,15.060453177997923,Right Foot,Open Play,Blocked,0,0.028724426,0.028614455794859973,4.7994984351082593e-05
Jessie Alexandra Fleming,Canada Women's,68344,72,24,96.6,45.4,24.014995315427406,16.912752258760296,Left Foot,Open Play,Off T,0,0.045972813,0.02898660383342211,0.004237501506811722
Jordyn Pamela Huitema,Canada Women's,68344,72,27,100.3,57.5,26.350332066218826,11.956907121962105,Right Foot,Open Play,Off T,0,0.028212985,0.022683069225578206,0.00013364301466993011
Danielle van de Donk,Netherlands Women's,68344,72,29,118.1,39.8,1.9104973174542859,125.01965936700141,Right Foot,Open Play,Blocked,0,0.43587655,0.8676249454670933,0.7181544644802001
Vivianne Miedema,Netherlands Women's,68344,72,31,99.0,51.0,23.706539182259394,15.652973376398505,Left Foot,Open Play,Wayward,0,0.058511145,0.04384773169038205,8.946208468051732e-10
Vivianne Miedema,Netherlands Women's,68344,72,32,113.3,49.7,11.788977903109332,21.33194831420923,Right Foot,Open Play,Post,0,0.18944763,0.13579468722503216,0.3898137118550875
Danielle van de Donk,Netherlands Women's,68344,72,33,107.5,30.2,15.883639381451596,20.957560348712516,Right Foot,Open Play,Off T,0,0.06742577,0.0885136614187873,0.004464826584484603
Shanice van de Sanden,Netherlands Women's,68344,72,36,88.6,46.5,32.0657137765558,12.761758868362524,Left Foot,Open Play,Off T,0,0.026749978,0.016018865896003192,0.0007016692006779855
Janine Elizabeth Sonis,Canada Women's,68344,72,42,92.8,41.4,27.236005580848307,15.2879319273069,Right Foot,Open Play,Saved,0,0.036578003,0.022270232128194473,0.03702112014971956
Janine Elizabeth Sonis,Canada Women's,68344,72,44,100.2,25.0,24.84028985338134,13.501238594726448,Right Foot,Open Play,Blocked,0,0.032211926,0.027907498071932102,3.904360672593085e-05
Anouk Dekker,Netherlands Women's,68344,72,53,114.5,40.0,5.5,67.28392049940044,Head,Open Play,Goal,1,0.14922693,0.19668983295738013,0.5383917692612084
Christine Margaret Sinclair,Canada Women's,68344,72,59,115.8,33.0,8.163332652783422,30.002688533657928,Left Foot,Open Play,Goal,1,0.12633239,0.28249070788553304,0.6212671437372855
Adriana Kristina Leon,Canada Women's,68344,72,70,111.6,37.4,8.79317917479225,43.88704881258925,Right Foot,Open Play,Off T,0,0.3005076,0.28059646839763347,0.0002189865981564122
Lineth Beerensteyn,Netherlands Women's,68344,72,74,116.8,38.8,3.417601498127016,94.18892759185641,Left Foot,Open Play,Goal,1,0.5781529,0.7719804782421303,0.6939808166088168
Janine Elizabeth Sonis,Canada Women's,68344,72,82,117.1,40.9,3.0364452901378,101.12814988349884,Head,Open Play,Off T,0,0.48945993,0.4311778697282497,0.00013366169948997428
Janine Elizabeth Sonis,Canada Women's,68344,72,83,95.3,53.3,28.05316381444346,13.15516117971332,Left Foot,Open Play,Off T,0,0.02314342,0.025442220401918327,0.00023670199880529677
Shanice van de Sanden,Netherlands Women's,68344,72,91,93.1,54.0,30.32507213511619,12.259030361470975,Right Foot,Open Play,Off T,0,0.027840292,0.014575772973541007,0.0005031485518577219
Janine Elizabeth Sonis,Canada Women's,68344,72,93,97.7,18.9,30.7001628660175,9.964698923715986,Right Foot,Open Play,Off T,0,0.008364982,0.013199349168074971,7.047815253433714e-05
Jill Scott,England Women's,22962,72,12,108.0,39.8,12.001666550941998,33.9152872439536,Head,Open Play,Saved,0,0.06340098,0.04784941982082149,0.13036450270096517
Stephanie Houghton,England Women's,22962,72,15,93.7,22.9,31.37036818400447,11.217683182824446,Right Foot,Free Kick,Off T,0,0.009741158,0.030620593921462613,0.002683594618806245
Jade Moore,England Women's,22962,72,23,98.7,41.7,21.367732682715776,19.382300914298977,Right Foot,Open Play,Blocked,0,0.03982628,0.04727597993232473,0.06035802979602689
Nikita Parris,England Women's,22962,72,27,108.0,40.1,12.000416659433121,33.9213803195501,Right Foot,Penalty,Saved to Post,0,0.7835,0.76,0.76
Jodie Taylor,England Women's,22962,72,27,113.7,47.0,9.417536832951596,31.48646223783291,Right Foot,Open Play,Off T,0,0.23383862,0.14820480975826567,0.002368165802629898
María Florencia Bonsegundo,Argentina Women's,22962,72,32,80.7,44.1,39.51328890386119,10.528228010256866,Right Foot,Open Play,Wayward,0,0.0069180937,0.0032007989590691404,0.008212168697264589
Jill Scott,England Women's,22962,72,37,93.8,42.3,26.300760445279906,15.787073149327666,Right Foot,Open Play,Off T,0,0.03424186,0.025044929710756676,0.0028233072163575796
Jill Scott,England Women's,22962,72,39,112.8,40.7,7.233947746562733,53.5453427217732,Right Foot,Open Play,Wayward,0,0.096376166,0.3727728620665704,0.5206839616520912
Bethany Mead,England Women's,22962,72,40,105.1,33.0,16.462381358722077,22.94667952636916,Left Foot,Open Play,Saved,0,0.30359393,0.07654509501179994,0.09620743353294031
Nikita Parris,England Women's,22962,72,40,109.7,53.6,17.06018757223964,15.192114767741993,Right Foot,Open Play,Blocked,0,0.05799159,0.06839201767225313,4.060052664244707e-05
Jodie Taylor,England Women's,22962,72,45,114.7,44.0,6.640030120413609,51.649858883878345,Right Foot,Open Play,Blocked,0,0.14805737,0.3777093051199144,0.6017427897545805
Jade Moore,England Women's,22962,72,50,114.8,45.5,7.5690157880665065,40.93091742159551,Head,Open Play,Blocked,0,0.09937351,0.09075764734580173,0.0011499062845911454
Nikita Parris,England Women's,22962,72,50,106.2,40.1,13.800362314084362,29.7063365254516,Left Foot,Open Play,Saved,0,0.07186628,0.1176936267416602,0.23719630615286139
Jodie Taylor,England Women's,22962,72,55,113.5,40.3,6.506919393998976,58.68654462316062,Head,Open Play,Saved,0,0.22438326,0.21201165601730657,0.27162957643556707
Jodie Taylor,England Women's,22962,72,60,115.5,40.6,4.539823785126467,77.64634732768842,Right Foot,Open Play,Goal,1,0.73672706,0.5969336646392727,0.6371081357662883
Jill Scott,England Women's,22962,72,64,111.6,41.6,8.551023330572786,45.833575668487555,Head,Open Play,Off T,0,0.07665134,0.09153638231537933,0.005691492560147172
Jill Scott,England Women's,22962,72,71,113.3,45.3,8.542833253669418,39.45784219204439,Head,Open Play,Off T,0,0.15555821,0.11627208721620998,0.00794001957241794
Mariana Valeria Larroquette,Argentina Women's,22962,72,75,96.6,55.2,27.903404810166094,12.617438614582687,Right Foot,Open Play,Saved,0,0.02006475,0.019347339898039027,0.02725962746867409
Nikita Parris,England Women's,22962,72,85,105.0,34.0,16.15549442140351,23.914859193036488,Right Foot,Open Play,Wayward,0,0.11078969,0.062118859290844715,0.16140447339099326
Erin Cuthbert,Scotland W,68338,72,1,100.8,36.5,19.51640335717624,20.928777560818844,Right Foot,Open Play,Off T,0,0.09060522,0.06001323328947597,0.0005189745144351674
Estefanía Romina Banini Ruiz,Argentina Women's,68338,72,7,111.3,54.6,16.99558766268469,13.01783914886118,Right Foot,Open Play,Blocked,0,0.043504216,0.06546270703745882,2.6876448437568415e-05
Flavia Lorena Benítez,Argentina Women's,68338,72,14,73.2,31.3,47.60178568079143,8.647545423169626,Right Foot,Free Kick,Off T,0,0.004721707,0.0045419543836013,0.00018472980803596796
Mariana Valeria Larroquette,Argentina Women's,68338,72,16,117.0,45.2,6.003332407921457,44.1209352756706,Head,Open Play,Post,0,0.15384611,0.16534760330151702,0.006975939176441812
Florencia Soledad Jaimes,Argentina Women's,68338,72,16,109.1,44.8,11.910079764636343,31.84601616819593,Right Foot,Open Play,Saved,0,0.07211894,0.11639535139336211,0.29245388584994503
Erin Cuthbert,Scotland W,68338,72,18,107.4,29.8,16.21110730332755,20.294849045723637,Right Foot,Open Play,Saved,0,0.12981303,0.08422894808040518,0.0025654509367350866
Kim Little,Scotland W,68338,72,18,113.9,39.0,6.181423784210231,60.93781369338815,Right Foot,Open Play,Goal,1,0.5145449,0.4466492044288836,0.373279434720827
Flavia Lorena Benítez,Argentina Women's,68338,72,24,90.3,36.7,29.882770955853477,13.883356583853095,Right Foot,Open Play,Off T,0,0.021251587,0.015951415260029023,0.0005677965932640055
Claire Emslie,Scotland W,68338,72,28,107.6,43.1,12.781627439414754,31.183302883042213,Head,Open Play,Blocked,0,0.072910026,0.04113642544242566,0.09097565035523772
Erin Cuthbert,Scotland W,68338,72,36,108.7,49.3,14.634889818512468,22.389911227873345,Right Foot,Open Play,Blocked,0,0.06806814,0.10412622515926252,0.00026687618148391956
Caroline Weir,Scotland W,68338,72,45,91.0,36.3,29.235081665697464,14.16157636830695,Left Foot,Open Play,Off T,0,0.02984501,0.015040063065700587,0.0005373577706473921
Jennifer Patricia Beattie,Scotland W,68338,72,48,114.7,39.8,5.303772242470445,69.20363694409792,Head,Open Play,Goal,1,0.24513102,0.2867455886325205,0.42005202862028923
Rachel Corsie,Scotland W,68338,72,64,105.9,49.2,16.83597339033297,20.91633934931933,Left Foot,Open Play,Blocked,0,0.062578775,0.10351194080069674,0.0007763880980102307
Vanesa Santana,Argentina Women's,68338,72,65,87.7,50.7,34.02616640175616,11.673371414719922,Right Foot,Open Play,Off T,0,0.015340934,0.009425279473794273,2.7677206569131385e-06
Erin Cuthbert,Scotland W,68338,72,67,98.3,44.7,22.203152929257595,18.32547853555756,Left Foot,Open Play,Saved,0,0.12033481,0.0550901401910597,0.1331407015400886
Leanne Crichton,Scotland W,68338,72,68,107.2,42.3,13.00499903883118,31.03278651611357,Head,Open Play,Saved to Post,0,0.060434353,0.05991178547156279,0.21650274042427692
Erin Cuthbert,Scotland W,68338,72,68,115.7,43.8,5.738466694161425,58.17574351258942,Right Foot,Open Play,Goal,1,0.5308295,0.4422032391771078,0.5475159811301016
María Florencia Bonsegundo,Argentina Women's,68338,72,71,82.5,26.1,39.99324943037262,9.81890969989185,Right Foot,Open Play,Blocked,0,0.0073987436,0.004546067864770254,2.2312165647055605e-06
Milagros Menéndez,Argentina Women's,68338,72,73,108.0,33.7,13.55322839769182,27.285254623268084,Right Foot,Open Play,Goal,1,0.38680646,0.12952688512695146,0.10650804484719975
María Florencia Bonsegundo,Argentina Women's,68338,72,78,98.2,28.9,24.463237725207183,15.256550615600666,Right Foot,Open Play,Post,0,0.036997903,0.03037714474272885,0.0007926999944167013
Flavia Lorena Benítez,Argentina Women's,68338,72,82,83.1,42.5,36.98459138614351,11.278004356332586,Right Foot,Open Play,Saved,0,0.0066213175,0.006654923419251821,0.017051165819551933
María Florencia Bonsegundo,Argentina Women's,68338,72,93,108.0,40.1,12.000416659433121,33.9213803195501,Right Foot,Penalty,Goal,1,0.7835,0.76,0.76
Caroline Weir,Scotland W,22936,72,7,86.9,38.4,33.138648131750934,12.590753338110819,Left Foot,Open Play,Blocked,0,0.02031599,0.014122451757274916,0.011707923122533919
Ellen White,England Women's,22936,72,10,115.9,45.3,6.7007462271003755,43.61026568891354,Head,Open Play,Wayward,0,0.11654636,0.1528906336680389,2.7949968236107455e-08
Nikita Parris,England Women's,22936,72,13,108.0,39.9,12.000416659433121,33.9213803195501,Right Foot,Penalty,Goal,1,0.7835,0.76,0.76
Francesca Kirby,England Women's,22936,72,18,101.1,39.5,18.90661259982867,21.90501711204895,Right Foot,Open Play,Off T,0,0.06524296,0.06558231399094407,0.0007380433220047836
Ellen White,England Women's,22936,72,21,112.6,41.7,7.592759709091292,50.75172050381021,Right Foot,Open Play,Saved,0,0.1552873,0.347162477279201,0.47317775079930363
Claire Emslie,Scotland W,22936,72,28,113.1,54.8,16.329421300217593,11.278847478145366,Right Foot,Open Play,Saved,0,0.0146948015,0.06752936983174705,0.2750716927576073
Bethany Mead,England Women's,22936,72,32,110.1,28.4,15.250245899656838,18.29599338184875,Right Foot,Open Play,Saved,0,0.14806972,0.08903569221271727,0.1971240405914108
Ellen White,England Women's,22936,72,33,103.2,34.6,17.646529403823287,22.4242284495347,Left Foot,Open Play,Saved,0,0.118344344,0.09845484945213866,0.26541886771004747
Ellen White,England Women's,22936,72,39,104.9,37.1,15.375955254877656,26.363243673714482,Left Foot,Open Play,Goal,1,0.17604986,0.13536215837389826,0.451042738113401
Erin Cuthbert,Scotland W,22936,72,41,102.7,49.4,19.68882932020083,18.694213602470885,Right Foot,Open Play,Off T,0,0.070657715,0.03724435259339768,0.0005108368602180556
Stephanie Houghton,England Women's,22936,72,44,112.2,40.8,7.84091831356506,49.89700354850824,Head,Open Play,Off T,0,0.08743972,0.10797538416113785,0.00011767228765423605
Keira Walsh,England Women's,22936,72,46,90.9,44.4,29.430766214966265,14.024759363339536,Right Foot,Open Play,Off T,0,0.022964919,0.016848514313544626,0.0006701972864807591
Nikita Parris,England Women's,22936,72,49,91.4,40.5,28.60437029546359,14.580901415286904,Right Foot,Open Play,Off T,0,0.03110568,0.018755076376879624,0.001489444600927461
Ellen White,England Women's,22936,72,55,114.6,47.1,8.920201791439478,30.851168053262164,Head,Open Play,Off T,0,0.12927517,0.0922149987168408,0.008979404559802426
Claire Emslie,Scotland W,22936,72,56,110.6,57.0,19.42575609854093,10.705504035846554,Right Foot,Open Play,Saved,0,0.015391045,0.04758653116190882,0.12074829455389
Jennifer Patricia Beattie,Scotland W,22936,72,67,114.1,44.2,7.242237223399969,47.87733217637116,Head,Open Play,Wayward,0,0.12626591,0.10977031569279988,0.0005765412761627016
Rachel Corsie,Scotland W,22936,72,67,106.4,52.8,18.676188047885997,16.531512561733933,Right Foot,Open Play,Blocked,0,0.04354171,0.05927814690294225,4.5286193188512076e-05
Claire Emslie,Scotland W,22936,72,67,93.3,57.3,31.814776441144453,11.071841347682707,Left Foot,Open Play,Blocked,0,0.008232301,0.010390377732361981,1.3063887644065555e-05
Ellen White,England Women's,22936,72,69,114.1,38.7,6.041522986797291,61.854435895052056,Right Foot,Open Play,Saved,0,0.39938357,0.45631693945634827,0.6075682385729422
Claire Emslie,Scotland W,22936,72,76,112.3,60.6,21.992044015961774,6.834782575900536,Left Foot,Open Play,Off T,0,0.008435163,0.04289851966607474,0.0075530764747055255
Claire Emslie,Scotland W,22936,72,78,112.7,45.0,8.848163651289456,39.46906786023936,Right Foot,Open Play,Goal,1,0.17180039,0.25763502809983957,0.6623815542123876
Alex Greenwood,England Women's,22936,72,82,92.2,19.7,34.42281220353735,9.853980917683089,Left Foot,Open Play,Blocked,0,0.0069841803,0.011405551153125124,7.767002323506113e-05
Karen Julia Carney,England Women's,22936,72,85,103.6,56.4,23.193102422918763,12.891268454635835,Right Foot,Open Play,Blocked,0,0.029955717,0.033054835344611073,1.8792923306630918e-05
Georgia Stanway,England Women's,22936,72,91,89.6,42.3,30.486882425069314,13.653823800912573,Right Foot,Open Play,Off T,0,0.027468272,0.014810643992630223,0.00019899010966366074
Sara Däbritz,Germany Women's,22926,72,2,91.8,45.4,28.71236667361296,14.28020110725539,Left Foot,Open Play,Off T,0,0.032082945,0.024282509725360224,0.00041952740985849263
Li Yang,China PR Women's,22926,72,13,110.3,50.1,14.003570973148245,21.23750777328796,Right Foot,Open Play,Blocked,0,0.11395286,0.10829751438286815,0.00024080164652680913
Shanshan Wang,China PR Women's,22926,72,14,117.3,49.6,9.972462083156799,12.934733442207547,Right Foot,Open Play,Blocked,0,0.027352465,0.13572481913423956,0.0003869041023303102
Svenja Huth,Germany Women's,22926,72,15,100.3,24.6,25.004999500099974,13.26165888500403,Right Foot,Open Play,Off T,0,0.02904595,0.02723797056901773,8.408795810777421e-05
Svenja Huth,Germany Women's,22926,72,16,110.0,36.5,10.594810050208546,36.519317781755305,Head,Open Play,Saved,0,0.089266084,0.08801106652365724,0.17547700467481694
Kathrin Julia Hendrich,Germany Women's,22926,72,18,113.1,32.9,9.900505037623086,30.830828440352835,Right Foot,Open Play,Blocked,0,0.10995831,0.19852437337014942,0.0012741112227402517
Alexandra Popp,Germany Women's,22926,72,19,116.0,43.8,5.517245689653486,59.79556680673317,Head,Open Play,Off T,0,0.240276,0.23666360001026285,0.008478990587636489
Svenja Huth,Germany Women's,22926,72,26,101.2,30.2,21.200943375236864,17.514234105706123,Right Foot,Open Play,Off T,0,0.03719417,0.04605343508212814,0.0010466531223993123
Li Yang,China PR Women's,22926,72,43,102.1,37.5,18.073737853581925,22.69792389411298,Right Foot,Open Play,Post,0,0.2280202,0.0730464241759538,0.289219679637545
Rui Zhang,China PR Women's,22926,72,43,112.8,43.0,7.8000000000000025,48.00630145878126,Head,Open Play,Saved,0,0.14952792,0.15073028916570302,0.24291819936022496
Melanie Leupolz,Germany Women's,22926,72,45,93.0,44.4,27.356169322476422,15.051402781445303,Right Foot,Open Play,Off T,0,0.027196355,0.02184396867902542,0.0012561198761306535
Alexandra Popp,Germany Women's,22926,72,46,92.8,51.8,29.649283296565535,12.952550034111002,Left Foot,Open Play,Wayward,0,0.018226726,0.02115316424214603,2.936475044578384e-07
Sara Däbritz,Germany Women's,22926,72,55,103.2,44.4,17.366634676873925,23.10780507929257,Left Foot,Open Play,Blocked,0,0.06305984,0.10292259097511144,0.2632261203594848
Marina Hegering,Germany Women's,22926,72,59,107.9,39.8,12.10165277968261,33.65101582107711,Left Foot,Open Play,Blocked,0,0.07962245,0.21504101574781118,0.20438950811997758
Alexandra Popp,Germany Women's,22926,72,59,111.7,30.1,12.918978287774925,21.593323181971527,Right Foot,Open Play,Blocked,0,0.07442722,0.121921399182691,0.0004301406955952732
Sara Däbritz,Germany Women's,22926,72,60,100.0,51.7,23.170886905770356,15.62413548023996,Left Foot,Open Play,Blocked,0,0.025132447,0.04647800024689626,5.235857571364162e-05
Giulia Gwinn,Germany Women's,22926,72,65,100.6,36.8,19.66214637317097,20.83231962135597,Right Foot,Open Play,Goal,1,0.053383652,0.05893879891386332,0.26490024873703716
Svenja Huth,Germany Women's,22926,72,72,106.4,23.3,21.537177159507227,12.462249050716846,Right Foot,Open Play,Off T,0,0.021537183,0.039321767583955364,0.003942247269056409
Sara Däbritz,Germany Women's,22926,72,75,102.8,55.0,22.821919288263206,13.934488676460441,Left Foot,Open Play,Saved,0,0.028239496,0.0463882806480796,0.10497216516122779
Giulia Gwinn,Germany Women's,22926,72,78,107.2,25.4,19.4164878389476,14.449993959101915,Left Foot,Open Play,Saved,0,0.053751677,0.06799784147613538,0.3795824488684959
Rui Zhang,China PR Women's,22926,72,82,98.2,34.4,22.507776433935003,17.928957775781033,Right Foot,Open Play,Off T,0,0.037371,0.026692848635187262,0.0010895167235966201
Karen Araya,Chile Women's,22944,72,15,78.0,51.3,43.49356274208863,9.295766513676275,Right Foot,Open Play,Saved,0,0.0065328926,0.0030021723013543052,0.031931900254594345
Kosovare Asllani,Sweden Women's,22944,72,17,108.4,41.9,11.754573577973803,34.23623530078277,Left Foot,Open Play,Wayward,0,0.1452307,0.2244060588825517,4.850476258659806e-06
Linda Brigitta Sembrant,Sweden Women's,22944,72,24,112.8,43.7,8.095060222135476,45.31129199695888,Head,Open Play,Blocked,0,0.08083631,0.09487367859856853,0.15659464192647324
Nilla Fischer,Sweden Women's,22944,72,24,117.7,41.8,2.9206163733020425,106.11928131621542,Head,Open Play,Saved,0,0.28774184,0.465327411306318,0.6489849612622633
Elin Ingrid Johanna Rubensson,Sweden Women's,22944,72,29,111.0,40.7,9.027181176868005,44.05307116719502,Head,Open Play,Saved,0,0.09976477,0.08360006415255053,0.10406509280043823
Elin Ingrid Johanna Rubensson,Sweden Women's,22944,72,33,108.4,44.8,12.553883861180166,30.490889391502666,Head,Open Play,Saved,0,0.05504167,0.04149031862641626,0.17412979702083858
Emma Stina Blackstenius,Sweden Women's,22944,72,35,109.5,37.8,10.72800074571213,37.081763131870495,Right Foot,Open Play,Off T,0,0.2852719,0.20839511904600386,0.012173889429293153
Eva Sofia Jakobsson,Sweden Women's,22944,72,38,103.4,57.4,24.048284762119724,12.139042563186228,Left Foot,Open Play,Off T,0,0.024541784,0.02571342931825887,1.3217767541575563e-06
María José Urrutia Sánchez,Chile Women's,22944,72,39,104.4,57.0,23.072927859289983,12.40950696298299,Right Foot,Open Play,Off T,0,0.048718303,0.033112574243289616,0.0005272359333359307
Emma Stina Blackstenius,Sweden Women's,22944,72,42,114.1,39.3,5.941380311005185,63.106460655112066,Head,Open Play,Off T,0,0.2737454,0.2428417784993746,0.014531908246997178
Sara Caroline Seger,Sweden Women's,22944,72,44,107.4,37.4,12.865457628860307,31.228151337363414,Left Foot,Open Play,Blocked,0,0.078205705,0.19101893234729198,0.2133856462762738
Eva Sofia Jakobsson,Sweden Women's,22944,72,44,109.0,48.0,13.601470508735444,25.136849549459175,Left Foot,Open Play,Off T,0,0.07872005,0.15702712994638401,0.019240818902689895
Karen Araya,Chile Women's,22944,72,45,77.9,42.2,42.15744299646267,9.910406294474766,Right Foot,Open Play,Off T,0,0.0055017998,0.0035542053476472725,0.0002664747555291609
Fridolina Rolfö,Sweden Women's,22944,72,49,111.4,24.8,17.46424919657298,12.182147032495001,Left Foot,Open Play,Blocked,0,0.04359571,0.07946994524581387,0.0002286176244620325
Elin Ingrid Johanna Rubensson,Sweden Women's,22944,72,50,103.1,27.3,21.140009460735826,15.927016262775672,Right Foot,Open Play,Off T,0,0.036529336,0.044639677098911944,0.00035027937581340166
Francisca Alejandra Lara Lara,Chile Women's,22944,72,52,82.5,42.3,37.57046712512369,11.107693673049765,Left Foot,Open Play,Off T,0,0.007652248,0.008214597157048911,0.0010705274659362509
Fridolina Rolfö,Sweden Women's,22944,72,55,100.2,35.4,20.327321515635056,19.926455274891726,Left Foot,Open Play,Blocked,0,0.041018434,0.07005073834706747,0.00047767483062848405
Sara Caroline Seger,Sweden Women's,22944,72,60,113.5,37.0,7.158910531638177,51.49442528658183,Head,Open Play,Off T,0,0.09434663,0.17253110168886207,0.00010762076752592108
Emma Stina Blackstenius,Sweden Women's,22944,72,60,106.0,54.0,19.79898987322333,15.145792654765689,Right Foot,Open Play,Off T,0,0.070764184,0.05076496304865566,0.002823982508491703
Fridolina Rolfö,Sweden Women's,22944,72,62,100.4,60.1,28.074365531566333,10.491138050940178,Left Foot,Open Play,Blocked,0,0.0090222275,0.023785147884141558,2.5471280808207956e-06
Sara Caroline Seger,Sweden Women's,22944,72,69,91.6,44.3,28.723683607782625,14.366257665938623,Right Foot,Open Play,Blocked,0,0.021273503,0.01840648210510199,0.028795009643439378
Magdalena Lilly Eriksson,Sweden Women's,22944,72,69,95.1,41.6,24.95135266874324,16.657443697173637,Right Foot,Open Play,Off T,0,0.038991764,0.029758050988445334,0.0018318222952272186
Eva Sofia Jakobsson,Sweden Women's,22944,72,74,99.2,54.5,25.35527558517162,13.597014274884454,Left Foot,Open Play,Saved,0,0.028311143,0.0347701789074239,0.14014823151522882
Madelen Fatimma Maria Janogy,Sweden Women's,22944,72,84,101.7,38.2,18.38831150486634,22.416608871771253,Left Foot,Open Play,Blocked,0,0.06355516,0.09110722997068779,0.14681288895214287
Kosovare Asllani,Sweden Women's,22944,72,84,111.1,40.0,8.900000000000006,44.708453892652535,Left Foot,Open Play,Goal,1,0.15618837,0.3431305364505177,0.8024041369883061
Eva Sofia Jakobsson,Sweden Women's,22944,72,87,107.2,37.0,13.146862743635834,30.440223352413213,Right Foot,Open Play,Off T,0,0.31105536,0.14437254803812882,0.012542151689612877
Eva Sofia Jakobsson,Sweden Women's,22944,72,88,98.6,55.7,26.541476974727694,12.771952504748958,Left Foot,Open Play,Off T,0,0.02531263,0.029859475281048115,0.0013511616822684297
Lina Mona Andréa Hurtig,Sweden Women's,22944,72,89,103.2,39.4,16.810710871346277,24.551524578993078,Head,Open Play,Blocked,0,0.053474266,0.022335400873845092,0.02381491280507832
Francisca Alejandra Lara Lara,Chile Women's,22944,72,91,103.8,45.0,16.954055562018194,23.399013566108938,Right Foot,Open Play,Off T,0,0.04861713,0.08361288543369415,0.006401439032711217
Madelen Fatimma Maria Janogy,Sweden Women's,22944,72,94,106.6,45.2,14.373586887064764,26.91646320598105,Left Foot,Open Play,Goal,1,0.19182806,0.1512273851234988,0.4581748242149997
Samantha May Kerr,Australia Women's,22933,72,2,111.7,38.1,8.514693182963198,45.78944940100964,Head,Open Play,Off T,0,0.1576398,0.13392697782204013,0.007212761733436988
Ilaria Mauro,Italy Women's,22933,72,4,108.4,52.6,17.126587517658034,16.874599187162666,Right Foot,Open Play,Saved,0,0.0833699,0.07061739794974074,0.23644036249245867
Alia Guagni,Italy Women's,22933,72,14,87.6,26.1,35.255779668020395,10.917490554550243,Right Foot,Open Play,Off T,0,0.0070389323,0.008038068460539206,7.584021651274863e-05
Manuela Giugliano,Italy Women's,22933,72,15,91.1,56.9,33.4786499130416,10.814750884136467,Right Foot,Open Play,Blocked,0,0.007046018,0.00982202379652089,2.062104918154008e-06
Emily Louise van Egmond,Australia Women's,22933,72,19,93.0,54.2,30.506392772663244,12.159697438652207,Right Foot,Open Play,Blocked,0,0.01544532,0.014243742981460692,0.047021957682645464
Hayley Emma Raso,Australia Women's,22933,72,19,113.5,40.0,6.5,58.76571515555187,Right Foot,Open Play,Off T,0,0.51228285,0.42427735722761006,0.007127675464036259
Samantha May Kerr,Australia Women's,22933,72,21,108.1,40.3,11.90378091196239,34.17323788347321,Right Foot,Penalty,Saved,0,0.7835,0.76,0.76
Samantha May Kerr,Australia Women's,22933,72,21,113.8,41.2,6.31506136153878,59.73376759678872,Left Foot,Open Play,Goal,1,0.6818868,0.5060452901043281,0.6101938963572253
Chloe Logarzo,Australia Women's,22933,72,27,97.5,46.7,23.476371099469354,17.028744242727946,Right Foot,Open Play,Off T,0,0.057091355,0.03539401179782452,0.0020173549644109416
Chloe Logarzo,Australia Women's,22933,72,36,109.5,41.4,10.59292216529509,37.87655719310666,Head,Open Play,Saved,0,0.14059462,0.09079099246695255,0.17956871212751915
Caitlin Jade Foord,Australia Women's,22933,72,46,98.1,31.3,23.56480426398658,16.47944974091866,Right Foot,Open Play,Blocked,0,0.030305944,0.034586210948542126,9.771820216090918e-05
Chloe Logarzo,Australia Women's,22933,72,46,111.5,37.5,8.860022573334675,43.702246514345354,Head,Open Play,Off T,0,0.112932354,0.08440748550110934,0.00958059137110724
Caitlin Jade Foord,Australia Women's,22933,72,53,115.6,29.9,11.016805344563373,16.609470035464735,Right Foot,Open Play,Saved,0,0.05862665,0.132418191028863,0.001002679514700165
Barbara Bonansea,Italy Women's,22933,72,55,108.1,36.1,12.522779244241276,31.27216649753183,Right Foot,Open Play,Goal,1,0.22958787,0.15620831642537975,0.37715249079066865
Caitlin Jade Foord,Australia Women's,22933,72,61,117.9,29.9,10.316006979447039,9.383159714203776,Left Foot,Open Play,Saved,0,0.020637264,0.155022059951123,0.3833213653248108
Alanna Stephanie Kennedy,Australia Women's,22933,72,64,114.0,35.4,7.56042326857432,45.1016738887898,Head,Open Play,Off T,0,0.11775253,0.09982646899081726,0.0019248714136742237
Elise Kellond-Knight,Australia Women's,22933,72,87,99.4,33.6,21.571277199090456,18.4521235016237,Left Foot,Open Play,Wayward,0,0.041714694,0.05918205071412947,0.1108286290423501
Valentina Giacinti,Italy Women's,22933,72,88,97.9,52.5,25.390155572583634,14.373672761951532,Left Foot,Open Play,Blocked,0,0.03091223,0.03529066339984671,6.747254084968648e-05
Clare Elizabeth Polkinghorne,Australia Women's,22933,72,89,110.5,34.2,11.130588483993106,32.18438902255594,Head,Open Play,Off T,0,0.091450684,0.05051973276413797,4.6487691101468205e-05
Katrina Gorry,Australia Women's,22933,72,90,108.5,58.4,21.698156603730187,10.42771680401583,Right Foot,Open Play,Blocked,0,0.010283083,0.036781703359955745,1.1582395100986108e-05
Samantha May Kerr,Australia Women's,22933,72,90,110.9,45.6,10.68503626573162,33.46475163536962,Right Foot,Open Play,Blocked,0,0.135877,0.19464510205302632,0.0017910483818087243
Barbara Bonansea,Italy Women's,22933,72,94,114.0,34.1,8.41486779456457,37.41471948078821,Head,Open Play,Goal,1,0.09259301,0.11259047023930537,0.3484320993137852
Emi Nakajima,Japan Women's,22940,72,8,106.1,57.1,22.036787424667875,12.15936280632398,Right Foot,Open Play,Off T,0,0.04859035,0.036933199711356605,4.9468132777660045e-06
Narumi Miura,Japan Women's,22940,72,24,94.9,40.6,25.107170290576352,16.58327758593938,Left Foot,Open Play,Off T,0,0.034129586,0.025441259553330434,0.0060620932419167784
Kumi Yokoyama,Japan Women's,22940,72,49,85.9,40.0,34.099999999999994,12.25236446072617,Right Foot,Open Play,Saved,0,0.019611316,0.009481149448540827,0.03631498803789163
Yuika Sugasawa,Japan Women's,22940,72,49,116.1,29.2,11.482595525402784,13.550120073946193,Left Foot,Open Play,Off T,0,0.08578172,0.15109889612675556,0.03295055346884174
Yui Hasegawa,Japan Women's,22940,72,55,109.1,45.5,12.209013064126031,30.46096742166915,Left Foot,Open Play,Off T,0,0.07568605,0.19989815636841374,0.00915660486092033
Florencia Soledad Jaimes,Argentina Women's,22940,72,64,107.8,27.6,17.395401691251628,17.160268655041236,Right Foot,Open Play,Blocked,0,0.043580182,0.06906884391856798,6.153093308465947e-05
Yuika Sugasawa,Japan Women's,22940,72,67,102.7,25.9,22.318154045529838,14.642052417196505,Right Foot,Open Play,Blocked,0,0.0139938,0.0380022145209996,1.6490834328200064e-05
María Florencia Bonsegundo,Argentina Women's,22940,72,72,109.4,52.4,16.313184851524237,17.06764834955003,Right Foot,Open Play,Saved,0,0.059840072,0.07736665144909928,0.1809053996343035
Florencia Soledad Jaimes,Argentina Women's,22940,72,81,97.1,26.3,26.685201891685217,13.490999101824874,Right Foot,Open Play,Blocked,0,0.024686951,0.022677792732847195,1.1489023215312913e-05
Mariana Valeria Larroquette,Argentina Women's,22940,72,82,83.7,46.5,36.877364330982225,11.16285936416011,Right Foot,Open Play,Off T,0,0.0073760236,0.006717877613290788,1.4369602736568827e-05
Mariela Del Carmen Coronel,Argentina Women's,22940,72,85,106.5,45.5,14.577379737113251,26.396240643890188,Head,Open Play,Off T,0,0.05944824,0.030017689221602556,5.797074945608848e-06
Hina Sugita,Japan Women's,22940,72,88,92.8,34.3,27.790825824361537,14.70009093152875,Left Foot,Open Play,Off T,0,0.030665202,0.027206521881345713,0.0020650842337746945
Yui Hasegawa,Japan Women's,22940,72,90,116.3,51.4,11.985407794480754,11.746224565728062,Right Foot,Open Play,Saved,0,0.038061723,0.10784354897849345,0.2840674711516194
Sel-Gi Jang,Korea Republic Women's,22945,72,6,85.3,34.9,35.0727814693959,11.791932358549978,Right Foot,Open Play,Off T,0,0.013042145,0.008387882642738194,8.49697123046311e-05
So-Hyun Cho,Korea Republic Women's,22945,72,7,111.8,36.9,8.76641317757725,43.40865365912241,Head,Open Play,Wayward,0,0.07713153,0.12398666319984328,4.214598153610236e-09
Ugochi Desire Oparanozie,Nigeria Women's,22945,72,9,112.4,44.4,8.781799360040054,41.1212649222828,Head,Open Play,Saved,0,0.13624664,0.117723350300112,0.33883022539842544
Geum-Min Lee,Korea Republic Women's,22945,72,17,106.7,21.2,23.028894893155424,10.665775492798677,Right Foot,Open Play,Saved,0,0.010819744,0.03190121688831646,0.030958262273334865
Min-A Lee,Korea Republic Women's,22945,72,19,95.0,58.5,31.100643080167973,10.860412040050603,Left Foot,Open Play,Blocked,0,0.008334438,0.017054236636800016,2.0469238282247838e-06
Chinaza Uchendu,Nigeria Women's,22945,72,21,84.1,40.1,35.90013927549586,11.642279836445566,Right Foot,Open Play,Off T,0,0.011421881,0.007602586992965073,1.069387397412381e-05
Min-A Lee,Korea Republic Women's,22945,72,22,94.3,53.7,29.123530005821756,12.699817795396694,Right Foot,Open Play,Off T,0,0.029897401,0.016886363530354293,0.00016843933093384282
Asisat Lamina Oshoala,Nigeria Women's,22945,72,32,108.2,53.1,17.630938715791622,16.192451986441856,Other,Open Play,Blocked,0,0.051187474,0.03613004536318841,2.783562720781235e-05
Geum-Min Lee,Korea Republic Women's,22945,72,38,116.9,31.3,9.235799911215052,17.514950809422402,Right Foot,Open Play,Blocked,0,0.114059955,0.11134130071009422,0.000520068381622764
Osinachi Marvis Ohale,Nigeria Women's,22945,72,39,110.7,44.1,10.163660757817528,37.13316273277073,Right Foot,Open Play,Wayward,0,0.08419714,0.21954779897519688,0.2867929666534485
Chidinma Nkeruka Okeke,Nigeria Women's,22945,72,39,76.0,43.2,44.11621017267916,9.460570523689562,Right Foot,Open Play,Off T,0,0.005464797,0.002806379464888336,0.0009892680806051894
Min-A Lee,Korea Republic Women's,22945,72,41,101.4,33.6,19.67028215354319,20.02711714481305,Right Foot,Open Play,Saved,0,0.07220471,0.03853699292787693,0.17979069622177923
Asisat Lamina Oshoala,Nigeria Women's,22945,72,44,111.6,45.7,10.151354589413184,34.4436389241601,Head,Open Play,Off T,0,0.1422116,0.08794781438555073,0.0003037291742228932
Ugochi Desire Oparanozie,Nigeria Women's,22945,72,45,61.0,40.0,59.0,7.099463716176266,Right Foot,Kick Off,Off T,0,0.004490049,0.0007557370329813267,2.1353266144635327e-06
Francisca Ordega,Nigeria Women's,22945,72,47,97.6,36.6,22.65656637710137,18.158745101862927,Right Foot,Open Play,Wayward,0,0.045136362,0.03983166778056138,0.11811870752807187
Ugochi Desire Oparanozie,Nigeria Women's,22945,72,49,111.0,38.6,9.10823802938856,43.44180693996287,Head,Open Play,Off T,0,0.09778023,0.08173284004069539,0.006037101604152974
So-Hyun Cho,Korea Republic Women's,22945,72,51,86.7,31.6,34.343121582057734,11.807275996034624,Right Foot,Open Play,Saved,0,0.015595561,0.005980039880037718,0.04312855627264942
Sel-Gi Jang,Korea Republic Women's,22945,72,57,105.4,17.6,26.737987957211736,8.661983781998416,Right Foot,Open Play,Saved,0,0.007799004,0.020030890065947247,0.043478657075742284
Ngozi Sonia Okobi,Nigeria Women's,22945,72,59,99.9,39.1,20.120139164528652,20.600672138443514,Left Foot,Open Play,Blocked,0,0.036968157,0.07275117041726584,0.07731774845925574
Min-Ji Yeo,Korea Republic Women's,22945,72,62,108.9,47.9,13.624243098242188,25.256993658167953,Right Foot,Open Play,Blocked,0,0.05683624,0.12303029696703295,0.0005564056875539462
Mi-Ra Moon,Korea Republic Women's,22945,72,63,100.6,42.6,19.57345140745495,21.011358232503486,Right Foot,Open Play,Blocked,0,0.06403728,0.05975932495976996,0.12081413971135109
So-Hyun Cho,Korea Republic Women's,22945,72,63,113.5,47.4,9.849365461794987,29.641639487566863,Head,Open Play,Off T,0,0.09270122,0.08134532146657925,0.0014941653357935666
Asisat Lamina Oshoala,Nigeria Women's,22945,72,74,118.0,49.7,9.904039579888606,9.807052932878545,Right Foot,Open Play,Goal,1,0.11460488,0.12768630934465014,0.2814684247962929
Ugochi Desire Oparanozie,Nigeria Women's,22945,72,79,90.2,28.6,31.90611226708763,12.250817156301585,Right Foot,Open Play,Off T,0,0.03062281,0.012174946807719305,0.005951150302612342
So-Hyun Cho,Korea Republic Women's,22945,72,81,112.9,54.7,16.32482771731451,11.603720510868557,Right Foot,Open Play,Blocked,0,0.028437397,0.04556918167665604,2.636847856172978e-05
Mi-Ra Moon,Korea Republic Women's,22945,72,83,114.6,33.4,8.527602242131142,33.675622605193404,Head,Open Play,Saved,0,0.10821762,0.06937794362067468,0.3737868909225098
Min-Ji Yeo,Korea Republic Women's,22945,72,86,105.0,37.6,15.190786681406594,26.800281572609908,Left Foot,Open Play,Saved,0,0.069878325,0.1391832264478123,0.1820303308515985
Halimatu Ibrahim Ayinde,Nigeria Women's,22945,72,87,101.1,49.9,21.33588526403346,17.38684763488642,Right Foot,Open Play,Off T,0,0.040281847,0.045237266127046684,0.021600386898449925
Min-Ji Yeo,Korea Republic Women's,22945,72,89,95.9,31.0,25.72566811571664,15.219887812181621,Right Foot,Open Play,Saved,0,0.054751758,0.026348981803057274,0.06430093269364717
Sel-Gi Jang,Korea Republic Women's,22945,72,90,95.7,37.8,24.399385238157127,16.996470257928824,Right Foot,Open Play,Blocked,0,0.033833917,0.031911482846080766,0.05184001508365073
Shanshan Wang,China PR Women's,22956,72,9,114.1,40.9,5.968249324550714,62.769801423777565,Head,Open Play,Off T,0,0.1230204,0.1716560461645615,0.002647788595380348
Ying Li,China PR Women's,22956,72,20,110.7,41.1,9.364827814754522,42.49520535395513,Head,Open Play,Off T,0,0.08812186,0.07782518353624408,0.00021926742867046735
Peng Han,China PR Women's,22956,72,29,101.9,57.5,25.176576415390553,12.053726544178659,Left Foot,Open Play,Off T,0,0.027328484,0.03417144325462386,0.006095634649024307
Thembi Kgatlana,South Africa Women's,22956,72,30,113.4,25.3,16.11365880239494,11.099732830508888,Right Foot,Open Play,Off T,0,0.019988658,0.04608234206157836,0.0003725278624425805
Shuang Wang,China PR Women's,22956,72,32,96.5,36.5,23.759208741033444,17.335067679056962,Left Foot,Open Play,Off T,0,0.043629657,0.045381401122447,0.004867962499150015
Yasha Gu,China PR Women's,22956,72,32,108.8,27.4,16.858232410309217,16.843294327059382,Right Foot,Open Play,Off T,0,0.107461706,0.07262156700037381,0.0004764797370506711
Shanshan Wang,China PR Women's,22956,72,34,112.0,28.9,13.682470537150813,18.619242008937547,Left Foot,Open Play,Blocked,0,0.055810086,0.13554447762010646,0.00021733325784767336
Ying Li,China PR Women's,22956,72,39,109.2,41.8,10.948972554536793,36.5908801429901,Left Foot,Open Play,Goal,1,0.13267203,0.2519083066039217,0.32324858607129986
Ying Li,China PR Women's,22956,72,41,105.2,59.3,24.32138976292267,10.61350872253885,Right Foot,Open Play,Blocked,0,0.0098395,0.027573172690900222,1.8512266381116921e-06
Shanshan Wang,China PR Women's,22956,72,41,115.2,43.9,6.184658438426488,54.725288155537065,Head,Open Play,Post,0,0.13196145,0.14185111310819504,0.008831983050467274
Shanshan Wang,China PR Women's,22956,72,43,109.4,41.7,10.73545527679194,37.29990755628575,Head,Open Play,Off T,0,0.081980616,0.05951773692817876,8.455194199539001e-05
Mamello Makhabane,South Africa Women's,22956,72,54,100.0,30.5,22.14158982548453,17.067112008522738,Right Foot,Open Play,Off T,0,0.058019392,0.04107592709362086,0.003601827016182172
Noko Matlou,South Africa Women's,22956,72,55,110.5,36.5,10.124228365658293,37.96964665050991,Head,Open Play,Off T,0,0.06369794,0.06458956040241928,0.000490032423059905
Kholosa Biyana,South Africa Women's,22956,72,62,85.8,45.4,34.62369131100842,11.924993657588185,Right Foot,Open Play,Saved,0,0.01635676,0.008858662440265013,0.01635110294397741
Shanshan Wang,China PR Women's,22956,72,69,101.8,54.7,23.39508495389577,14.010021810718781,Left Foot,Open Play,Off T,0,0.039304134,0.02895481598776729,0.008561984951409146
Thembi Kgatlana,South Africa Women's,22956,72,75,105.7,30.9,16.949926253526886,20.914983169252505,Right Foot,Open Play,Blocked,0,0.05537498,0.07901038596156672,0.12385972551446886
Peng Han,China PR Women's,22956,72,84,113.2,43.4,7.602631123499282,48.26434090447062,Head,Open Play,Saved,0,0.10565731,0.10669559147760825,0.35622932020975595
Li Yang,China PR Women's,22956,72,88,104.4,25.6,21.230167215544956,14.63404438596068,Right Foot,Open Play,Blocked,0,0.026670283,0.04285297945966125,1.933928957250271e-05
Li Yang,China PR Women's,22956,72,89,111.5,33.1,10.94805918873295,30.3028995327629,Left Foot,Open Play,Saved,0,0.15301071,0.22346913827110718,0.4767837215563245
Li Yang,China PR Women's,22956,72,91,102.7,30.6,19.68882932020083,18.694213602470885,Left Foot,Open Play,Blocked,0,0.07340313,0.0728890884282533,0.0002542862237776712
Lindsey Michelle Heaps,United States Women's,68345,72,2,117.4,39.3,2.6925824035672474,107.8957239911012,Right Foot,Open Play,Goal,1,0.6330302,0.7960629439560912,0.7338509231358114
Crystal Alyssia Dunn Soubrier,United States Women's,68345,72,6,99.1,22.8,27.067508197098604,12.008060243987881,Left Foot,Open Play,Off T,0,0.021142535,0.02763468143954884,0.004935854671666131
Tobin Powell Heath,United States Women's,68345,72,9,102.7,54.9,22.831995094603535,14.00012854235572,Right Foot,Open Play,Blocked,0,0.02069929,0.03534427740247207,1.3729305684361977e-05
Crystal Alyssia Dunn Soubrier,United States Women's,68345,72,11,100.1,33.2,21.029740844813094,18.760966469624424,Right Foot,Open Play,Off T,0,0.054373935,0.048342002466605846,0.0021494581619986852
Samantha June Mewis,United States Women's,68345,72,14,94.4,33.7,26.363800939925177,15.371331165293258,Right Foot,Open Play,Saved,0,0.041715465,0.016228265626637425,0.02805829192690326
Emma Stina Blackstenius,Sweden Women's,68345,72,14,85.0,37.6,35.082189213331596,11.88472615924116,Right Foot,Open Play,Saved,0,0.016245713,0.008398167394395589,0.010718836419684906
Julia Zigiotti-Olme,Sweden Women's,68345,72,15,95.4,43.9,24.907227866625377,16.52412146653062,Right Foot,Open Play,Blocked,0,0.04107942,0.029808676490560577,0.060270086440338946
Alexandra Morgan Carrasco,United States Women's,68345,72,17,103.5,48.3,18.469975636150686,20.22979461356584,Left Foot,Open Play,Off T,0,0.050145548,0.08593781096576959,0.0044048513531465645
Kosovare Asllani,Sweden Women's,68345,72,20,105.0,50.4,18.25267103741258,18.95133435881159,Right Foot,Open Play,Saved,0,0.12229547,0.06567540681552608,0.10510968311795764
Tobin Powell Heath,United States Women's,68345,72,30,106.4,38.6,13.671868928570074,29.843154576380474,Left Foot,Open Play,Wayward,0,0.08161572,0.17207881105077721,0.2747291321722207
Rosemary Kathleen Lavelle,United States Women's,68345,72,31,99.2,53.2,24.634934544260513,14.38868766118745,Left Foot,Open Play,Off T,0,0.034021113,0.03839055780169338,0.00832933113011272
Tobin Powell Heath,United States Women's,68345,72,37,93.3,48.1,27.901612856607414,14.32962325086876,Left Foot,Open Play,Off T,0,0.032959685,0.02662950345116717,0.002063910376986998
Eva Sofia Jakobsson,Sweden Women's,68345,72,39,110.0,59.2,21.648094604375697,9.13455902837245,Right Foot,Open Play,Off T,0,0.009433411,0.02372764225898115,0.001466866313804766
Rosemary Kathleen Lavelle,United States Women's,68345,72,41,100.5,34.5,20.26079958935481,19.771079476837603,Left Foot,Open Play,Blocked,0,0.0686085,0.07029749821674205,0.000698924431391155
Megan Anna Rapinoe,United States Women's,68345,72,46,94.8,37.8,25.295849461917665,16.406700517700923,Right Foot,Open Play,Blocked,0,0.03165816,0.028459068545312396,0.04659682915075774
Rosemary Kathleen Lavelle,United States Women's,68345,72,45,99.7,50.3,22.763567382991617,16.40312027776994,Left Foot,Open Play,Wayward,0,0.050367314,0.04951174857678823,8.110107625987548e-05
Samantha June Mewis,United States Women's,68345,72,48,105.0,30.9,17.5445148123281,20.45268430505754,Right Foot,Open Play,Blocked,0,0.047228616,0.07337596571973432,0.00021550520699850086
Emma Stina Blackstenius,Sweden Women's,68345,72,53,117.4,34.8,5.813776741499454,43.00689191265762,Head,Open Play,Off T,0,0.18059255,0.11402888310070443,0.004240671502884846
Kosovare Asllani,Sweden Women's,68345,72,65,109.6,39.3,10.423531071570714,38.63209907375665,Head,Open Play,Wayward,0,0.13489367,0.0940119919551163,1.2121023685934285e-05
Gun Nathalie Björn,Sweden Women's,68345,72,71,112.8,40.2,7.202777242147645,53.86312420437404,Head,Open Play,Off T,0,0.12334641,0.12576996859609282,0.006307907981736985
Samantha June Mewis,United States Women's,68345,72,85,104.2,40.2,15.80126577208294,26.080728264550558,Head,Open Play,Wayward,0,0.05529248,0.025971844889463025,0.00014878081459097664
Carli Anne Hollins,United States Women's,68345,72,89,110.2,35.8,10.66208234820947,35.577111245257456,Left Foot,Open Play,Saved,0,0.5017711,0.2533654296309331,0.4223893331842604
Crystal Alyssia Dunn Soubrier,United States Women's,68345,72,90,111.3,28.2,14.660491124106315,17.53631118531753,Right Foot,Open Play,Off T,0,0.07411344,0.09308863618354388,0.0010281782971043921
Kumi Yokoyama,Japan Women's,68337,72,4,96.8,44.4,23.613555429032708,17.331013731438077,Right Foot,Open Play,Off T,0,0.03812695,0.03511332853109586,0.005709273096532267
Kumi Yokoyama,Japan Women's,68337,72,8,84.0,34.3,36.44845675745408,11.330923915262543,Right Foot,Free Kick,Saved,0,0.008441535,0.01733771447845758,0.09322893618626245
Georgia Stanway,England Women's,68337,72,12,94.4,50.0,27.48381341808301,14.174316014006491,Right Foot,Open Play,Blocked,0,0.017608298,0.021074677512948847,4.452914202450733e-05
Jill Scott,England Women's,68337,72,12,107.3,41.1,12.747548783981966,31.942821753985957,Head,Open Play,Wayward,0,0.05572198,0.04204991138284785,0.000580757777349386
Georgia Stanway,England Women's,68337,72,13,93.6,34.9,26.88810145770802,15.23465227081053,Right Foot,Open Play,Off T,0,0.0381441,0.015239915233513847,0.00015707974070220816
Ellen White,England Women's,68337,72,13,109.9,27.8,15.838244852255563,17.294102909671814,Left Foot,Open Play,Goal,1,0.22220932,0.10580041418559732,0.2151564553784981
Jill Scott,England Women's,68337,72,17,90.5,43.6,29.718849237478896,13.942367227838025,Right Foot,Open Play,Saved,0,0.026589882,0.0162742818991334,0.05100165007305681
Georgia Stanway,England Women's,68337,72,18,96.7,35.9,23.657979626333265,17.338341480531184,Right Foot,Open Play,Saved,0,0.030378567,0.02312088717752532,0.06435455492256967
Ellen White,England Women's,68337,72,18,113.2,45.7,8.872992730753248,37.30251088856768,Head,Open Play,Wayward,0,0.07395756,0.07273531399846017,0.06625352880585207
Mana Iwabuchi,Japan Women's,68337,72,20,84.3,43.8,35.90167127029047,11.578205066427163,Right Foot,Open Play,Blocked,0,0.011995319,0.0075891802476799886,4.2219628296434455e-05
Ellen White,England Women's,68337,72,23,109.8,46.9,12.314625451064277,28.371171627614313,Head,Open Play,Off T,0,0.095447056,0.06064925200058494,2.4727317497423445e-05
Kumi Yokoyama,Japan Women's,68337,72,30,91.1,36.6,29.099312706660278,14.243403337268205,Right Foot,Open Play,Saved,0,0.023463268,0.017587278817357582,0.04420343691861676
Rachel Daly,England Women's,68337,72,33,105.2,43.9,15.305227865013963,26.12939711744911,Right Foot,Open Play,Saved,0,0.2525656,0.1056507737711136,0.293356067013692
Toni Duggan,England Women's,68337,72,34,103.2,42.1,16.930741271426953,24.229754022261623,Right Foot,Open Play,Off T,0,0.06272798,0.085427807191443,0.0005484299802205551
Nana Ichise,Japan Women's,68337,72,36,84.6,21.7,39.850345042420905,9.344943119711393,Left Foot,Open Play,Blocked,0,0.0049312864,0.0060573210829919,1.983933614722957e-06
Kumi Yokoyama,Japan Women's,68337,72,40,96.6,44.4,23.81008189822119,17.194670036922965,Right Foot,Open Play,Off T,0,0.04651161,0.03424110051272842,0.00014587977323454732
Jill Scott,England Women's,68337,72,48,104.8,51.6,19.120669444347396,17.531715659068606,Right Foot,Open Play,Blocked,0,0.05356997,0.057832887377341574,0.00013597694963804344
Georgia Stanway,England Women's,68337,72,48,103.8,43.9,16.662832892398583,24.168129206546435,Right Foot,Open Play,Blocked,0,0.08577621,0.08774776840084045,0.11428746689846958
Emi Nakajima,Japan Women's,68337,72,56,93.1,41.2,26.926752496355746,15.46625998328253,Left Foot,Open Play,Off T,0,0.041169204,0.030531801206156575,1.960100866578202e-06
Toni Duggan,England Women's,68337,72,58,112.0,38.2,8.2,47.402269297904915,Right Foot,Open Play,Saved,0,0.22356792,0.31318774566542684,0.5706093198647091
Keira Walsh,England Women's,68337,72,60,94.1,46.8,26.77778930382417,15.079313024425508,Right Foot,Open Play,Blocked,0,0.032359872,0.02333041356484058,0.04319122059258611
Georgia Stanway,England Women's,68337,72,63,92.5,27.9,30.04430062424486,12.754903891471859,Right Foot,Open Play,Off T,0,0.018366333,0.015232771284893584,8.170029505206312e-05
Yuika Sugasawa,Japan Women's,68337,72,72,92.5,32.9,28.401760508813535,14.238906236674495,Right Foot,Open Play,Saved,0,0.026215924,0.01902938733952966,0.06110124152755393
Mana Iwabuchi,Japan Women's,68337,72,76,94.4,51.1,27.902867236182015,13.760951193829031,Right Foot,Open Play,Off T,0,0.028045787,0.013095918745454122,5.133179965660707e-05
Yuika Sugasawa,Japan Women's,68337,72,77,102.4,39.4,17.610224302944008,23.469554017189203,Right Foot,Open Play,Off T,0,0.048192415,0.07812507827834964,0.010426127479949575
Yuika Sugasawa,Japan Women's,68337,72,82,112.5,34.1,9.542536350467834,35.256016063018954,Right Foot,Open Play,Off T,0,0.153885,0.22380083417755053,0.008425960309446322
Ellen White,England Women's,68337,72,83,103.3,30.7,19.114915641979696,19.152087781111412,Left Foot,Open Play,Goal,1,0.14525786,0.05260994746304278,0.14848669731973616
Mana Iwabuchi,Japan Women's,68337,72,85,100.1,24.5,25.22419473442116,13.163066776969751,Right Foot,Open Play,Off T,0,0.022722395,0.02651288357586161,0.001689914184218395
Yuika Sugasawa,Japan Women's,68337,72,88,103.4,38.4,16.67693017314637,24.655748694709487,Right Foot,Open Play,Saved,0,0.35390115,0.08859728808028533,0.07513398285926165
Yuika Sugasawa,Japan Women's,68337,72,89,115.0,49.0,10.295630140987,21.565398651263155,Head,Open Play,Off T,0,0.06635394,0.06431090728842005,0.005846619538553872
Hina Sugita,Japan Women's,68337,72,90,117.3,26.5,13.76735268670052,6.402004457452215,Left Foot,Open Play,Off T,0,0.014670367,0.10265840068142817,0.001468095989935958
Saori Takarada,Japan Women's,68337,72,92,112.4,37.7,7.94040301244212,48.24946023924286,Head,Open Play,Off T,0,0.2238681,0.1494417355913082,0.0003864339333091098
Caroline Graham Hansen,Norway Women's,22981,72,4,108.1,40.1,11.900420160649796,34.18984690946256,Right Foot,Penalty,Goal,1,0.7835,0.76,0.76
So-Yun Ji,Korea Republic Women's,22981,72,7,102.1,50.6,20.803124765284668,17.35072620036578,Right Foot,Open Play,Off T,0,0.034267504,0.04792318833709019,0.008901153276970901
Maren Nævdal Mjelde,Norway Women's,22981,72,8,118.2,42.8,3.3286633954186438,99.96758922454586,Head,Open Play,Off T,0,0.22807169,0.41587272866567326,0.04211768555958065
Min-Ji Yeo,Korea Republic Women's,22981,72,12,110.0,34.8,11.271202242884298,32.78617006566642,Head,Open Play,Saved,0,0.0950696,0.050464127284715346,0.12034508861670848
So-Yun Ji,Korea Republic Women's,22981,72,19,91.2,31.9,29.917386249470386,13.447729858568213,Right Foot,Free Kick,Blocked,0,0.046634544,0.037987187646553434,0.00026649606078851774
Mi-Ra Moon,Korea Republic Women's,22981,72,19,92.5,52.4,30.166372005927396,12.65372554866008,Left Foot,Open Play,Blocked,0,0.021638926,0.019808262060377276,9.426199053622733e-05
Mi-Ra Moon,Korea Republic Women's,22981,72,20,110.0,40.3,10.004498987955369,40.175914240567494,Head,Open Play,Saved,0,0.12860142,0.10167828340649641,0.20247893204334705
Geum-Min Lee,Korea Republic Women's,22981,72,22,103.5,28.0,20.402205763103165,16.68928538778315,Right Foot,Open Play,Blocked,0,0.055482917,0.04929510878185836,7.656321585963399e-05
Chae-Rim Kang,Korea Republic Women's,22981,72,24,102.4,38.2,17.691806012954128,23.268045031939586,Left Foot,Open Play,Blocked,0,0.07500752,0.09987327146002425,0.09387412161154043
Mi-Ra Moon,Korea Republic Women's,22981,72,29,102.5,44.2,17.99694418505542,22.419468510778884,Right Foot,Open Play,Off T,0,0.059171192,0.07317439231832935,0.0061352814570895
Min-Ji Yeo,Korea Republic Women's,22981,72,30,104.5,38.5,15.572411502397436,26.34611970548948,Right Foot,Open Play,Off T,0,0.11918529,0.10327714467719853,0.001831007056064591
Geum-Min Lee,Korea Republic Women's,22981,72,30,105.5,32.4,16.37101096450674,22.629579149495054,Right Foot,Open Play,Wayward,0,0.072663225,0.0873615455532437,0.0008884413189159391
So-Yun Ji,Korea Republic Women's,22981,72,33,100.2,28.5,22.89737976275888,15.838147227801407,Right Foot,Open Play,Saved,0,0.03247103,0.03667776810931523,0.11059779203962546
Min-Ji Yeo,Korea Republic Women's,22981,72,40,108.0,24.9,19.287560758167427,13.763206607988819,Right Foot,Open Play,Off T,0,0.045580853,0.05195242045751153,0.00069912013830119
So-Yun Ji,Korea Republic Women's,22981,72,42,89.0,37.2,31.126194756185665,13.360329421721703,Right Foot,Free Kick,Off T,0,0.03139362,0.03314123135544528,0.001083386316610544
Guro Reiten,Norway Women's,22981,72,43,100.1,33.9,20.813937638034766,19.13542613613514,Left Foot,Open Play,Off T,0,0.059583504,0.0436455336645299,0.00023687552237476676
Lisa-Marie Utland,Norway Women's,22981,72,44,112.3,34.2,9.640020746865641,35.32422733359496,Left Foot,Open Play,Blocked,0,0.091009155,0.19868441953256874,0.0022476260501075825
Chae-Rim Kang,Korea Republic Women's,22981,72,47,95.3,38.8,24.72913261721891,16.8190111210544,Right Foot,Open Play,Blocked,0,0.025728399,0.030626142263405168,0.03353839167028475
Min-Ji Yeo,Korea Republic Women's,22981,72,47,113.2,27.8,13.967104209534629,15.321349340271231,Left Foot,Open Play,Saved,0,0.061824717,0.12259799188019976,0.18521227109913216
Isabell Herlovsen,Norway Women's,22981,72,50,107.9,40.1,12.100413216084807,33.65697577984355,Right Foot,Penalty,Goal,1,0.7835,0.76,0.76
Mi-Ra Moon,Korea Republic Women's,22981,72,57,102.3,52.5,21.66887168266959,15.85675373651131,Right Foot,Open Play,Blocked,0,0.040089563,0.042040527413242504,0.06532012605888474
Isabell Herlovsen,Norway Women's,22981,72,59,88.9,41.3,31.12715855968867,13.401063537754736,Left Foot,Open Play,Off T,0,0.024468191,0.011903457252455568,0.002115835731624627
Karina Sævik,Norway Women's,22981,72,63,111.1,42.9,9.360555539069255,41.27396739455708,Right Foot,Open Play,Off T,0,0.16803469,0.18280117301831658,0.001951526064613022
Geum-Min Lee,Korea Republic Women's,22981,72,64,106.4,43.7,14.094325099131206,28.252692711876293,Right Foot,Open Play,Blocked,0,0.10480567,0.12528353197929223,0.2687426333711761
So-Yun Ji,Korea Republic Women's,22981,72,71,104.5,51.5,19.300259065618782,17.53407140674193,Right Foot,Open Play,Blocked,0,0.0503992,0.05671856278191625,7.577454446787722e-05
Geum-Min Lee,Korea Republic Women's,22981,72,72,112.9,39.4,7.125307010929418,54.279118173816094,Head,Open Play,Off T,0,0.27886677,0.1279105949118348,0.013020325191444844
Min-Ji Yeo,Korea Republic Women's,22981,72,77,113.2,39.5,6.818357573492311,56.381393712991716,Right Foot,Open Play,Goal,1,0.46812326,0.40094256529417116,0.3114836743832776
Geum-Min Lee,Korea Republic Women's,22981,72,82,111.6,18.1,23.455702931270256,6.534800419518063,Right Foot,Open Play,Saved,0,0.009063089,0.027514078349635717,0.10844473706675883
Frida Maanum,Norway Women's,22981,72,85,93.5,40.0,26.5,15.72711185320021,Right Foot,Open Play,Blocked,0,0.023930706,0.02445454527972022,0.01875242636035047
Min-Ji Yeo,Korea Republic Women's,22981,72,92,113.2,37.4,7.280109889280515,51.49239958509078,Head,Open Play,Off T,0,0.30561942,0.17053895738357913,0.0035714857324979465
Morgan Paige Gautrat,United States Women's,22974,72,1,106.0,39.5,14.0089257261219,29.268271917104553,Left Foot,Open Play,Off T,0,0.07121142,0.16462883716654872,0.01255101393086747
Carli Anne Hollins,United States Women's,22974,72,1,94.0,40.6,26.006922155456998,16.017408804848476,Right Foot,Open Play,Saved,0,0.04486579,0.026030841027099825,0.022232610991029363
Carli Anne Hollins,United States Women's,22974,72,3,118.6,45.4,5.578530272392541,30.035900039194757,Right Foot,Open Play,Post,0,0.16043931,0.28550289116711064,0.005810852414981528
Julie Beth Ertz,United States Women's,22974,72,8,117.1,33.0,7.576938695805849,25.747860044311206,Right Foot,Open Play,Blocked,0,0.10180817,0.22186308323252363,0.0028283747758729976
Carli Anne Hollins,United States Women's,22974,72,10,102.1,36.5,18.238969269122645,22.31353689331383,Left Foot,Open Play,Goal,1,0.058123134,0.062338141643224904,0.3190148132198131
Julie Beth Ertz,United States Women's,22974,72,12,92.6,46.6,28.18368322274433,14.404177537240507,Right Foot,Open Play,Blocked,0,0.023733187,0.019583435133460596,0.00011867686142169273
Carli Anne Hollins,United States Women's,22974,72,13,113.4,36.5,7.470609078247899,48.71923545753029,Head,Open Play,Saved,0,0.09036527,0.10925636317111441,0.3359630947124276
Rebecca Elizabeth Sauerbrunn,United States Women's,22974,72,15,99.2,35.7,21.239821091525226,19.179073008083336,Left Foot,Open Play,Wayward,0,0.053155307,0.06240002787275117,0.07445914625429408
Carli Anne Hollins,United States Women's,22974,72,20,112.3,38.7,7.808969202141857,49.82780839182637,Head,Open Play,Wayward,0,0.13030586,0.15651658057021056,0.19458902082173388
Julie Beth Ertz,United States Women's,22974,72,25,113.5,46.5,9.192388155425117,33.78873246022059,Head,Open Play,Goal,1,0.075818844,0.06476271437699163,0.3656625086541279
Karen Araya,Chile Women's,22974,72,31,83.8,51.4,37.95260201883397,10.519577130921643,Right Foot,Open Play,Blocked,0,0.0063354955,0.005845373939091428,6.269158040760483e-06
Christen Annemarie Press,United States Women's,22974,72,34,100.2,25.6,24.482646915723794,13.892129193708042,Left Foot,Open Play,Blocked,0,0.032029513,0.03858060887280832,4.367261345945461e-05
Carli Anne Hollins,United States Women's,22974,72,34,114.0,40.7,6.040695324215583,62.263314551128026,Head,Open Play,Goal,1,0.14977285,0.16868893025244608,0.4513872500440377
Lindsey Michelle Heaps,United States Women's,22974,72,37,108.0,42.0,12.165525060596439,33.127621304665844,Head,Open Play,Wayward,0,0.10832745,0.06888266091638698,4.893301087609855e-06
Mallory Diane Swanson,United States Women's,22974,72,42,102.6,34.9,18.132015883513898,21.991951767000636,Left Foot,Open Play,Off T,0,0.058151178,0.09268610364567766,0.013439056958896398
Mallory Diane Swanson,United States Women's,22974,72,49,103.2,52.8,21.12060605191053,15.866018880476016,Right Foot,Open Play,Blocked,0,0.053113922,0.02965518625652416,0.02949462706762375
Lindsey Michelle Heaps,United States Women's,22974,72,54,90.9,45.2,29.56095397648729,13.90445883109121,Left Foot,Open Play,Off T,0,0.025208786,0.021868281583116475,0.0013824253630359503
Lindsey Michelle Heaps,United States Women's,22974,72,54,110.1,41.2,9.972462083156804,40.101350408717714,Right Foot,Open Play,Saved,0,0.2551284,0.23648283429536585,0.23692195750423503
Carli Anne Hollins,United States Women's,22974,72,55,108.8,37.3,11.520850663036999,34.48947857178107,Head,Open Play,Off T,0,0.060756598,0.0761646488090194,0.00010377316273296279
Christen Annemarie Press,United States Women's,22974,72,57,107.6,27.7,17.465680633745716,17.287064283913665,Right Foot,Open Play,Saved,0,0.08281603,0.06875257031000113,0.33713558225114176
Jessica McDonald,United States Women's,22974,72,61,102.3,20.5,26.335147616825694,10.785329101820603,Right Foot,Open Play,Post,0,0.010594819,0.014543033336739578,0.07961277552586875
Jessica McDonald,United States Women's,22974,72,65,113.8,43.7,7.220110802473883,49.519859744856,Head,Open Play,Wayward,0,0.15591873,0.1646245459800031,0.2795850033529291
Christen Annemarie Press,United States Women's,22974,72,65,112.5,37.7,7.844743462982074,48.750948514979754,Head,Open Play,Saved,0,0.19920985,0.15246151149341142,0.47701496365269463
Allie Long,United States Women's,22974,72,66,94.9,49.7,26.90910626535188,14.49481200075275,Right Foot,Open Play,Off T,0,0.034597028,0.022662119335309185,0.0021696737104353317
Christen Annemarie Press,United States Women's,22974,72,68,114.5,28.5,12.747548783981962,15.110224100068637,Left Foot,Open Play,Blocked,0,0.02928418,0.137906929323712,0.00017290891642250908
Carli Anne Hollins,United States Women's,22974,72,71,109.8,41.0,10.248902380255169,39.17019545735692,Head,Open Play,Post,0,0.104187645,0.06554139130025696,0.0029457326901249185
Christen Annemarie Press,United States Women's,22974,72,73,108.2,28.0,16.82973558912914,17.74963918353019,Left Foot,Open Play,Saved,0,0.11486941,0.0964548673863106,0.23341926096554486
Carli Anne Hollins,United States Women's,22974,72,80,108.1,39.9,11.900420160649796,34.18984690946256,Right Foot,Penalty,Off T,0,0.7835,0.76,0.76
Carli Anne Hollins,United States Women's,22974,72,94,109.2,43.2,11.264102272262978,34.86200976432255,Head,Open Play,Off T,0,0.07038437,0.05305089746711914,0.0002943355030659567
Osinachi Marvis Ohale,Nigeria Women's,22924,72,1,111.3,40.3,8.705170877128149,45.59062348350805,Head,Open Play,Saved,0,0.08553772,0.08957319945893902,0.26630721888431724
Maren Nævdal Mjelde,Norway Women's,22924,72,14,88.5,36.7,31.672385448525976,13.114236788201227,Right Foot,Free Kick,Off T,0,0.029022954,0.030997123040256515,0.007820788903610137
Guro Reiten,Norway Women's,22924,72,16,110.5,51.2,14.686388255796592,18.970737096358974,Left Foot,Open Play,Goal,1,0.06853446,0.12349847453479036,0.4569643014635468
Maren Nævdal Mjelde,Norway Women's,22924,72,24,113.9,45.6,8.280700453464064,38.98284370075761,Head,Open Play,Off T,0,0.07488629,0.0805318850820532,0.00018417883938092914
Guro Reiten,Norway Women's,22924,72,27,106.7,23.0,21.58448516875026,12.142316009587,Left Foot,Open Play,Saved Off Target,0,0.033424146,0.050911793036367434,0.0009988182164025476
Lisa-Marie Utland,Norway Women's,22924,72,33,111.2,51.0,14.086873322352265,19.193571688411005,Right Foot,Open Play,Goal,1,0.15057775,0.06951186559737893,0.21018543423271993
Francisca Ordega,Nigeria Women's,22924,72,40,117.3,46.5,7.03846574190711,28.670133914198367,Head,Open Play,Wayward,0,0.11567789,0.07243917151948144,0.13046350765455733
Rita Chikwelu,Nigeria Women's,22924,72,40,104.7,35.7,15.892765649816898,25.090931569464907,Left Foot,Open Play,Blocked,0,0.10432916,0.1250200642688064,0.2449203153926802
Ngozi Sonia Okobi,Nigeria Women's,22924,72,40,109.0,41.6,11.115754585272203,36.1633541355049,Left Foot,Open Play,Wayward,0,0.19083214,0.24631374298355238,0.3814672867582321
Osinachi Marvis Ohale,Nigeria Women's,22924,72,42,99.5,31.3,22.269710370815332,17.274469483602434,Right Foot,Open Play,Blocked,0,0.048459567,0.040700192622590864,0.00011477195911311573
Maren Nævdal Mjelde,Norway Women's,22924,72,46,100.9,24.1,24.851961693194355,13.028427748854165,Right Foot,Free Kick,Off T,0,0.050098483,0.06546752268998086,0.004267802448905557
Isabell Herlovsen,Norway Women's,22924,72,55,107.4,31.2,15.368799562750498,22.487574396217028,Left Foot,Open Play,Blocked,0,0.13512628,0.12450657104492409,0.0004125559436493714
Chinaza Uchendu,Nigeria Women's,22924,72,59,101.7,47.1,19.629060089571276,19.808479461660554,Right Foot,Open Play,Off T,0,0.05106635,0.05774207728120901,7.34575467185932e-05
Asisat Lamina Oshoala,Nigeria Women's,22924,72,69,116.7,55.5,15.847397262642216,5.801623114333898,Right Foot,Open Play,Off T,0,0.05698332,0.06258140946296215,0.0006369426090332719
Elise Thorsnes,Norway Women's,22924,72,82,102.6,35.5,17.972478960900197,22.36110044436926,Right Foot,Open Play,Saved,0,0.11826606,0.07326669714375271,0.06402791781575114
Caroline Graham Hansen,Norway Women's,22924,72,83,106.6,37.2,13.689411966918087,29.410385746668485,Right Foot,Open Play,Saved,0,0.074453816,0.1338066977444132,0.11859477881724913
Caroline Graham Hansen,Norway Women's,22924,72,86,92.7,31.6,28.563088068344427,13.98397635693225,Right Foot,Free Kick,Off T,0,0.05140978,0.04468964062164567,0.006425489444732359
Francisca Ordega,Nigeria Women's,22924,72,87,95.7,38.9,24.324884377936925,17.09695306497216,Right Foot,Open Play,Off T,0,0.054327987,0.0322561257293672,7.815461588015727e-05
Osinachi Marvis Ohale,Nigeria Women's,22924,72,92,103.1,37.4,17.09883036935568,23.91434347629283,Head,Open Play,Off T,0,0.06702279,0.03220593309952768,6.684091035599372e-05
Asisat Lamina Oshoala,Nigeria Women's,22924,72,94,99.8,57.6,26.791789787171744,11.855032829093025,Right Foot,Open Play,Off T,0,0.023473585,0.021528470758555903,0.00017784657394774082
So-Hyun Cho,Korea Republic Women's,22921,72,1,84.8,42.1,35.262586405424095,11.830892885051004,Right Foot,Open Play,Blocked,0,0.013466425,0.008215818964580051,0.011960744364135432
Amandine Henry,France Women's,22921,72,1,104.3,21.5,24.26396505107935,11.296058819895327,Right Foot,Open Play,Off T,0,0.013455737,0.0282153271855155,0.00023371199580073237
Eugénie Le Sommer,France Women's,22921,72,2,92.8,34.7,27.71154993860863,14.782069762630158,Right Foot,Open Play,Blocked,0,0.01888194,0.020847890867374482,0.0002135307532529205
Eugénie Le Sommer,France Women's,22921,72,6,101.0,40.7,19.012890364171355,21.779020606863327,Right Foot,Open Play,Saved,0,0.0854364,0.06464498336900992,0.11141926456576708
Eugénie Le Sommer,France Women's,22921,72,8,112.1,43.8,8.76641317757725,42.343901394160845,Right Foot,Open Play,Goal,1,0.29059565,0.27348726862058054,0.5577437626155389
Kadidiatou Diani,France Women's,22921,72,12,97.1,50.9,25.361782271756855,14.903796181669335,Right Foot,Open Play,Blocked,0,0.024259957,0.02723632401265033,0.00025827522806467297
Delphine Cascarino,France Women's,22921,72,12,113.5,55.1,16.439586369492392,10.494176765400056,Right Foot,Open Play,Saved,0,0.016413823,0.06552280695456703,0.18741455414661842
Kadidiatou Diani,France Women's,22921,72,21,95.7,50.1,26.315394733881533,14.67760300452321,Right Foot,Open Play,Blocked,0,0.0232306,0.01604149550737415,3.171754051558926e-05
Griedge Mbock Bathy Nka,France Women's,22921,72,21,109.7,42.9,10.700467279516346,36.71278579398355,Left Foot,Open Play,Off T,0,0.104581654,0.2579265522047735,0.03683216799501141
Kadidiatou Diani,France Women's,22921,72,31,108.2,51.2,16.2689889052762,18.969793508889307,Right Foot,Open Play,Off T,0,0.03882103,0.08120945420646183,5.1536074051234826e-05
Delphine Cascarino,France Women's,22921,72,31,105.8,57.3,22.381465546295217,12.035455320776828,Right Foot,Open Play,Blocked,0,0.023609262,0.03543994490232916,5.2175513978049655e-06
Kadidiatou Diani,France Women's,22921,72,32,101.0,57.3,25.696108654813862,12.133685797449797,Right Foot,Open Play,Off T,0,0.023152597,0.016164583093258442,0.0013116815674435232
Eugénie Le Sommer,France Women's,22921,72,33,111.3,27.2,15.476756766196207,15.728288492789284,Left Foot,Open Play,Saved,0,0.04286,0.1060383573506109,0.005125869179781782
Wendie Renard,France Women's,22921,72,34,113.3,35.8,7.907591289387689,44.94724361973501,Head,Open Play,Goal,1,0.086351536,0.13970230224445512,0.28742797741032705
Gaëtane Thiney,France Women's,22921,72,37,109.9,36.5,10.689246933250251,36.240823011665015,Head,Open Play,Off T,0,0.05301851,0.05834465236849917,2.5888505979754924e-05
Elise Bussaglia,France Women's,22921,72,43,90.9,49.2,30.519665791092795,13.062935648306539,Right Foot,Open Play,Off T,0,0.019578105,0.014542381151411179,1.2557770506411416e-05
Wendie Renard,France Women's,22921,72,46,109.5,41.6,10.621205204683694,37.70859336962707,Head,Open Play,Goal,1,0.066949554,0.060840258374935056,0.25278472560973747
Eugénie Le Sommer,France Women's,22921,72,53,97.1,44.1,23.264135487913588,17.618957693334107,Right Foot,Open Play,Blocked,0,0.030225165,0.036757544870176205,0.09956160568151552
Amandine Henry,France Women's,22921,72,56,96.8,34.7,23.79768896342668,17.073411964275184,Right Foot,Open Play,Saved,0,0.044485226,0.03418811853676405,0.03465578467397132
Chae-Rim Kang,Korea Republic Women's,22921,72,69,98.9,55.5,26.181291030046623,12.94282001795886,Right Foot,Open Play,Off T,0,0.024309399,0.023682262023037973,0.0018561592389590075
Min-A Lee,Korea Republic Women's,22921,72,76,103.6,49.2,18.80425483766906,19.436419353780202,Right Foot,Open Play,Off T,0,0.21074565,0.06258858131205954,0.00028272256941829556
Elise Bussaglia,France Women's,22921,72,77,99.2,39.4,20.80865204668481,19.943609988718737,Right Foot,Open Play,Off T,0,0.072182946,0.050938350957240336,0.0013607458629803755
Hye-Ri Kim,Korea Republic Women's,22921,72,83,93.2,51.4,29.123873368767413,13.224353855105596,Right Foot,Open Play,Blocked,0,0.014244598,0.017104793239042976,1.9174094763196984e-05
Amandine Henry,France Women's,22921,72,84,99.1,29.6,23.3445925216098,16.05590684713741,Right Foot,Open Play,Goal,1,0.045541815,0.035083441750667715,0.18386388403599618
Kadidiatou Diani,France Women's,22921,72,88,96.3,36.7,23.928643923131126,17.236226696817596,Left Foot,Open Play,Blocked,0,0.020248191,0.044437884415036114,0.10483268606668185
Geum-Min Lee,Korea Republic Women's,22921,72,92,101.6,24.9,23.802730935756095,13.684221093418653,Right Foot,Open Play,Blocked,0,0.02396644,0.03148031805669763,1.5927650421376103e-05
Marta Corredera Rueda,Spain Women's,22930,72,3,94.7,34.8,25.828859827719842,15.816861680038812,Right Foot,Open Play,Blocked,0,0.029342094,0.026426897150218197,0.00029016765748264995
María Francesca Caldentey Oliver,Spain Women's,22930,72,4,99.1,25.4,25.49450921276972,13.513616119865322,Right Foot,Open Play,Saved,0,0.032683503,0.025941123675661103,0.0697613943514427
María Victoria Losada Gómez,Spain Women's,22930,72,5,103.7,20.7,25.262224763468474,10.811679694529193,Right Foot,Open Play,Wayward,0,0.010581107,0.02493031434242157,8.92752535153724e-09
Alexia Putellas Segura,Spain Women's,22930,72,6,108.4,37.2,11.93314711214103,33.35331655463065,Head,Open Play,Saved,0,0.06743691,0.047569849163155424,0.10828315784282336
María Pilar León Cebrián,Spain Women's,22930,72,11,95.4,46.2,25.369272752682523,15.946539036771618,Left Foot,Free Kick,Off T,0,0.07538676,0.08617581804873986,0.00455034055943169
Alexia Putellas Segura,Spain Women's,22930,72,13,98.7,48.8,23.0462578307195,16.759703722116484,Left Foot,Open Play,Blocked,0,0.043752067,0.048409916166698055,0.0001558234468481824
Nothando Vilakazi,South Africa Women's,22930,72,15,100.5,54.2,24.12239623254705,14.094698135924839,Left Foot,Free Kick,Blocked,0,0.06191389,0.09416150370073013,0.00040753854283205165
Amanda Sampedro Bustos,Spain Women's,22930,72,19,104.0,42.3,16.164467204334326,25.288825248319867,Right Foot,Open Play,Wayward,0,0.064777724,0.09483346806003559,0.1854091502692156
Alexia Putellas Segura,Spain Women's,22930,72,22,108.4,39.5,11.610770861575034,34.96728375993882,Left Foot,Open Play,Blocked,0,0.09985595,0.2305298040769298,0.2179092048366959
Thembi Kgatlana,South Africa Women's,22930,72,24,99.9,26.1,24.43808503136037,14.144804897427566,Right Foot,Open Play,Goal,1,0.037462287,0.01958190493983879,0.15708395352742538
Jennifer Hermoso Fuentes,Spain Women's,22930,72,27,108.3,38.5,11.795761950802502,34.25861829583019,Head,Open Play,Saved,0,0.080031045,0.04934331059468806,0.08216083931148668
Marta Torrejón Moya,Spain Women's,22930,72,31,103.4,47.7,18.2989070711887,20.706940977797984,Head,Open Play,Off T,0,0.083202675,0.026049498007553525,5.619098457119808e-06
Jennifer Hermoso Fuentes,Spain Women's,22930,72,42,108.0,39.1,12.033702672078947,33.75955552608675,Head,Open Play,Blocked,0,0.05646577,0.04750500687718297,0.049391980236802795
Marta Corredera Rueda,Spain Women's,22930,72,48,88.5,28.7,33.46550462790005,11.770766031588531,Right Foot,Open Play,Saved,0,0.01433767,0.010072319114844047,0.0868860888342383
Alexia Putellas Segura,Spain Women's,22930,72,46,103.6,38.2,16.49848477891228,24.884515574068296,Left Foot,Open Play,Blocked,0,0.068688296,0.11704724062386952,0.14182632432518338
Jennifer Hermoso Fuentes,Spain Women's,22930,72,46,102.1,52.5,21.83254451501245,15.792830135913713,Left Foot,Open Play,Post,0,0.043638673,0.05402714570744219,0.001024316560323891
María Francesca Caldentey Oliver,Spain Women's,22930,72,46,115.8,36.0,5.8000000000000025,56.63577731623996,Left Foot,Open Play,Blocked,0,0.33684486,0.3967146746658777,0.5934840378455785
Jennifer Hermoso Fuentes,Spain Women's,22930,72,48,104.3,42.9,15.965587994182991,25.448240157867996,Left Foot,Open Play,Blocked,0,0.06737793,0.12507922471261607,0.2244579877814319
Lucía García Córdoba,Spain Women's,22930,72,48,109.1,54.9,18.46131089603336,13.695133055148304,Right Foot,Open Play,Off T,0,0.042570114,0.03783991053086297,0.0023355805539958053
María Francesca Caldentey Oliver,Spain Women's,22930,72,50,105.0,26.8,19.980990966416055,15.884798577408814,Right Foot,Open Play,Saved,0,0.045610107,0.050644688421700244,0.1750921105300936
Marta Torrejón Moya,Spain Women's,22930,72,53,109.0,32.7,13.201893803541974,26.585787151863745,Head,Open Play,Saved,0,0.17210355,0.052801316945894274,0.14753826016160698
Thembi Kgatlana,South Africa Women's,22930,72,56,113.5,31.2,10.940292500660117,24.114468827190493,Left Foot,Open Play,Saved,0,0.29031342,0.1979133975443726,0.1722610671438491
Jennifer Hermoso Fuentes,Spain Women's,22930,72,62,87.2,28.6,34.72463102755737,11.38453562338818,Left Foot,Open Play,Saved,0,0.0075457194,0.011444885003557292,0.051817904739054156
Irene Paredes Hernandez,Spain Women's,22930,72,65,111.9,36.6,8.78464569575802,42.91406001263516,Head,Open Play,Off T,0,0.07358751,0.0835598086796918,0.0014634021864564904
Jennifer Hermoso Fuentes,Spain Women's,22930,72,67,103.2,20.4,25.814724480420082,10.665222818078153,Left Foot,Open Play,Blocked,0,0.008119688,0.030773199357563678,2.1757541707237083e-06
Jennifer Hermoso Fuentes,Spain Women's,22930,72,69,108.0,39.9,12.000416659433121,33.9213803195501,Left Foot,Penalty,Goal,1,0.7835,0.76,0.76
María Francesca Caldentey Oliver,Spain Women's,22930,72,71,104.5,49.2,18.024705268048077,20.013855016596583,Right Foot,Open Play,Blocked,0,0.08880102,0.06899293202458884,0.0002024473906544641
Jennifer Hermoso Fuentes,Spain Women's,22930,72,82,107.9,40.1,12.100413216084807,33.65697577984355,Left Foot,Penalty,Goal,1,0.7835,0.76,0.76
Lucía García Córdoba,Spain Women's,22930,72,88,111.3,38.3,8.864536084872128,44.332941951276446,Right Foot,Open Play,Goal,1,0.9710867,0.28118715816208195,0.2141737197520326
Lucía García Córdoba,Spain Women's,22930,72,91,111.6,36.6,9.062008607367359,41.819126835815275,Left Foot,Open Play,Blocked,0,0.11219785,0.3229424270672429,0.4648877088534562
Nahikari García Pérez,Spain Women's,22930,72,92,109.1,50.3,14.996666296213972,20.668500771018895,Head,Open Play,Saved,0,0.053865258,0.03762436102682494,0.18967971915431317
Thembi Kgatlana,South Africa Women's,22930,72,94,92.4,58.1,33.00560558450639,10.634408025211439,Right Foot,Open Play,Blocked,0,0.007340123,0.0067696717117062925,7.338755516140519e-07
Thaysa de Moraes Rosa Moreno,Brazil Women's,22934,72,2,103.7,35.3,16.964079697997175,23.501803070222202,Right Foot,Open Play,Blocked,0,0.057234574,0.08372134105662142,0.2198686659851008
Letícia Santos de Oliveira,Brazil Women's,22934,72,5,93.2,50.3,28.711147660795447,13.599353981149909,Right Foot,Open Play,Off T,0,0.022012144,0.018088881957501055,0.002266429589075159
Débora Cristiane de Oliveira,Brazil Women's,22934,72,7,96.9,49.9,25.132051249350894,15.296977125643489,Left Foot,Open Play,Blocked,0,0.061012316,0.037134077744840066,9.559964325178721e-05
Monica Hickmann Alves,Brazil Women's,22934,72,11,108.9,39.1,11.136426715962346,36.296736551238155,Head,Open Play,Off T,0,0.047322396,0.0556502838799916,9.56962504412431e-05
Khadija Monifa Shaw,Jamaica Women's,22934,72,13,105.0,20.6,24.522642598219303,10.577915784487686,Right Foot,Open Play,Saved,0,0.010091806,0.02693472071578175,0.07974741254106625
Cristiane Rozeira de Souza Silva,Brazil Women's,22934,72,14,109.0,38.7,11.076551810017412,36.38003121457868,Head,Open Play,Goal,1,0.11556607,0.08338902507951082,0.254290831422751
Andressa Alves da Silva,Brazil Women's,22934,72,17,93.3,31.6,27.99017684831591,14.241269329750224,Left Foot,Free Kick,Off T,0,0.062267102,0.06262427315929074,0.0015785154556091246
Trudi Sudan Carter,Jamaica Women's,22934,72,18,98.3,33.9,22.541073621280777,17.801238239239243,Right Foot,Open Play,Blocked,0,0.036857683,0.039999209284147685,0.00037522126850593414
Deneisha Selena Blackwood,Jamaica Women's,22934,72,19,106.7,25.5,19.675873551128547,14.600412854321537,Left Foot,Open Play,Off T,0,0.031117655,0.06636029783324596,3.772229876967102e-05
Débora Cristiane de Oliveira,Brazil Women's,22934,72,24,108.6,33.1,13.32553938870769,26.94371833318795,Right Foot,Open Play,Saved,0,0.14621484,0.1315358313862674,0.3080415791386294
Trudi Sudan Carter,Jamaica Women's,22934,72,27,110.9,58.1,20.258825237411966,9.524270437270323,Right Foot,Open Play,Off T,0,0.012190274,0.0422092566982543,0.0004952895776910916
Khadija Monifa Shaw,Jamaica Women's,22934,72,29,100.9,59.5,27.295787220741587,10.81809921363291,Right Foot,Open Play,Saved,0,0.009572035,0.019828178354577147,0.19517532873103302
Beatriz Zaneratto João,Brazil Women's,22934,72,31,93.2,51.1,29.0077575831018,13.328321595411673,Left Foot,Open Play,Blocked,0,0.0188664,0.015119756963640577,0.03161303421780995
Khadija Monifa Shaw,Jamaica Women's,22934,72,35,112.3,27.7,14.511374848717818,15.952272842887313,Left Foot,Open Play,Saved,0,0.092835434,0.11763640072812281,0.0002787990478003894
Andressa Alves da Silva,Brazil Women's,22934,72,37,107.9,40.0,12.099999999999994,33.658962846682805,Left Foot,Penalty,Saved,0,0.7835,0.76,0.76
Cheyna Lee Matthews,Jamaica Women's,22934,72,39,103.1,42.0,17.017931719219,24.12615112665426,Left Foot,Open Play,Blocked,0,0.03515197,0.10914364182777737,0.14207204305770646
Havana Solaun,Jamaica Women's,22934,72,39,95.1,40.9,24.916259751415346,16.702764511006652,Right Foot,Open Play,Off T,0,0.03917793,0.029907899958238532,0.00010375178973818274
Cristiane Rozeira de Souza Silva,Brazil Women's,22934,72,49,118.3,34.1,6.1400325732034995,27.112721366459105,Left Foot,Open Play,Goal,1,0.44979084,0.31621609514654425,0.27440776238013054
Trudi Sudan Carter,Jamaica Women's,22934,72,53,103.3,38.8,16.74305826305338,24.605658538034465,Left Foot,Open Play,Blocked,0,0.04944091,0.11346240479246378,0.1131426772203941
Débora Cristiane de Oliveira,Brazil Women's,22934,72,55,97.5,21.5,29.129023327259016,11.15674179403686,Right Foot,Open Play,Blocked,0,0.0074156392,0.016247578818502542,1.5915633951504706e-06
Allyson Swaby,Jamaica Women's,22934,72,60,118.8,34.8,5.336665625650538,30.213246928646882,Right Foot,Open Play,Off T,0,0.14518361,0.2921388076311066,0.011933167772250071
Cristiane Rozeira de Souza Silva,Brazil Women's,22934,72,63,98.1,35.1,22.441479452121694,18.108232676747768,Left Foot,Free Kick,Goal,1,0.10027192,0.12241176878746837,0.17911701120345788
Geyse da Silva Ferreira,Brazil Women's,22934,72,77,104.2,36.0,16.298466185503464,24.631820416900172,Left Foot,Open Play,Saved,0,0.14902708,0.11878772577051833,0.11825756131087722
Thaysa de Moraes Rosa Moreno,Brazil Women's,22934,72,77,100.3,38.4,19.764867821465444,20.919157730168045,Right Foot,Open Play,Off T,0,0.04858935,0.05840489016106013,0.0019508098003152296
Ludmila da Silva,Brazil Women's,22934,72,79,113.3,46.3,9.196738552334734,34.56572199184667,Right Foot,Open Play,Off T,0,0.29560333,0.2277501232109284,0.0031467514218331454
Dominique Bond-Flasza,Jamaica Women's,22934,72,82,84.7,49.7,36.608468965527635,11.020606259152117,Right Foot,Free Kick,Blocked,0,0.008335763,0.016896955753092163,0.011837854902675774
Chinyelu Asher,Jamaica Women's,22934,72,82,96.2,29.0,26.219077024182216,14.491734737916545,Left Foot,Open Play,Blocked,0,0.02641708,0.032270891766962725,0.00029952950209135665
Ludmila da Silva,Brazil Women's,22934,72,87,104.3,44.5,16.332176829804414,24.4003532425306,Right Foot,Open Play,Off T,0,0.12596117,0.061641453899153036,0.0005109105239750051
Débora Cristiane de Oliveira,Brazil Women's,22934,72,93,104.3,22.5,23.51042322035059,12.028741656115088,Right Foot,Open Play,Off T,0,0.028824039,0.03124633743668761,0.0019606570381358493
Christine Margaret Sinclair,Canada Women's,22939,72,2,110.9,39.3,9.126883367283703,43.61845123753346,Head,Open Play,Blocked,0,0.08237108,0.08190318655466979,0.08051103364099754
Christine Margaret Sinclair,Canada Women's,22939,72,3,116.8,47.2,7.879086241436887,25.69405667781547,Head,Open Play,Off T,0,0.11652051,0.09146848471449104,0.023424252707051552
Christine Manie,Cameroon W,22939,72,5,109.6,43.0,10.824047302187852,36.266082542456495,Right Foot,Open Play,Off T,0,0.052623775,0.2032525309753665,0.012069401240683288
Raissa Feudjio Tchuanyo,Cameroon W,22939,72,5,94.7,48.9,26.81976882823563,14.700413676823795,Right Foot,Open Play,Blocked,0,0.016222654,0.023006537365785663,0.022142305313115465
Janine Elizabeth Sonis,Canada Women's,22939,72,12,91.4,36.3,28.838342532122052,14.35137640969438,Right Foot,Open Play,Off T,0,0.018476428,0.011946239685314781,7.076801870196528e-05
Sophie Schmidt,Canada Women's,22939,72,15,104.2,42.4,15.981239000778379,25.54353969172465,Head,Open Play,Saved,0,0.052340277,0.0379302266288247,0.07455183726422315
Nichelle Patrice Prince,Canada Women's,22939,72,24,109.0,41.2,11.065260954898443,36.44270920578078,Left Foot,Open Play,Off T,0,0.114171505,0.2486983279172103,0.010848916650602022
Claudine Falonne Meffometou Tcheno,Cameroon W,22939,72,30,96.8,41.4,23.242202993692317,17.86757377906216,Right Foot,Open Play,Off T,0,0.04025367,0.024543023896300222,0.001827207780789952
Janine Elizabeth Sonis,Canada Women's,22939,72,39,110.1,60.0,22.31613765865411,8.504844681105086,Left Foot,Open Play,Blocked,0,0.008133052,0.0285834100404919,1.7695263131277806e-06
Nichelle Patrice Prince,Canada Women's,22939,72,42,108.3,51.8,16.61715980545412,18.05450685872396,Right Foot,Open Play,Blocked,0,0.069202796,0.05145140188916011,7.722247910600904e-05
Kadeisha Buchanan,Canada Women's,22939,72,44,116.3,36.8,4.891829923454007,68.74630942489205,Head,Open Play,Goal,1,0.18075319,0.29417304630281094,0.6952965651775532
Janine Elizabeth Sonis,Canada Women's,22939,72,47,97.5,21.7,29.00241369265669,11.25342253199928,Right Foot,Open Play,Saved,0,0.009173761,0.010860724900403204,0.018013548158278343
Christine Margaret Sinclair,Canada Women's,22939,72,51,93.9,38.7,26.132355423880174,15.926803104528227,Right Foot,Free Kick,Blocked,0,0.067847535,0.061020192113285396,0.05080196943965653
Ashley Elizabeth Marie Lawrence,Canada Women's,22939,72,65,104.8,58.0,23.559286916203558,11.608157876920457,Left Foot,Open Play,Blocked,0,0.013266789,0.040451863945630676,4.484029414704136e-06
Claudine Falonne Meffometou Tcheno,Cameroon W,22939,72,69,114.4,35.7,7.060453243241535,48.353137742058216,Head,Open Play,Off T,0,0.102541514,0.16314880274726534,0.004817100059852532
Christine Margaret Sinclair,Canada Women's,22939,72,77,110.8,49.3,13.081666560496028,23.11984341478255,Head,Open Play,Wayward,0,0.119423136,0.04927676756255528,1.4747430431249632e-07
Janine Elizabeth Sonis,Canada Women's,22939,72,86,95.0,47.8,26.188547115103578,15.223873103487776,Right Foot,Open Play,Off T,0,0.026237166,0.02501689834013033,0.00015341702409338938
Christine Margaret Sinclair,Canada Women's,22939,72,87,103.0,45.9,17.994721448246985,21.845033057489395,Right Foot,Open Play,Blocked,0,0.049516506,0.04841655822269032,0.00041863761913883143
Christine Margaret Sinclair,Canada Women's,22939,72,87,117.9,43.0,3.6619666847201073,89.94632715432945,Right Foot,Open Play,Wayward,0,0.3310977,0.6902717986779701,0.5846421901492602
Janine Elizabeth Sonis,Canada Women's,22939,72,90,100.2,57.0,26.096743091811284,12.24804872796544,Left Foot,Open Play,Saved,0,0.021611158,0.02047138598363096,0.028928700601920352
Lieke Martens,Netherlands Women's,22942,72,9,105.8,33.1,15.787653403846946,23.783690895266847,Right Foot,Open Play,Saved,0,0.11571306,0.09533215805212404,0.1653921149682239
Olivia Chance,New Zealand Women's,22942,72,10,101.1,31.3,20.806249061279647,18.251994907133856,Left Foot,Open Play,Post,0,0.07762689,0.06398586174989579,0.0030865946958302786
Sarah Gregorius,New Zealand Women's,22942,72,10,107.4,43.2,12.999999999999995,30.65665890122655,Head,Open Play,Saved,0,0.04339928,0.039650711227912624,0.10795729331320639
Vivianne Miedema,Netherlands Women's,22942,72,12,113.9,37.2,6.711929677819927,54.66666228619897,Head,Open Play,Off T,0,0.19162792,0.13444319782833716,0.024789597246487497
Lieke Martens,Netherlands Women's,22942,72,28,118.0,42.6,3.2802438933713463,100.2054900438926,Head,Open Play,Off T,0,0.6956051,0.5242430996363885,0.09630078148338102
Jackie Groenen,Netherlands Women's,22942,72,29,107.8,46.9,14.016062214473795,26.005664485495085,Right Foot,Open Play,Blocked,0,0.10824936,0.12020613193481706,0.000848955627054006
Rosie White,New Zealand Women's,22942,72,33,90.8,39.9,29.20017123237465,14.288507720637135,Left Foot,Open Play,Saved,0,0.038763523,0.022990246090824663,0.06870549151205795
Vivianne Miedema,Netherlands Women's,22942,72,44,99.5,28.8,23.360008561642264,15.74376335389859,Right Foot,Open Play,Blocked,0,0.021647874,0.034760552865080944,5.601934852283709e-05
Dominique Johanna Anna Petrone Janssen,Netherlands Women's,22942,72,45,115.5,34.9,6.801470429252782,45.065824762865084,Right Foot,Open Play,Off T,0,0.19363295,0.33570411855993654,0.00525383240740009
Ria Percival,New Zealand Women's,22942,72,50,87.9,41.5,32.13502761785027,12.981654437657179,Left Foot,Open Play,Blocked,0,0.019505082,0.01597965793777075,0.0184024538153292
Sarah Gregorius,New Zealand Women's,22942,72,51,113.4,39.7,6.606814663663566,57.94398725029642,Right Foot,Open Play,Saved,0,0.500194,0.4162728105134707,0.7650484438535691
Lieke Martens,Netherlands Women's,22942,72,53,106.7,26.5,18.95098942008042,15.726356295524301,Left Foot,Open Play,Off T,0,0.07773037,0.07362451515357747,0.007078765109364956
Vivianne Miedema,Netherlands Women's,22942,72,65,114.9,44.2,6.606814663663569,50.97818452394242,Right Foot,Open Play,Saved,0,0.15695015,0.3746668577563584,0.612850964587951
Desiree van Lunteren,Netherlands Women's,22942,72,67,94.5,58.1,31.270753108935516,10.95345973129715,Right Foot,Open Play,Off T,0,0.0087373275,0.012675366856541958,0.0007476203920601999
Paige Therese Satchell,New Zealand Women's,22942,72,76,114.0,55.1,16.24838453508533,9.940104719545522,Right Foot,Open Play,Off T,0,0.017562142,0.04416442240509373,0.00044955232382207097
Danielle van de Donk,Netherlands Women's,22942,72,78,108.4,38.9,11.65203844827161,34.75564424221044,Head,Open Play,Blocked,0,0.065542646,0.05072108664568639,0.052414589156413144
Vivianne Miedema,Netherlands Women's,22942,72,78,112.5,46.6,9.990495483208027,32.42823522110047,Head,Open Play,Off T,0,0.067529246,0.05753728759396929,0.003927545332962299
Sherida Spitse,Netherlands Women's,22942,72,82,94.5,45.8,26.151290599127226,15.55675525040526,Right Foot,Open Play,Blocked,0,0.027761148,0.025326470823254354,0.030176015887396074
Vivianne Miedema,Netherlands Women's,22942,72,82,103.2,43.5,17.160710940983765,23.62889869241505,Right Foot,Open Play,Blocked,0,0.050641745,0.0822388002588551,0.18067082652516844
Merel van Dongen,Netherlands Women's,22942,72,89,93.6,21.6,32.179496577790026,10.70625595537362,Left Foot,Open Play,Off T,0,0.008817337,0.009877169405528739,0.0012019333755591017
Lineth Beerensteyn,Netherlands Women's,22942,72,91,113.1,42.6,7.373601562330316,50.94945495547529,Head,Open Play,Blocked,0,0.15020642,0.1159431498531544,0.1727876513022233
Jill Roord,Netherlands Women's,22942,72,91,116.1,35.0,6.34113554499508,46.79355514280115,Head,Open Play,Goal,1,0.2547438,0.11749829476243508,0.11111342105811925
Sara Däbritz,Germany Women's,22984,72,2,113.3,39.0,6.774215821775981,56.473294075282176,Right Foot,Open Play,Saved,0,0.2792247,0.40271759107753713,0.3721781917839623
Sara Däbritz,Germany Women's,22984,72,6,93.7,35.8,26.63324989557226,15.463015452917395,Right Foot,Open Play,Off T,0,0.04217997,0.023936108033029514,0.0018221156105835345
Melanie Leupolz,Germany Women's,22984,72,13,113.9,38.7,6.2369864518050635,60.26578785510724,Head,Open Play,Goal,1,0.14540619,0.22404455461584985,0.38414902000820367
Nothando Vilakazi,South Africa Women's,22984,72,15,93.4,9.5,40.46986533212088,6.835202683152164,Left Foot,Open Play,Off T,0,0.0044716755,0.00530094047537151,0.0003352844421997871
Sara Däbritz,Germany Women's,22984,72,15,112.1,29.0,13.542894816101914,18.785012293290826,Left Foot,Open Play,Saved,0,0.14130749,0.09467619109755057,0.17596611101847978
Alexandra Popp,Germany Women's,22984,72,15,114.1,40.6,5.9304300012731,63.2438053730801,Left Foot,Open Play,Off T,0,0.75628793,0.5389869960684218,0.06244649756910027
Sara Däbritz,Germany Women's,22984,72,19,113.6,41.9,6.676076692189812,56.35873020516687,Right Foot,Open Play,Blocked,0,0.237641,0.40475079097050676,0.4284615865056696
Sara Däbritz,Germany Women's,22984,72,28,108.2,43.9,12.42779143693681,31.481614527637134,Left Foot,Open Play,Goal,1,0.29337415,0.19994681718729385,0.3022505151925393
Svenja Huth,Germany Women's,22984,72,34,112.5,39.6,7.51065909225016,51.921138971700145,Right Foot,Open Play,Wayward,0,0.35727128,0.35598427492755114,7.841205840264297e-09
Lina Magull,Germany Women's,22984,72,34,103.4,34.3,17.551353224181884,22.41067345714961,Right Foot,Open Play,Off T,0,0.269407,0.07671878840376396,0.004190046254875325
Alexandra Popp,Germany Women's,22984,72,39,113.3,39.3,6.736467917239719,56.88932800815272,Head,Open Play,Goal,1,0.19979903,0.14069983217891388,0.18681193533927046
Alexandra Popp,Germany Women's,22984,72,41,106.9,39.6,13.106105447462257,31.193926010346697,Left Foot,Open Play,Saved,0,0.057896953,0.1304197576598067,0.21967491539176123
Busisiwe Ndimeni,South Africa Women's,22984,72,43,99.7,28.4,23.380547470065792,15.570960122134444,Right Foot,Open Play,Blocked,0,0.06198871,0.022846619720771306,5.413953183922783e-05
Klara Bühl,Germany Women's,22984,72,48,94.4,41.9,25.670410982296325,16.186519345801234,Left Foot,Open Play,Blocked,0,0.036945477,0.035736806446286386,0.031837440977477365
Lina Magull,Germany Women's,22984,72,53,107.8,16.2,26.744719104899943,7.2510464283069,Right Foot,Free Kick,Blocked,0,0.008009159,0.04648315421671197,1.8629109278029016e-06
Melanie Leupolz,Germany Women's,22984,72,54,112.9,42.8,7.632168761236867,49.20418681393132,Head,Open Play,Saved,0,0.09622249,0.10862590797705678,0.3770331516494889
Alexandra Popp,Germany Women's,22984,72,54,113.5,44.0,7.632168761236874,46.68898310173793,Head,Open Play,Off T,0,0.11218843,0.10268529565958551,0.00816583095172557
Marina Hegering,Germany Women's,22984,72,57,108.7,35.9,12.020815280171306,32.24852583487338,Head,Open Play,Saved to Post,0,0.12321685,0.06854342024524523,0.06442837990661582
Lina Magull,Germany Women's,22984,72,57,118.8,42.2,2.5059928172283374,129.00967810885268,Left Foot,Open Play,Goal,1,0.72228366,0.8998133678730499,0.8818154140997936
Marina Hegering,Germany Women's,22984,72,61,107.7,37.9,12.47798060585125,32.32153887981215,Right Foot,Open Play,Off T,0,0.09928576,0.16039169137028542,0.0011642689689993486
Lina Magull,Germany Women's,22984,72,64,108.5,33.6,13.160927019021115,27.777391620756188,Left Foot,Open Play,Blocked,0,0.069000944,0.17311232016430186,0.001342528688686223
Sara Däbritz,Germany Women's,22984,72,69,110.2,28.6,15.033296378372906,18.64518741107415,Right Foot,Open Play,Saved,0,0.06896798,0.09180990554306884,0.0019448337648669408
Janine van Wyk,South Africa Women's,22984,72,70,81.5,41.1,38.51571108002551,10.852272156355017,Right Foot,Open Play,Off T,0,0.0062641236,0.005525611567807946,0.00013699175399042588
Sara Däbritz,Germany Women's,22984,72,72,110.3,37.7,9.968951800465286,39.5491344321025,Left Foot,Open Play,Saved,0,0.30125463,0.2096863973484104,0.38527246293361206
Thembi Kgatlana,South Africa Women's,22984,72,73,104.0,38.4,16.079800993793423,25.53475109771836,Right Foot,Open Play,Saved,0,0.4382434,0.0962076601387386,0.14346965639432832
Rhoda Mulaudzi,South Africa Women's,22984,72,73,93.4,57.4,31.785531299633796,11.051468271806993,Right Foot,Open Play,Blocked,0,0.00814128,0.011982961614952726,3.627110201414033e-05
Thembi Kgatlana,South Africa Women's,22984,72,77,95.1,30.1,26.795895208035134,14.503028780554905,Right Foot,Open Play,Off T,0,0.022040086,0.02295750832273467,4.931166202252909e-05
Kholosa Biyana,South Africa Women's,22984,72,79,79.5,57.1,43.96202907055133,8.78082052746157,Right Foot,Open Play,Wayward,0,0.0060845027,0.0028085465940241696,1.4462270513210429e-05
Rhoda Mulaudzi,South Africa Women's,22984,72,86,107.6,28.4,16.979988221432905,18.270961172042288,Left Foot,Open Play,Off T,0,0.12881766,0.06496148024380766,8.24262260993272e-05
Carolin Simon,Germany Women's,22984,72,91,108.8,28.0,16.414627622946554,17.754778181315427,Left Foot,Open Play,Off T,0,0.03858234,0.10071702877511383,0.018345271724739792
Lea Schüller,Germany Women's,22984,72,93,108.8,40.5,11.211155159036917,36.13246898241925,Right Foot,Open Play,Saved,0,0.15690722,0.19559735471842118,0.2058856698554716
Jill Scott,England Women's,69199,72,2,109.1,42.8,11.253888216967509,35.16478861209576,Right Foot,Open Play,Goal,1,0.263847,0.19105650768370055,0.3935401712661227
Karina Sævik,Norway Women's,69199,72,14,87.5,45.2,32.91337114304762,12.536242379497908,Right Foot,Open Play,Blocked,0,0.022424877,0.010931967527002455,0.00011841817594068326
Nikita Parris,England Women's,69199,72,20,112.9,51.2,13.260844618650804,17.740381930650294,Left Foot,Open Play,Off T,0,0.10588755,0.13869373272152877,0.014368901951509767
Caroline Graham Hansen,Norway Women's,69199,72,24,99.2,32.5,22.11085706163377,17.755360091995826,Right Foot,Open Play,Blocked,0,0.05733184,0.04190102834633802,0.00033840037726272154
Ellen White,England Women's,69199,72,28,112.6,51.4,13.591173606425608,17.545502507629173,Right Foot,Open Play,Post,0,0.13438478,0.10404858088724074,0.49253214285284114
Francesca Kirby,England Women's,69199,72,28,104.4,22.1,23.74384130674731,11.72145423938636,Left Foot,Open Play,Blocked,0,0.025318755,0.039742270479667344,1.0464648809655756e-05
Guro Reiten,Norway Women's,69199,72,30,100.8,40.6,19.20937271229855,21.56520566150479,Left Foot,Open Play,Blocked,0,0.06654555,0.08195318844171369,0.07524754183544807
Nikita Parris,England Women's,69199,72,38,115.0,49.9,11.090987332063813,18.464047998288567,Head,Open Play,Saved,0,0.09617749,0.05484936886178541,0.3399156629388569
Ellen White,England Women's,69199,72,39,114.9,42.0,5.47813836992093,66.00880943647753,Right Foot,Open Play,Goal,1,0.7931344,0.4984034670306772,0.41615540585799865
Jill Scott,England Women's,69199,72,45,118.0,45.8,6.135144660071184,31.125711689722383,Right Foot,Open Play,Off T,0,0.15083857,0.2780354110162121,0.009945642380584685
Isabell Herlovsen,Norway Women's,69199,72,45,101.9,53.0,22.284748147555984,15.333034348135259,Left Foot,Open Play,Off T,0,0.04479847,0.050866862081773136,0.0006632266696277877
Lucy Bronze,England Women's,69199,72,51,94.7,51.6,27.832534918688236,13.673155458927981,Right Foot,Open Play,Saved,0,0.012281319,0.020014091550705715,0.03016472707132824
Lucy Bronze,England Women's,69199,72,56,100.1,45.4,20.619650821485806,19.48158026205013,Right Foot,Open Play,Goal,1,0.055690303,0.051435197463559526,0.15185411804730944
Jill Scott,England Women's,69199,72,59,108.5,58.8,22.03837562072123,10.106061745472351,Right Foot,Open Play,Blocked,0,0.010957127,0.03514382178942614,8.838292598704145e-06
Nikita Parris,England Women's,69199,72,59,117.3,54.9,15.142654985173504,5.230308264156383,Right Foot,Open Play,Off T,0,0.011499355,0.06662503602720458,0.002584497462146059
Isabell Herlovsen,Norway Women's,69199,72,60,104.7,40.5,15.30816775450282,26.88030239096297,Right Foot,Open Play,Blocked,0,0.08341252,0.07291285819653663,0.06086853363391496
Ellen White,England Women's,69199,72,64,102.4,45.4,18.409780009549266,21.592052704778833,Right Foot,Open Play,Blocked,0,0.1298572,0.06867749512279628,0.0006671725619725882
Lisa-Marie Utland,Norway Women's,69199,72,65,118.0,27.4,12.757742747053651,5.597983449874022,Right Foot,Open Play,Blocked,0,0.016494997,0.08661513991258693,0.19537768604896555
Lisa-Marie Utland,Norway Women's,69199,72,65,118.2,45.5,5.787054518492114,33.25305904774251,Right Foot,Open Play,Off T,0,0.08649185,0.29714610353849685,0.007427389764040833
Lisa-Marie Utland,Norway Women's,69199,72,67,107.6,52.9,17.893294833540303,16.48236156055835,Right Foot,Open Play,Saved,0,0.0943385,0.06444002277578147,0.08353554171000326
Isabell Herlovsen,Norway Women's,69199,72,68,103.9,42.3,16.263455967290586,25.142293035139904,Left Foot,Open Play,Saved,0,0.121460296,0.12055730819103949,0.13217678012283646
Bethany Mead,England Women's,69199,72,68,103.7,22.9,23.624140195994432,12.355339599711565,Right Foot,Open Play,Off T,0,0.039730124,0.03109714826954279,0.0019126839971735313
Ingrid Syrstad Engen,Norway Women's,69199,72,72,89.0,49.8,32.512151574449824,12.26691162830909,Right Foot,Open Play,Blocked,0,0.019359985,0.011367474774820226,0.010082734422810257
Lisa-Marie Utland,Norway Women's,69199,72,72,106.3,40.0,13.700000000000003,29.91488829974027,Right Foot,Open Play,Off T,0,0.10938772,0.1351326935692763,0.0017346804108087275
Nikita Parris,England Women's,69199,72,82,108.0,39.9,12.000416659433121,33.9213803195501,Right Foot,Penalty,Saved,0,0.7835,0.76,0.76
Synne Skinnes Hansen,Norway Women's,69199,72,86,113.1,55.7,17.149344010777796,10.20025833959542,Right Foot,Open Play,Saved,0,0.013886981,0.06027136677022688,0.08763622750013134
Georgia Stanway,England Women's,69199,72,90,107.1,54.7,19.557607215607952,14.350198076682233,Right Foot,Open Play,Off T,0,0.05562064,0.05114833328191624,0.0008920421671513968
Georgia Stanway,England Women's,69199,72,91,102.9,44.5,17.682194433949643,22.697880030741665,Right Foot,Open Play,Blocked,0,0.087552816,0.076161189904602,0.19183002484729303
Valentina Cernoia,Italy Women's,69205,72,6,94.4,19.4,32.85909310982273,9.967178652403842,Right Foot,Open Play,Off T,0,0.008984105,0.010322567688997883,0.0023720140684663185
Valentina Bergamaschi,Italy Women's,69205,72,17,109.8,40.0,10.200000000000003,39.47836167178968,Right Foot,Open Play,Saved,0,0.25769645,0.2290190700442035,0.3969548734603495
Aurora Galli,Italy Women's,69205,72,24,93.9,51.1,28.362298919516373,13.578310436990847,Right Foot,Open Play,Off T,0,0.022098228,0.0123730279580655,0.0002533618612452499
Danielle van de Donk,Netherlands Women's,69205,72,26,97.7,47.3,23.464441182350793,16.902626685952495,Left Foot,Open Play,Blocked,0,0.03602125,0.04639533092911306,0.0005163333508737716
Vivianne Miedema,Netherlands Women's,69205,72,28,97.6,30.2,24.44994887520218,15.67267692185438,Left Foot,Open Play,Saved,0,0.04414221,0.04041202765446455,0.22150952629520543
Valentina Giacinti,Italy Women's,69205,72,35,107.3,31.8,15.117208737065189,23.370166006303865,Left Foot,Open Play,Off T,0,0.04292408,0.1301799810603325,0.001360158889797131
Lieke Martens,Netherlands Women's,69205,72,36,104.4,26.9,20.37081245311536,15.873671704126584,Right Foot,Open Play,Saved,0,0.03391834,0.0322513515696637,0.04432749483816585
Sherida Spitse,Netherlands Women's,69205,72,41,100.7,33.1,20.496341136895627,19.155579099339835,Right Foot,Free Kick,Saved,0,0.10185599,0.1188529498867019,0.19127747750069618
Lieke Martens,Netherlands Women's,69205,72,46,109.1,30.9,14.199295757184586,22.972004445616182,Right Foot,Open Play,Blocked,0,0.11369796,0.11032338837661088,0.00029435360701937673
Sherida Spitse,Netherlands Women's,69205,72,48,87.9,35.8,32.3736003558455,12.794959819769604,Right Foot,Open Play,Blocked,0,0.018165447,0.011700003714726749,0.00996746516873521
Vivianne Miedema,Netherlands Women's,69205,72,48,112.3,38.0,7.955501241279523,48.48418334288612,Head,Open Play,Off T,0,0.2707906,0.1499672494660832,1.3592338486844615e-05
Lieke Martens,Netherlands Women's,69205,72,49,104.1,32.4,17.622996340009838,21.387735764365175,Right Foot,Open Play,Saved,0,0.05982997,0.07435646317592585,0.19757109304205187
Jackie Groenen,Netherlands Women's,69205,72,50,108.8,47.0,13.207573584879247,26.979597808348093,Right Foot,Open Play,Blocked,0,0.19541445,0.09127089886974345,0.0008227393266421688
Shanice van de Sanden,Netherlands Women's,69205,72,53,97.3,47.3,23.84491560060551,16.662186818814195,Left Foot,Open Play,Saved,0,0.03312155,0.04423863228649494,0.0703929725819886
Lieke Martens,Netherlands Women's,69205,72,54,102.8,25.2,22.690967365892536,14.09353273506001,Right Foot,Open Play,Saved,0,0.0937863,0.035983542983180135,0.10955092448238372
Danielle van de Donk,Netherlands Women's,69205,72,57,100.1,30.3,22.138202275704327,16.991738133391944,Right Foot,Open Play,Post,0,0.033250168,0.04101711889188744,0.001870629651587763
Dominique Johanna Anna Petrone Janssen,Netherlands Women's,69205,72,57,110.4,45.7,11.164676439557034,32.27787639301717,Head,Open Play,Off T,0,0.20244199,0.07516832558675195,0.001065057588086174
Lineth Beerensteyn,Netherlands Women's,69205,72,60,106.5,53.5,19.091883092036785,15.71950844713426,Right Foot,Open Play,Off T,0,0.061607737,0.037044929134229194,0.007365800392256124
Sherida Spitse,Netherlands Women's,69205,72,62,87.0,45.5,33.455193916640205,12.321995399538832,Right Foot,Free Kick,Post,0,0.025133949,0.024900739578668743,0.07312001109110645
Vivianne Miedema,Netherlands Women's,69205,72,69,107.5,38.3,12.615070352558483,32.121071839346726,Head,Open Play,Goal,1,0.103956915,0.06410660470978723,0.27742182777958146
Lieke Martens,Netherlands Women's,69205,72,78,110.5,34.1,11.183022847155414,31.912954000865412,Head,Open Play,Off T,0,0.058606334,0.04990789017060069,3.601988926098501e-05
Stephanie van der Gragt,Netherlands Women's,69205,72,79,112.6,36.9,8.02309167341369,46.73976969570285,Head,Open Play,Goal,1,0.07905922,0.09872072482689229,0.41795530187883984
Vivianne Miedema,Netherlands Women's,69205,72,80,102.5,49.9,20.106217943710845,18.145788226244537,Right Foot,Open Play,Saved,0,0.09210826,0.0350901898060652,0.001516714785520394
Daniela Sabatino,Italy Women's,69205,72,82,114.6,50.5,11.80720119249266,17.41551636579305,Right Foot,Open Play,Saved,0,0.18730998,0.12447895978842691,0.0002962710314463481
Lieke Martens,Netherlands Women's,69205,72,83,107.8,28.2,16.9729196074217,18.010117413997307,Right Foot,Open Play,Off T,0,0.03679344,0.07370344669877486,0.005427716516144029
Daniela Sabatino,Italy Women's,69205,72,94,100.7,34.8,19.988246546408213,20.096188746838447,Right Foot,Open Play,Blocked,0,0.030999769,0.05590913867066797,0.0004668872808947617
Patricia Guijarro Gutiérrez,Spain Women's,69161,72,0,102.8,30.1,19.845654436173177,18.310959422375664,Left Foot,Open Play,Blocked,0,0.06753249,0.07104217765714504,0.0009977364334015125
Megan Anna Rapinoe,United States Women's,69161,72,6,108.1,40.1,11.900420160649796,34.18984690946256,Right Foot,Penalty,Goal,1,0.7835,0.76,0.76
Jennifer Hermoso Fuentes,Spain Women's,69161,72,8,97.1,39.7,22.901964981197583,18.15804885775031,Right Foot,Open Play,Goal,1,0.07677277,0.038763367407652134,0.22952002574240696
Megan Anna Rapinoe,United States Women's,69161,72,12,113.6,30.0,11.872657663724667,20.16574921231093,Left Foot,Open Play,Saved Off Target,0,0.12806523,0.16720573423120572,0.002524185458711205
Julie Beth Ertz,United States Women's,69161,72,13,118.3,31.2,8.962700485902674,10.531810416158597,Right Foot,Open Play,Off T,0,0.024473934,0.14246482061089724,0.007413109987839431
Megan Anna Rapinoe,United States Women's,69161,72,16,114.7,42.1,5.700877125495688,63.7828797508456,Right Foot,Open Play,Blocked,0,0.27360305,0.4780872657320545,0.5016469437830379
Julie Beth Ertz,United States Women's,69161,72,24,108.7,40.0,11.299999999999997,35.89363535326083,Right Foot,Open Play,Off T,0,0.05902031,0.19305944100944297,0.0404552418873101
Megan Anna Rapinoe,United States Women's,69161,72,34,94.0,28.4,28.47033543883879,13.427790964060566,Right Foot,Open Play,Off T,0,0.023386901,0.018510376628677473,8.339197275996365e-05
Samantha June Mewis,United States Women's,69161,72,35,89.5,40.9,30.513275799232044,13.673920601550671,Left Foot,Open Play,Off T,0,0.02772784,0.019529199706435584,2.254315398768263e-05
Lucía García Córdoba,Spain Women's,69161,72,52,100.3,52.5,23.331095130747723,15.194934869574082,Right Foot,Open Play,Blocked,0,0.02189227,0.034413648611889974,2.3386020038973606e-05
Rosemary Kathleen Lavelle,United States Women's,69161,72,59,96.3,36.2,24.00270818053663,17.133878134548098,Left Foot,Open Play,Off T,0,0.038349546,0.043969152562639766,0.0014773136164835563
Samantha June Mewis,United States Women's,69161,72,64,98.5,24.3,26.622171211229183,12.753106069415745,Right Foot,Open Play,Off T,0,0.025679277,0.022431228643171666,0.00022287783482473472
Lucía García Córdoba,Spain Women's,69161,72,64,102.9,54.6,22.48488381112964,14.2692048043972,Right Foot,Open Play,Off T,0,0.037895955,0.02447879992168544,0.004731411515980607
Megan Anna Rapinoe,United States Women's,69161,72,75,108.0,40.0,12.0,33.92341177306582,Right Foot,Penalty,Goal,1,0.7835,0.76,0.76
Megan Anna Rapinoe,United States Women's,69161,72,78,109.9,18.3,23.93532953606446,7.527362488182776,Right Foot,Open Play,Off T,0,0.006940462,0.017621142792276816,6.551370828196015e-05
